name,ck_oo_numberOfPrivateMethods,LDHH_lcom,LDHH_fanIn,WCHU_numberOfPublicAttributes,WCHU_numberOfAttributes,CvsWEntropy,LDHH_numberOfPublicMethods,WCHU_fanIn,LDHH_numberOfPrivateAttributes,CvsEntropy,LDHH_numberOfPublicAttributes,WCHU_numberOfPrivateMethods,WCHU_numberOfMethods,ck_oo_numberOfPublicAttributes,ck_oo_noc,ck_oo_wmc,LDHH_numberOfPrivateMethods,WCHU_numberOfPrivateAttributes,CvsLogEntropy,WCHU_noc,LDHH_numberOfAttributesInherited,WCHU_wmc,ck_oo_fanOut,ck_oo_numberOfLinesOfCode,ck_oo_numberOfAttributesInherited,ck_oo_numberOfMethods,ck_oo_dit,ck_oo_fanIn,LDHH_noc,WCHU_dit,ck_oo_lcom,WCHU_numberOfAttributesInherited,ck_oo_rfc,LDHH_wmc,LDHH_numberOfAttributes,LDHH_numberOfLinesOfCode,WCHU_fanOut,WCHU_lcom,ck_oo_cbo,WCHU_rfc,ck_oo_numberOfAttributes,ck_oo_numberOfPrivateAttributes,WCHU_numberOfPublicMethods,LDHH_dit,WCHU_cbo,CvsLinEntropy,WCHU_numberOfMethodsInherited,LDHH_fanOut,LDHH_numberOfMethodsInherited,LDHH_rfc,ck_oo_numberOfMethodsInherited,ck_oo_numberOfPublicMethods,LDHH_cbo,WCHU_numberOfLinesOfCode,CvsExpEntropy,LDHH_numberOfMethods
org.eclipse.jdt.core.BindingKey,0,0.056318,0,0,0,0.037637,0.072321,0,0,8.177617,0,0,5.09,0,0,13,0,0,2.946597,0,0,5.09,4,80,0,12,1,4,0,0,24,0,28,0.071919,0,0.067282,1.01,6.7,8,5.19,1,1,5.09,0,1.01,0.530389,0,0.0112,0,0.071428,0,12,0.011247,6.57,0.293898,0.071722
org.eclipse.jdt.core.BufferChangedEvent,0,0,0,0,0,0.003054,0,0,0,3.480503,0,0,0,0,0,5,0,0,2.00575,0,0,0,1,24,0,4,2,3,0,0,6,0,6,0,0,0,0,0,4,0,4,4,0,0,0,0.548501,0,0,0,0,0,4,0,0,0.316807,0
org.eclipse.jdt.core.CheckDebugAttributes,1,0,0,0,0,0.005,0,0,0,4.076315,0,0,0,0,0,5,0,0,2.116014,0,0,0,7,54,0,4,2,0,0,0,2,0,20,0,0,0.103581,0,0,7,1.01,2,2,0,0,0,0.542864,0,0,0,0.149362,0,3,0,1.03,0.303326,0
org.eclipse.jdt.core.ClasspathContainerInitializer,0,0.023389,0,1.02,1.02,0.017219,0.042851,0,0,3.850135,0.028557,0,2.04,2,1,10,0,0,0.971208,0,0,2.04,3,46,0,9,1,4,0,0,30,0,15,0.043051,0.028848,0.035686,1.01,2.2,6,2.06,2,0,2.04,0,0,0.074761,0,0.029519,0,0.042745,0,9,0,2.26,0,0.042976
org.eclipse.jdt.core.ClasspathVariableInitializer,0,0,0,0,0,0.001763,0,0,0,2.221467,0,0,0,0,0,2,0,0,0.530096,0,0,0,0,5,0,1,1,1,0,0,0,0,2,0,0,0,0,0,1,0,0,0,0,0,0,0.034018,0,0,0,0,0,1,0,0,0,0
org.eclipse.jdt.core.CompletionContext,0,0.108746,0,2.05,2.05,0.032538,0.147259,0,0,5.811454,0.133611,0,3.13,5,0,16,0,0,3.012852,0,0.476519,3.13,4,117,11,15,2,2,0,0,105,4.09,25,0.139516,0.132307,0.112318,2.03,4.04,6,3.22,5,0,3.13,0,2.03,0.793824,4.09,0.114955,0.462997,0.124803,11,15,0.12538,4.09,0.376617,0.139141
org.eclipse.jdt.core.CompletionFlags,0,0,0,0,0,0.023108,0,0,0,0.520162,0,0,0,2,0,2,0,0,0.142986,0,0,0,0,9,0,1,1,2,0,0,0,0,2,0,0,0,0,0,2,0,2,0,0,0,0,0.013688,0,0,0,0,0,1,0,0,0,0
org.eclipse.jdt.core.CompletionProposal,0,0.136355,0,4.13,6.22,0.226843,0.142167,0,0.107242,10.774308,0.103458,0,7.16,25,0,40,0,4.07,3.901429,0,0.023097,7.16,5,386,20,39,2,3,0,0,645,3.03,57,0.142864,0.132139,0.183264,2.02,13.64,8,8.23,49,22,7.16,0,2.02,0.717944,3.03,0.039136,0.023943,0.15374,17,39,0.038599,13.07,0.316807,0.142913
org.eclipse.jdt.core.CompletionRequestor,0,0.115939,0.013887,0,3.03,0.042385,0.168755,1.01,0.169513,6.61923,0,0,4.07,0,1,15,0,3.03,2.782688,0,0,5.08,3,81,0,13,1,14,0,0,70,0,16,0.216894,0.161596,0.172499,1.01,4.57,17,5.08,4,4,4.07,0,2.02,0.593445,0,0.0112,0,0.203203,0,13,0.024979,5.51,0.294475,0.160492
org.eclipse.jdt.core.CompletionRequestorAdapter,0,0,0,0,0,0.001763,0,0,0,2.221467,0,0,0,0,0,15,0,0,0.530096,0,0,0,2,127,0,14,1,0,0,0,91,0,15,0,0,0,0,0,2,0,0,0,0,0,0,0.034018,0,0,0,0,0,14,0,0,0,0
org.eclipse.jdt.core.CorrectionEngine,2,0.018164,0,0,0,0.009104,0.027063,0,0,4.801076,0,0,2.02,0,0,8,0,0,2.30032,0,0,2.02,19,146,0,7,1,0,0,0,19,0,37,0.026247,0,0.034349,2.03,2.11,19,4.09,13,0,2.02,0,2.03,0.563131,0,0.0232,0,0.047655,0,5,0.020933,3.18,0.316807,0.026247
org.eclipse.jdt.core.ElementChangedEvent,0,0,0,0,0,0.002949,0,0,0,3.480503,0,0,0,3,0,3,0,0,2.00575,0,0,0,1,17,0,2,2,4,0,0,1,0,4,0,0,0,0,0,5,0,5,2,0,0,0,0.548501,0,0,0,0,0,2,0,0,0.316807,0
org.eclipse.jdt.core.Flags,0,0.010374,0.100612,0,0,0.006029,0.014582,7.09,0,3.636648,0,0,1.02,20,0,22,0,0,2.035303,0,0,1.02,1,114,0,21,1,28,0,0,204,0,27,0.015035,0,0.01245,0,1.33,29,1.02,20,0,1.02,0,7.09,0.548719,0,0,0,0.014773,0,21,0.099662,1.06,0.316807,0.014978
org.eclipse.jdt.core.IAccessRule,0,0.007172,0.012288,1.01,1.01,0.011947,0.014335,1.01,0,5.538981,0.014723,0,1.01,4,0,3,0,0,2.305912,0,0,1.01,0,9,0,3,0,8,0,0,3,0,3,0.01435,0.014376,0.010283,0,1.02,8,1.01,4,0,1.01,0,1.01,0.482712,0,0,0,0.014619,0,3,0.011677,1.02,0.293898,0.014177
org.eclipse.jdt.core.IAnnotatable,0,0,0.226929,0,0,0.005976,0,2.03,0,0.609567,0,0,0,0,0,2,0,0,0.215106,0,0,0,2,4,0,2,0,10,0,0,1,0,2,0,0,0,0,0,12,0,0,0,0,0,2.03,0.035857,0,0,0,0,0,2,0.219024,0,0,0
org.eclipse.jdt.core.IAnnotation,0,0,0.343754,0,0,0.011952,0,3.07,0,0.609567,0,0,0,0,0,4,0,0,0.215106,0,0,0,5,6,0,4,0,21,0,0,6,0,4,0,0,0,0,0,26,0,0,0,0,0,3.07,0.035857,0,0,0,0,0,4,0.332373,0,0,0
org.eclipse.jdt.core.IBuffer,0,0,0.573561,0,0,0.004564,0,9.13,0,3.652759,0,0,0,0,0,20,0,0,1.978362,0,0,0,3,22,0,20,0,29,0,0,190,0,20,0,0,0,0,0,31,0,0,0,0,0,9.13,0.512516,0,0,0,0,0,20,0.569021,0,0.294474,0
org.eclipse.jdt.core.IBufferChangedListener,0,0,0.013887,0,0,0.001763,0,1.01,0,2.221467,0,0,0,0,0,1,0,0,0.530096,0,0,0,1,3,0,1,0,6,0,0,0,0,1,0,0,0,0,0,7,0,0,0,0,0,1.01,0.034018,0,0,0,0,0,1,0.013732,0,0,0
org.eclipse.jdt.core.IBufferFactory,0,0,0.013887,0,0,0.001932,0,1.01,0,2.73075,0,0,0,0,0,1,0,0,0.663875,0,0,0,2,3,0,1,0,8,0,0,0,0,1,0,0,0,0,0,10,0,0,0,0,0,1.01,0.045335,0,0,0,0,0,1,0.013732,0,0,0
org.eclipse.jdt.core.IClassFile,0,0.036865,0.531112,0,0,0.022108,0.057257,9.1,0,7.46725,0,0,3.04,0,0,6,0,0,3.067848,0,0,3.04,8,8,0,6,0,36,0,0,15,0,6,0.056654,0,0.045873,2.04,3.22,44,3.04,0,0,3.04,0,10.14,0.64332,0,0.03719,0,0.058764,0,6,0.548799,3.04,0.316807,0.056654
org.eclipse.jdt.core.IClasspathAttribute,0,0,0.043235,2.02,2.02,0.009477,0,3.03,0,5.793274,0.025176,0,0,2,0,2,0,0,2.545708,0,0,0,0,6,0,2,0,8,0,0,1,0,2,0,0.025129,0.020079,0,0,8,0,2,0,0,0,3.03,0.580636,0,0,0,0,0,2,0.04218,2.02,0.316807,0
org.eclipse.jdt.core.IClasspathContainer,0,0,0.070175,0,0,0.001763,0,3.03,0,2.221467,0,0,0,3,0,4,0,0,0.530096,0,0,0,1,9,0,4,0,13,0,0,6,0,4,0,0,0,0,0,14,0,3,0,0,0,3.03,0.034018,0,0,0,0,0,4,0.069588,0,0,0
org.eclipse.jdt.core.IClasspathEntry,0,0.031508,0.294519,0,0,0.038053,0.043083,5.11,0,8.482793,0,0,4.09,5,0,13,0,0,3.443842,0,0,4.09,2,20,0,13,0,45,0,0,78,0,13,0.043666,0,0.038686,2.02,5.17,47,4.09,5,0,4.09,0,7.13,0.729536,0,0.022077,0,0.042537,0,13,0.31955,4.09,0.317384,0.043584
org.eclipse.jdt.core.ICodeAssist,0,0,0.018084,0,0,0.004713,0,1.01,0,5.072972,0,0,0,0,0,7,0,0,2.379513,0,0,0,6,14,0,7,0,2,0,0,21,0,7,0,0,0,0,0,8,0,0,0,0,0,1.01,0.571264,0,0,0,0,0,7,0.021418,0,0.316807,0
org.eclipse.jdt.core.ICodeCompletionRequestor,0,0,0.013887,0,0,0.001763,0,1.01,0,2.221467,0,0,0,0,0,11,0,0,0.530096,0,0,0,0,60,0,11,0,5,0,0,55,0,11,0,0,0,0,0,5,0,0,0,0,0,1.01,0.034018,0,0,0,0,0,11,0.013732,0,0,0
org.eclipse.jdt.core.ICodeFormatter,0,0,0,0,0,0.001932,0,0,0,2.73075,0,0,0,0,0,1,0,0,0.663875,0,0,0,0,3,0,1,0,2,0,0,0,0,1,0,0,0,0,0,2,0,0,0,0,0,0,0.045335,0,0,0,0,0,1,0,0,0,0
org.eclipse.jdt.core.ICompilationUnit,0,0.131089,0.448898,1.03,1.03,0.028911,0.18678,16.24,0,7.903716,0.028557,0,4.06,4,0,29,0,0,3.251642,0,0,4.06,12,35,0,29,0,91,0,0,406,0,29,0.179051,0.028848,0.138596,1.03,5.61,100,4.06,4,0,4.06,0,16.26,0.697517,0,0.023945,0,0.160914,0,29,0.44045,4.09,0.317383,0.178462
org.eclipse.jdt.core.ICompletionRequestor,0,0,0.013887,0,0,0.001763,0,1.01,0,2.221467,0,0,0,0,0,14,0,0,0.530096,0,0,0,1,101,0,14,0,11,0,0,91,0,14,0,0,0,0,0,12,0,0,0,0,0,1.01,0.034018,0,0,0,0,0,14,0.013732,0,0,0
org.eclipse.jdt.core.ICorrectionRequestor,0,0,0,0,0,0.001763,0,0,0,2.221467,0,0,0,0,0,6,0,0,0.530096,0,0,0,0,51,0,6,0,1,0,0,15,0,6,0,0,0,0,0,1,0,0,0,0,0,0,0.034018,0,0,0,0,0,6,0,0,0,0
org.eclipse.jdt.core.IElementChangedListener,0,0,0,0,0,0.001763,0,0,0,2.221467,0,0,0,0,0,1,0,0,0.530096,0,0,0,1,3,0,1,0,4,0,0,0,0,1,0,0,0,0,0,5,0,0,0,0,0,0,0.034018,0,0,0,0,0,1,0,0,0,0
org.eclipse.jdt.core.IField,0,0.01619,0.517821,0,0,0.005637,0.022452,4.04,0,4.043422,0,0,2.03,0,0,6,0,0,2.178065,0,0,2.03,3,8,0,6,0,27,0,0,15,0,6,0.022253,0,0.01913,1.01,2.12,30,2.03,0,0,2.03,0,5.05,0.575416,0,0.049743,0,0.02097,0,6,0.567015,2.03,0.316807,0.022253
org.eclipse.jdt.core.IImportContainer,0,0,0.130712,0,0,0.003265,0,2.02,0,3.480503,0,0,0,0,0,1,0,0,2.00575,0,0,0,4,3,0,1,0,7,0,0,0,0,1,0,0,0,0,0,11,0,0,0,0,0,2.02,0.548501,0,0,0,0,0,1,0.127082,0,0.316807,0
org.eclipse.jdt.core.IImportDeclaration,0,0,0.164309,0,0,0.003265,0,4.04,0,3.480503,0,0,0,0,0,3,0,0,2.00575,0,0,0,4,5,0,3,0,17,0,0,3,0,3,0,0,0,0,0,21,0,0,0,0,0,4.04,0.548501,0,0,0,0,0,3,0.160581,0,0.316807,0
org.eclipse.jdt.core.IInitializer,0,0,0.127037,0,0,0.003265,0,2.03,0,3.480503,0,0,0,0,0,0,0,0,2.00575,0,0,0,1,2,0,0,0,17,0,0,0,0,0,0,0,0,0,0,18,0,0,0,0,0,2.03,0.548501,0,0,0,0,0,0,0.123677,0,0.316807,0
org.eclipse.jdt.core.IJarEntryResource,0,0.020317,0.116826,0,0,0.009667,0.029293,1.02,0,1.645378,0,0,1.02,0,0,5,0,0,0.48125,0,0,1.02,1,7,0,5,0,6,0,0,10,0,5,0.028861,0,0.019778,1.01,1.07,7,1.02,0,0,1.02,0,2.03,0.054116,0,0.029519,0,0.024042,0,5,0.143118,1.02,0,0.028861
org.eclipse.jdt.core.IJavaElement,0,0.031711,1.083774,1.01,1.01,0.024816,0.042688,27.45,0,8.660989,0.057301,0,3.03,16,0,18,0,0,3.54459,0,0,3.03,4,36,0,18,0,217,0,0,153,0,18,0.042636,0.055308,0.074534,0,3.53,219,3.03,16,0,3.03,0,27.45,0.749376,0,0,0,0.040331,0,18,1.073693,4.04,0.317384,0.042611
org.eclipse.jdt.core.IJavaElementDelta,0,0.051975,0.031546,4.04,4.04,0.023761,0.06161,2.02,0,6.753882,0.127557,0,2.02,26,0,12,0,0,2.950443,0,0,2.02,2,40,0,12,0,27,0,0,66,0,12,0.062431,0.126284,0.107973,1.01,2.21,29,2.02,26,0,2.02,0,3.03,0.657975,0,0.013245,0,0.062625,0,12,0.044412,4.06,0.316807,0.062454
org.eclipse.jdt.core.IJavaModel,0,0,0.056202,0,0,0.00316,0,4.04,0,3.480503,0,0,0,0,0,10,0,0,2.00575,0,0,0,5,12,0,10,0,23,0,0,45,0,10,0,0,0,0,0,27,0,0,0,0,0,4.04,0.548501,0,0,0,0,0,10,0.054916,0,0.316807,0
org.eclipse.jdt.core.IJavaModelMarker,0,0,0.038591,1.01,1.01,0.008919,0,2.03,0,3.918805,0.014723,0,0,10,0,0,0,0,2.100567,0,0,0,1,13,0,0,0,8,0,0,0,0,0,0,0.014376,0.010283,0,0,9,0,10,0,0,0,2.03,0.55244,0,0,0,0,0,0,0.038509,1.02,0.316807,0
org.eclipse.jdt.core.IJavaModelStatus,0,0,0.083116,0,0,0.003329,0,3.05,0,3.989787,0,0,0,0,0,4,0,0,2.139529,0,0,0,1,6,0,4,0,36,0,0,6,0,4,0,0,0,0,0,37,0,0,0,0,0,3.05,0.559819,0,0,0,0,0,4,0.082099,0,0.316807,0
org.eclipse.jdt.core.IJavaModelStatusConstants,0,0,0.046934,3.04,3.04,0.006725,0,3.05,0,5.96893,0.159089,0,0,45,0,0,0,0,2.773596,0,0,0,0,47,0,0,0,49,0,0,0,0,0,0,0.15826,0.120524,0,0,49,0,45,0,0,0,3.05,0.66222,0,0,0,0,0,0,0.046255,3.04,0.317383,0
org.eclipse.jdt.core.IJavaProject,0,0.082845,0.400909,0,0,0.055436,0.099209,17.43,0,9.999346,0,0,4.09,0,0,48,0,0,4.125965,0,0,4.09,12,66,0,48,0,101,0,0,1128,0,48,0.084902,0,0.082285,0,7.87,110,4.09,0,0,4.09,0,17.43,0.892059,0,0,0,0.085804,0,48,0.400402,4.09,0.326813,0.084323
org.eclipse.jdt.core.ILocalVariable,0,0,0,0,0,0.003438,0,0,0,4.09007,0,0,0,0,0,3,0,0,2.220856,0,0,0,4,5,0,3,0,1,0,0,3,0,3,0,0,0,1.01,0,5,0,0,0,0,0,1.01,0.584358,0,0.049743,0,0,0,3,0.053205,0,0.316807,0
org.eclipse.jdt.core.IMember,0,0.035889,0.178245,0,0,0.007485,0.051725,6.09,0,5.676636,0,0,3.04,0,0,11,0,0,2.547476,0,0,3.04,10,13,0,11,0,51,0,0,55,0,11,0.051134,0,0.040809,1.01,3.34,60,3.04,0,0,3.04,0,7.1,0.587153,0,0.023945,0,0.047114,0,11,0.194869,3.04,0.316807,0.051277
org.eclipse.jdt.core.IMemberValuePair,0,0,0.18135,1.01,1.01,0.02853,0,2.05,0,1.810354,0.038979,0,0,14,0,3,0,0,0.678396,0,0,0,0,19,0,3,0,14,0,0,3,0,3,0,0.047918,0.049518,0,0,14,0,14,0,0,0,2.05,0.126101,0,0,0,0,0,3,0.176961,1.01,0.000033,0
org.eclipse.jdt.core.IMethod,0,0.07333,0.431567,0,0,0.010522,0.090235,6.1,0,7.400804,0,0,3.04,0,0,17,0,0,3.158757,0,0,3.04,5,19,0,17,0,34,0,0,136,0,17,0.075178,0,0.070969,2.02,3.58,39,3.04,0,0,3.04,0,7.12,0.692761,0,0.109651,0,0.07166,0,17,0.486022,3.04,0.316808,0.074503
org.eclipse.jdt.core.IOpenable,0,0.01049,0.702852,0,0,0.003353,0.013807,14.15,0,3.92222,0,0,1.01,0,0,9,0,0,2.102917,0,0,1.01,2,11,0,9,0,47,0,0,36,0,9,0.013681,0,0.012117,0,1.08,48,1.01,0,0,1.01,0,14.15,0.552889,0,0,0,0.012072,0,9,0.705574,1.01,0.316807,0.013715
org.eclipse.jdt.core.IPackageDeclaration,0,0,0.200326,0,0,0.003543,0,4.04,0,4.09007,0,0,0,0,0,1,0,0,2.220856,0,0,0,3,3,0,1,0,11,0,0,0,0,1,0,0,0,1.01,0,14,0,0,0,0,0,4.05,0.584358,0,0.049743,0,0,0,1,0.19356,0,0.316807,0
org.eclipse.jdt.core.IPackageFragment,0,0,0.139525,0,0,0.003411,0,7.09,0,5.112336,0,0,0,1,0,12,0,0,2.458558,0,0,0,8,15,0,12,0,51,0,0,66,0,12,0,0,0,0,0,58,0,1,0,0,0,6.08,0.593319,0,0,0,0,0,12,0.121268,0,0.316807,0
org.eclipse.jdt.core.IPackageFragmentRoot,0,0,0.547881,0,0,0.005483,0,12.16,0,4.954228,0,0,0,8,0,13,0,0,2.696356,0,0,0,6,29,0,13,0,51,0,0,78,0,13,0,0,0,0,0,57,0,8,0,0,0,12.16,0.725027,0,0,0,0,0,13,0.540151,0,0.37604,0
org.eclipse.jdt.core.IParent,0,0,0.096538,0,0,0.003265,0,4.04,0,3.480503,0,0,0,0,0,2,0,0,2.00575,0,0,0,2,4,0,2,0,26,0,0,1,0,2,0,0,0,0,0,28,0,0,0,0,0,4.04,0.548501,0,0,0,0,0,2,0.098433,0,0.316807,0
org.eclipse.jdt.core.IProblemRequestor,0,0,0.055701,0,0,0.002056,0,3.03,0,2.785145,0,0,0,0,0,4,0,0,0.672747,0,0,0,1,6,0,4,0,9,0,0,6,0,4,0,0,0,0,0,10,0,0,0,0,0,3.03,0.044858,0,0,0,0,0,4,0.056524,0,0,0
org.eclipse.jdt.core.IRegion,0,0,0.107702,0,0,0.002949,0,5.1,0,3.480503,0,0,0,0,0,4,0,0,2.00575,0,0,0,1,6,0,4,0,18,0,0,6,0,4,0,0,0,0,0,19,0,0,0,0,0,5.1,0.548501,0,0,0,0,0,4,0.104425,0,0.316807,0
org.eclipse.jdt.core.ISourceManipulation,0,0,0,0,0,0.003265,0,0,0,3.480503,0,0,0,0,0,4,0,0,2.00575,0,0,0,2,6,0,4,0,4,0,0,6,0,4,0,0,0,0,0,6,0,0,0,0,0,0,0.548501,0,0,0,0,0,4,0,0,0.316807,0
org.eclipse.jdt.core.ISourceRange,0,0,0.197362,0,0,0.003265,0,4.06,0,3.480503,0,0,0,0,0,2,0,0,2.00575,0,0,0,0,4,0,2,0,26,0,0,1,0,2,0,0,0,0,0,26,0,0,0,0,0,4.06,0.548501,0,0,0,0,0,2,0.190615,0,0.316807,0
org.eclipse.jdt.core.ISourceReference,0,0,0.216052,0,0,0.007143,0,5.06,0,5.156119,0,0,0,0,0,3,0,0,2.519558,0,0,0,2,5,0,3,0,21,0,0,3,0,3,0,0,0,0,0,23,0,0,0,0,0,5.06,0.615293,0,0,0,0,0,3,0.211941,0,0.316807,0
org.eclipse.jdt.core.IType,0,0.017999,0.306259,0,0,0.019043,0.02499,10.16,0,7.762483,0,0,2.03,0,0,54,0,0,2.28006,0,0,2.03,16,101,0,54,0,96,0,0,1431,0,54,0.024476,0,0.020222,1.01,3.56,107,2.03,0,0,2.03,0,11.17,0.320241,0,0.049743,0,0.022904,0,54,0.357633,2.03,0.02429,0.024483
org.eclipse.jdt.core.ITypeHierarchy,0,0,0.010867,0,0,0.003559,0,1.01,0,4.044181,0,0,0,0,0,24,0,0,2.148401,0,0,0,3,26,0,24,0,10,0,0,276,0,24,0,0,0,0,0,11,0,0,0,0,0,1.01,0.559341,0,0,0,0,0,24,0.010606,0,0.316807,0
org.eclipse.jdt.core.ITypeHierarchyChangedListener,0,0,0,0,0,0.001763,0,0,0,2.221467,0,0,0,0,0,1,0,0,0.530096,0,0,0,1,3,0,1,0,2,0,0,0,0,1,0,0,0,0,0,2,0,0,0,0,0,0,0.034018,0,0,0,0,0,1,0,0,0,0
org.eclipse.jdt.core.ITypeParameter,0,0,0.38952,0,0,0.005282,0,7.09,0,4.117087,0,0,0,0,0,3,0,0,2.22191,0,0,0,5,5,0,3,0,22,0,0,3,0,3,0,0,0,0,0,27,0,0,0,0,0,7.09,0.582006,0,0,0,0,0,3,0.378102,0,0.316807,0
org.eclipse.jdt.core.ITypeRoot,0,0,0.18135,0,0,0.023301,0,2.08,0,1.526707,0,0,0,0,0,3,0,0,0.419435,0,0,0,9,5,0,3,0,22,0,0,3,0,3,0,0,0,0,0,30,0,0,0,0,0,2.08,0.040178,0,0,0,0,0,3,0.176961,0,0,0
org.eclipse.jdt.core.IWorkingCopy,0,0,0,0,0,0.006488,0,0,0,5.26041,0,0,0,0,0,15,0,0,2.526414,0,0,0,5,25,0,15,0,6,0,0,105,0,15,0,0,0,0,0,10,0,0,0,0,0,0,0.608787,0,0,0,0,0,15,0,0,0.316807,0
org.eclipse.jdt.core.JDTCompilerAdapter,3,0.023282,0,0,1.07,0.044187,0,0,0.011446,6.367328,0,2.04,2.05,0,0,7,0.030678,1.07,1.538467,0,0,2.05,6,363,0,6,2,0,0,0,9,0,83,0.030991,0.012643,0.122816,3.06,2.2,6,6.53,10,8,0,0,3.06,0.103139,0,0.042451,0,0.092332,0,1,0.04039,11.9,0,0.031086
org.eclipse.jdt.core.JavaConventions,1,0.031149,0.032626,0,1.01,0.078933,0.030498,2.02,0.012658,9.361305,0,0,2.1,0,0,23,0,1.01,3.58921,0,0,2.1,18,237,0,22,1,11,0,0,229,0,57,0.030674,0.012151,0.158468,6.07,4.67,28,5.16,3,3,2.1,0,8.09,0.729625,0,0.239434,0,0.207692,0,21,0.287003,6.39,0.326235,0.030674
org.eclipse.jdt.core.JavaCore,11,0.3196,0.292921,31.46,33.49,0.975266,0.343975,19.31,0.028201,33.466669,0.90027,4.12,15.45,179,0,90,0.075207,1.01,38.131163,0,0,15.45,59,1316,0,89,2,70,0,0,3892,0,266,0.364477,1.087739,1.176361,14.29,50.73,119,29.77,182,2,14.35,0,26.51,1.578709,0,0.609317,0,0.943686,0,78,0.75373,53.28,0.319682,0.36704
org.eclipse.jdt.core.JavaModelException,0,0,0.812025,0,0,0.003925,0,19.47,0,3.918181,0,0,0,0,0,9,0,0,2.402938,0,0,0,2,71,0,6,2,176,0,0,13,0,29,0,0,0,0,0,177,0,2,1,0,0,19.47,0.694394,0,0,0,0,0,6,0.806388,0,0.37604,0
org.eclipse.jdt.core.NamingConventions,5,0,0,0,0,0.011297,0,0,0,4.431856,0,0,0,0,0,22,0,0,2.229215,0,0,0,7,244,0,21,1,0,0,0,208,0,43,0,0,0.012821,1.01,0,7,0,3,3,0,0,1.01,0.561875,0,0.015794,0,0,0,16,0.014298,1.03,0.316807,0
org.eclipse.jdt.core.Signature,17,0.049704,0.941243,3.04,4.06,0.090045,0.011391,12.17,0.036071,12.670113,0.032748,2.09,2.11,42,0,71,0.020939,2.02,4.191254,0,0,2.11,4,1415,0,70,1,45,0,0,2097,0,112,0.021737,0.056856,0.141195,3.03,12.98,48,5.14,54,12,1.02,0,14.19,0.689864,0,0.050086,0,0.073726,0,53,0.988951,14.22,0.316807,0.021724
org.eclipse.jdt.core.ToolFactory,0,0.047437,0.090282,1.02,1.02,0.103651,0.024201,7.07,0,6.627323,0,0,3.03,2,0,14,0,0,2.931388,0,0,3.03,26,152,0,13,1,7,0,0,76,0,55,0.059707,0,0.072634,2.02,3.31,33,5.13,2,0,3.03,0,9.09,0.673246,0,0.134963,0,0.083307,0,13,0.237836,5.41,0.317383,0.059691
org.eclipse.jdt.core.WorkingCopyOwner,0,0.048276,0.571066,0,0,0.02147,0.073285,6.15,0,7.5454,0,0,4.05,0,2,6,0,0,3.220335,0,0,4.05,16,25,0,5,1,52,0,0,10,0,13,0.072244,0,0.053583,3.11,4.15,61,6.12,0,0,4.05,0,9.21,0.720852,0,0.260118,0,0.241198,0,5,0.841248,4.23,0.326235,0.072207
org.eclipse.jdt.core.compiler.BuildContext,0,0,0,0,0,0.014378,0,0,0,1.801303,0,0,0,0,0,8,0,0,1.607559,0,0,0,3,54,6,7,2,2,0,0,21,0,11,0,0,0,0,0,5,0,0,0,0,0,0,0.523373,0,0,0,0,2,7,0,0,0.316807,0
org.eclipse.jdt.core.compiler.CategorizedProblem,0,0.010374,0.084144,2.02,2.02,0.045004,0.014582,5.58,0,5.46622,0.030818,0,1.02,16,1,5,0,0,2.346554,0,0,1.02,3,26,0,4,1,60,0,0,6,0,5,0.015035,0.028252,0.025271,1.02,1.05,62,1.02,16,0,1.02,0,5.59,0.500545,0,0.016293,0,0.014773,0,4,0.087432,2.08,0.293898,0.014978
org.eclipse.jdt.core.compiler.CharOperation,0,0.1437,1.541647,0,0,0.526066,0.205024,42.77,0,13.411454,0,0,9.14,3,0,68,0,0,3.885661,0,0,9.14,1,1193,0,67,1,268,0,0,2203,0,72,0.202608,0,0.297435,1.01,17.33,269,9.2,3,0,9.14,0,42.78,0.499113,0,0.012789,0,0.196595,0,67,1.519692,18.54,0.023145,0.203175
org.eclipse.jdt.core.compiler.CompilationParticipant,0,0.044343,0.044152,1.02,1.02,0.034767,0.081096,3.04,0,6.355236,0.013148,0,3.06,2,0,9,0,0,1.667682,0,0,3.06,3,23,0,8,1,4,0,0,28,0,9,0.078971,0.013525,0.065827,1.01,3.27,7,3.06,2,0,3.06,0,3.05,0.147367,0,0.013788,0,0.077293,0,8,0.043601,3.16,0,0.078998
org.eclipse.jdt.core.compiler.CompilationProgress,0,0,0,0,0,0.036413,0,0,0,0.557075,0,0,0,0,0,6,0,0,0.28607,0,0,0,0,7,0,5,1,3,0,0,10,0,6,0,0,0,0,0,3,0,0,0,0,0,0,0.079582,0,0,0,0,0,5,0,0,0.001381,0
org.eclipse.jdt.core.compiler.IProblem,0,0,0.223675,31.8,31.8,0.090254,0,11.49,0,22.411517,0.714692,0,0,547,0,12,0,0,7.006007,0,0,0,1,561,0,12,0,45,0,0,66,0,12,0,0.734997,0.626963,0,0,46,0,547,0,0,0,11.49,1.025978,0,0,0,0,0,12,0.221826,31.8,0.317013,0
org.eclipse.jdt.core.compiler.IScanner,0,0,0.011814,0,0,0.007313,0,1.01,0,4.076289,0,0,0,0,0,12,0,0,2.16514,0,0,0,1,14,0,12,0,5,0,0,66,0,12,0,0,0,0,0,6,0,0,0,0,0,1.01,0.562687,0,0,0,0,0,12,0.012031,0,0.316807,0
org.eclipse.jdt.core.compiler.ITerminalSymbols,0,0,0.019245,1.02,1.02,0.006075,0,2.02,0,3.626335,0.010883,0,0,114,0,0,0,0,2.026086,0,0,0,0,116,0,0,0,5,0,0,0,0,0,0,0.010971,0.009334,0,0,5,0,114,0,0,0,2.02,0.547022,0,0,0,0,0,0,0.022324,1.02,0.316807,0
org.eclipse.jdt.core.compiler.InvalidInputException,0,0,0.365778,0,0,0.005473,0,11.14,0,3.904388,0,0,0,0,0,2,0,0,2.105519,0,0,0,0,9,0,0,3,36,0,0,0,0,4,0,0,0,0,0,36,0,1,1,0,0,11.14,0.554557,0,0,0,0,0,0,0.362629,0,0.316807,0
org.eclipse.jdt.core.compiler.ReconcileContext,0,0,0,0,0,0.022905,0.014406,0,0,4.064616,0,0,1.02,0,0,9,0,0,2.193903,0,0,1.02,17,47,0,8,1,2,0,0,0,0,24,0.014206,0,0.030478,3.08,0,18,2.12,2,2,1.02,0,3.08,0.572396,0,0.059407,0,0.03663,0,8,0.054243,2.05,0.316807,0.014342
org.eclipse.jdt.core.compiler.batch.BatchCompiler,0,0,0,0,0,0.037927,0,0,0,1.460086,0,0,0,0,0,3,0,0,0.864335,0,0,0,2,10,0,2,1,0,0,0,1,0,5,0,0,0.140245,0,0,2,0,0,0,0,0,0,0.268429,0,0,0,0,0,2,0,1.02,0.027274,0
org.eclipse.jdt.core.dom.AST,0,0.216757,0.203566,0,2.03,0.094208,0.268584,8.16,0.028201,11.72362,0,0,4.07,2,0,133,0,1.01,4.404122,0,0,4.07,109,902,0,130,1,117,0,0,8079,0,303,0.264943,0.039601,0.283379,1.02,12.68,134,8.17,17,10,3.05,0,9.17,0.863019,0,0.010877,0,0.466909,0,104,0.224959,8.91,0.318423,0.265809
org.eclipse.jdt.core.dom.ASTConverter,5,0,0,0,1.01,0.324731,0.011391,0,0,23.069865,0,0,3.03,0,0,158,0,0,7.297338,0,0,3.03,215,4704,0,157,1,3,0,0,0,0,517,0.049431,0.011411,0.918688,8.12,0,217,12.28,12,1,1.01,0,8.12,1.104544,0,0.140594,0,0.178388,0,84,0.135912,39.66,0.354544,0.049394
org.eclipse.jdt.core.dom.ASTMatcher,1,0,0,0,0,0.005474,0,0,0,3.976258,0,0,0,0,0,89,0,0,0.948639,0,0,0,92,930,0,87,1,84,0,0,3741,0,279,0,0,0.020291,0,0,92,2.02,1,1,0,0,0,0.062598,0,0,0,0.021125,0,86,0,2.09,0,0
org.eclipse.jdt.core.dom.ASTNode,1,0.022094,0.383248,1.01,1.01,0.010269,0.024166,14.38,0,6.947403,0.014723,0,1.01,87,19,61,0,0,2.990261,0,0,1.01,91,707,0,60,1,145,0,0,1504,0,133,0.025241,0.014376,0.023643,0,1.59,147,1.02,102,7,1.01,0,14.38,0.663621,0,0,0,0.025485,0,26,0.374954,2.04,0.316836,0.025269
org.eclipse.jdt.core.dom.ASTParser,5,0.064527,0.090074,0,3.03,0.108401,0.077601,6.1,0.066113,14.168938,0,0,4.04,4,0,24,0,3.03,4.710546,0,0,4.04,58,436,0,23,1,9,0,0,131,0,103,0.076892,0.0671,0.315591,6.12,5.74,66,11.24,19,15,4.04,0,11.22,0.769297,0,0.091885,0,0.359713,0,18,0.161603,15.1,0.316838,0.07672
org.eclipse.jdt.core.dom.ASTRecoveryPropagator,4,0.118358,0,0,1.12,0.05509,0.16252,0,0.012129,4.851949,0,1.03,4.11,0,0,14,0.015265,1.11,2.522699,0,0,4.11,59,372,0,13,3,2,0,0,32,0,52,0.164192,0.014427,0.143411,5.56,4.33,61,4.42,13,12,4.07,0,5.56,0.644422,4.08,0.183208,0.169418,0.157704,161,7,0.179372,7.13,0.316836,0.164072
org.eclipse.jdt.core.dom.ASTRequestor,0,0,0,0,0,0.000532,0,0,0,1.49535,0,0,0,0,0,4,0,0,0.335552,0,0,0,4,20,0,3,1,2,0,0,3,0,5,0,0,0,0,0,5,0,1,0,0,0,0,0.017355,0,0,0,0,0,3,0,0,0,0
org.eclipse.jdt.core.dom.ASTSyntaxErrorPropagator,1,0.01153,0,0,0,0.004328,0.014406,0,0,3.22407,0,0,1.03,0,0,11,0,0,0.750031,0,0,1.03,13,87,0,10,2,2,0,0,45,0,19,0.014206,0,0.019319,2.04,1.24,15,1.03,1,1,1.03,0,2.04,0.044215,1.03,0.030161,0.014591,0.012588,159,9,0.025513,2.2,0,0.014342
org.eclipse.jdt.core.dom.ASTVisitor,0,0,0.106948,0,0,0.008159,0,6.1,0,3.429517,0,0,0,0,6,170,0,0,0.825899,5.07,0,0,84,428,0,168,1,97,0.010797,0,14028,0,170,0,0,0,0,0,97,0,1,1,0,0,6.1,0.05624,0,0,0,0,0,168,0.105665,0,0,0
org.eclipse.jdt.core.dom.AbstractTypeDeclaration,0,0,0.138586,0,0,0.001234,0,5.1,0,2.681035,0,0,0,0,3,16,0,0,0.670615,0,0.015182,0,10,67,97,15,3,16,0,0,103,1.01,28,0,0,0.009796,2.02,0,23,0,2,0,0,0,7.12,0.051812,2.02,0.039339,0.037707,0,72,9,0.172997,1.01,0,0
org.eclipse.jdt.core.dom.Annotation,0,0.010847,0.128435,0,0,0.001551,0.0143,5.1,0,3.32717,0,0,1.01,0,3,13,0,0,0.780405,0,0.015182,1.01,12,56,95,12,3,13,0,0,64,1.01,23,0.01392,0,0.008104,1.02,1.11,21,1.03,1,0,1.01,0,5.11,0.047194,2.04,0.014577,0.037707,0.013486,62,9,0.124285,1.03,0,0.013918
org.eclipse.jdt.core.dom.AnnotationBinding,1,0.213273,0.056951,0,1.01,0.038944,0.029293,2.03,0.055452,5.342979,0,1.01,2.02,0,0,16,0.056561,1.01,2.928296,0,0,2.02,35,190,0,15,1,8,0,0,49,0,60,0.084772,0.055308,0.287542,3.21,4.43,41,5.23,4,3,1.01,0,4.22,0.778057,0,0.212485,0,0.408556,0,14,0.267116,5.8,0.32,0.084795
org.eclipse.jdt.core.dom.AnnotationTypeDeclaration,0,0,0.108351,0,0,0.002204,0,6.06,0,3.389311,0,0,0,4,0,17,0,0,1.962746,0,0.015182,0,14,113,99,16,4,16,0,0,112,1.01,53,0,0,0,0,0,24,0,5,1,0,0,6.06,0.541458,2.02,0,0.037707,0,72,1,0.105217,0,0.316807,0
org.eclipse.jdt.core.dom.AnnotationTypeMemberDeclaration,0,0,0.199263,0,0,0.00237,0,5.06,0,3.389311,0,0,0,5,0,21,0,0,1.962746,0,0.015182,0,16,188,97,20,3,13,0,0,158,1.01,61,0,0,0,0,0,23,0,9,4,0,0,5.06,0.541458,2.02,0,0.037707,0,61,8,0.193288,0,0.316807,0
org.eclipse.jdt.core.dom.AnonymousClassDeclaration,0,0,0.06479,0,0,0.003168,0,4.04,0,4.115429,0,0,0,1,0,12,0,0,2.15729,0,0.015182,0,9,62,95,11,2,16,0,0,47,1.01,32,0,0,0,0,0,20,0,3,2,0,0,4.04,0.558121,1.01,0,0.026284,0,51,3,0.063736,0,0.316807,0
org.eclipse.jdt.core.dom.ArrayAccess,0,0,0.065625,0,0,0.003168,0,4.04,0,4.115429,0,0,0,2,0,14,0,0,2.15729,0,0.015182,0,8,116,95,13,3,10,0,0,58,1.01,36,0,0,0,0,0,14,0,5,3,0,0,4.04,0.558121,2.04,0,0.037707,0,55,5,0.063972,0,0.316807,0
org.eclipse.jdt.core.dom.ArrayCreation,0,0,0.065625,0,0,0.003755,0,4.04,0,4.679106,0,0,0,3,0,16,0,0,2.299942,0,0.015182,0,12,123,95,15,3,10,0,0,79,1.01,48,0,0,0,0,0,18,0,7,4,0,0,4.04,0.568961,2.04,0,0.037707,0,54,6,0.063972,0,0.316807,0
org.eclipse.jdt.core.dom.ArrayInitializer,0,0,0.065625,0,0,0.003168,0,4.04,0,4.115429,0,0,0,1,0,11,0,0,2.15729,0,0.015182,0,7,56,95,10,3,11,0,0,37,1.01,29,0,0,0,0,0,14,0,3,2,0,0,4.04,0.558121,2.04,0,0.037707,0,55,2,0.063972,0,0.316807,0
org.eclipse.jdt.core.dom.ArrayType,0,0,0.098921,0,0,0.003168,0,5.05,0,4.115429,0,0,0,1,0,14,0,0,2.15729,0,0.015182,0,8,96,95,13,3,17,0,0,68,1.01,37,0,0,0,0,0,20,0,3,2,0,0,5.05,0.558121,1.01,0,0.026284,0,58,5,0.0977,0,0.316807,0
org.eclipse.jdt.core.dom.AssertStatement,0,0,0.054579,0,0,0.003168,0,3.03,0,4.115429,0,0,0,2,0,14,0,0,2.15729,0,0.015182,0,9,107,95,13,3,10,0,0,60,1.01,38,0,0,0,0,0,15,0,5,3,0,0,3.03,0.558121,1.01,0,0.026284,0,54,5,0.053408,0,0.316807,0
org.eclipse.jdt.core.dom.Assignment,0,0,0.068512,0,0,0.003168,0,4.04,0,4.115429,0,0,0,3,0,17,0,0,2.15729,0,0.015182,0,9,143,95,16,3,10,0,0,96,1.01,43,0,0,0,0,0,15,0,7,4,0,0,4.04,0.558121,2.04,0,0.037707,0,54,7,0.06712,0,0.316807,0
org.eclipse.jdt.core.dom.BindingComparator,0,0,0,0,0,0.13844,0,0,0,9.352648,0,0,0,0,0,11,0,0,3.183249,0,0,0,15,234,0,10,1,3,0,0,45,0,33,0,0,0.138469,2.03,0,18,6.1,0,0,0,0,2.03,0.536339,0,0.020898,0,0.104905,0,0,0.021781,10.61,0.293898,0
org.eclipse.jdt.core.dom.BindingResolver,0,0.10564,0.058835,0,0,0.07849,0.033333,3.08,0,7.547391,0,0,8.16,0,1,53,0,0,2.963755,0,0,8.16,45,157,0,52,1,40,0,0,1326,0,53,0.147054,0,0.124308,4.08,14.96,59,8.16,0,0,1.01,0,4.13,0.586646,0,0.085183,0,0.143414,0,2,0.088632,8.48,0.294104,0.147037
org.eclipse.jdt.core.dom.Block,0,0,0.06414,0,0,0.003168,0,4.07,0,4.115429,0,0,0,1,0,11,0,0,2.15729,0,0.015182,0,7,58,95,10,3,25,0,0,37,1.01,31,0,0,0,0,0,28,0,3,2,0,0,4.07,0.558121,1.01,0,0.026284,0,54,2,0.064047,0,0.316807,0
org.eclipse.jdt.core.dom.BlockComment,0,0,0.040086,0,0,0.003168,0,2.02,0,4.115429,0,0,0,0,0,9,0,0,2.15729,0,0.015182,0,5,38,95,8,3,9,0,0,28,1.01,20,0,0,0,0,0,9,0,1,1,0,0,2.02,0.558121,1.01,0,0.026284,0,57,1,0.039767,0,0.316807,0
org.eclipse.jdt.core.dom.BodyDeclaration,0,0.007698,0.040086,0,0,0.001064,0,2.02,0,1.49535,0,0,1.01,0,6,16,0,0,0.335552,0,0.015182,1.01,8,74,95,15,2,14,0,0,97,1.01,32,0.011239,0,0.009796,0,1.14,22,1.01,3,1,0,0,2.02,0.017355,1.01,0,0.026284,0.010568,58,7,0.039767,1.03,0,0.011239
org.eclipse.jdt.core.dom.BooleanLiteral,0,0,0.065625,0,0,0.003168,0,4.04,0,4.115429,0,0,0,1,0,12,0,0,2.15729,0,0.015182,0,7,62,95,11,3,10,0,0,51,1.01,27,0,0,0,0,0,13,0,3,2,0,0,4.04,0.558121,2.04,0,0.037707,0,55,3,0.063972,0,0.316807,0
org.eclipse.jdt.core.dom.BreakStatement,0,0,0.054579,0,0,0.003168,0,3.03,0,4.115429,0,0,0,1,0,12,0,0,2.15729,0,0.015182,0,8,69,95,11,3,10,0,0,47,1.01,32,0,0,0,0,0,14,0,3,2,0,0,3.03,0.558121,1.01,0,0.026284,0,54,3,0.053408,0,0.316807,0
org.eclipse.jdt.core.dom.CastExpression,0,0,0.051132,0,0,0.003168,0,3.03,0,4.115429,0,0,0,2,0,14,0,0,2.15729,0,0.015182,0,10,116,95,13,3,9,0,0,58,1.01,37,0,0,0,0,0,15,0,5,3,0,0,3.03,0.558121,2.04,0,0.037707,0,55,5,0.050332,0,0.316807,0
org.eclipse.jdt.core.dom.CatchClause,0,0,0.040086,0,0,0.003168,0,2.02,0,4.115429,0,0,0,2,0,14,0,0,2.15729,0,0.015182,0,8,117,95,13,2,10,0,0,58,1.01,39,0,0,0,0,0,14,0,5,3,0,0,2.02,0.558121,1.01,0,0.026284,0,51,5,0.039767,0,0.316807,0
org.eclipse.jdt.core.dom.CharacterLiteral,0,0.01371,0.065625,0,0,0.026123,0,4.04,0,6.240042,0,0,1.01,1,0,15,0,0,2.669,0,0.015182,1.01,11,227,95,14,3,10,0,0,67,1.01,44,0.01075,0,0.040918,1.01,2.09,17,1.01,3,2,0,0,5.05,0.59454,2.04,0.015794,0.037707,0.010996,55,5,0.07827,4.16,0.316807,0.010706
org.eclipse.jdt.core.dom.ChildListPropertyDescriptor,0,0,0.019772,0,0,0.00296,0,2.04,0,3.480503,0,0,0,0,0,3,0,0,2.00575,0,0,0,1,18,0,2,2,43,0,0,1,0,5,0,0,0,0,0,43,0,2,0,0,0,2.04,0.548501,0,0,0,0,6,2,0.020968,0,0.316807,0
org.eclipse.jdt.core.dom.ChildPropertyDescriptor,0,0,0.010211,0,0,0.002843,0,1.02,0,3.480503,0,0,0,0,0,4,0,0,2.00575,0,0,0,2,23,0,3,2,76,0,0,3,0,7,0,0,0,0,0,76,0,3,2,0,0,1.02,0.548501,0,0,0,0,6,3,0.010328,0,0.316807,0
org.eclipse.jdt.core.dom.ClassInstanceCreation,0,0.007698,0.06479,0,0,0.003886,0.023083,4.04,0,3.942328,0,0,1.02,6,0,24,0,0,2.088237,0,0.015182,1.02,15,235,95,23,3,13,0,0,205,1.01,60,0.011239,0,0.009796,0,1.43,23,1.02,14,8,2.02,0,4.04,0.548202,2.04,0,0.037707,0.010568,54,12,0.063736,1.06,0.316807,0.011239
org.eclipse.jdt.core.dom.Comment,0,0,0.040086,0,0,0.001763,0,2.02,0,2.221467,0,0,0,0,3,7,0,0,0.530096,0,0.015182,0,5,25,95,6,2,6,0,0,13,1.01,9,0,0,0,0,0,8,0,1,1,0,0,2.02,0.034018,1.01,0,0.026284,0,58,5,0.039767,0,0,0
org.eclipse.jdt.core.dom.CompilationUnit,0,0.052934,0.201576,0,1.01,0.099468,0.077257,10.27,0.00905,10.659951,0,0,5.1,3,0,38,0,1.01,3.713595,0,0.015182,5.1,20,334,95,37,2,43,0,0,572,1.01,88,0.076426,0.010281,0.069897,4.05,7.94,57,5.14,16,12,5.09,0,13.32,0.657723,1.01,0.061153,0.026284,0.071945,50,22,0.24258,6.94,0.316807,0.076434
org.eclipse.jdt.core.dom.CompilationUnitResolver,5,0.04368,0.010211,0,2.02,0.096007,0.021167,1.01,0.012195,14.79021,0,2.02,4.05,0,0,25,0.018828,1.01,4.934099,0,0.512353,4.05,70,625,17,24,2,2,0,0,260,6.07,139,0.049147,0.02179,0.338989,6.1,5.97,71,11.42,5,1,2.02,0,6.1,0.819999,5.07,0.116297,0.282474,0.186271,12,12,0.117611,17.71,0.316837,0.049172
org.eclipse.jdt.core.dom.ConditionalExpression,0,0,0.051132,0,0,0.003168,0,3.03,0,4.115429,0,0,0,3,0,16,0,0,2.15729,0,0.015182,0,8,154,95,15,3,9,0,0,75,1.01,38,0,0,0,0,0,13,0,7,4,0,0,3.03,0.558121,2.04,0,0.037707,0,55,7,0.050332,0,0.316807,0
org.eclipse.jdt.core.dom.ConstructorInvocation,0,0,0.054579,0,0,0.00247,0,3.03,0,3.389311,0,0,0,2,0,13,0,0,1.962746,0,0.015182,0,11,94,95,12,3,12,0,0,54,1.01,35,0,0,0,0,0,18,0,6,4,0,0,3.03,0.541458,1.01,0,0.026284,0,54,4,0.053408,0,0.316807,0
org.eclipse.jdt.core.dom.ContinueStatement,0,0,0.054579,0,0,0.003168,0,3.03,0,4.115429,0,0,0,1,0,12,0,0,2.15729,0,0.015182,0,8,69,95,11,3,10,0,0,47,1.01,32,0,0,0,0,0,14,0,3,2,0,0,3.03,0.558121,1.01,0,0.026284,0,54,3,0.053408,0,0.316807,0
org.eclipse.jdt.core.dom.DefaultASTVisitor,0,0.048523,0.01522,0,0,0.103922,0.073273,1.01,0,4.297452,0,0,3.26,0,1,168,0,0,1.124836,1.01,0,4.27,84,509,0,166,2,2,0.015873,0,13695,0,171,0.089468,0,0.080867,3.13,42.65,86,4.28,0,0,3.26,0,4.14,0.09771,3.26,0.079743,0.080275,0.090253,4,164,0.09512,4.81,0,0.075118
org.eclipse.jdt.core.dom.DefaultBindingResolver,1,0,0.056439,0,2.03,0.245378,0.033333,1.01,0.011197,17.491173,0,1.01,11.19,0,0,58,0.009885,1.02,6.043656,0,0,11.19,115,1410,0,56,2,7,0,0,0,0,150,0.281964,0.04011,0.908614,13.64,0,118,16.75,7,1,1.01,0,13.64,1.070862,1.01,0.376653,0.013888,0.617933,1,2,0.388781,29.08,0.376823,0.281517
org.eclipse.jdt.core.dom.DefaultCommentMapper,1,0,0,0,0,0.033016,0.024776,0,0,6.176917,0,0,1.01,0,0,13,0,0,1.581295,0,0,1.01,10,343,0,12,1,2,0,0,0,0,25,0.025736,0,0.053149,1.01,0,11,1.01,10,0,1.01,0,1.01,0.127717,0,0.029246,0,0.025573,0,4,0.02873,3.16,0,0.025736
org.eclipse.jdt.core.dom.DefaultValuePairBinding,0,0.037913,0.02714,0,1.02,0.021548,0.05407,1.01,0.030472,1.596102,0,0,2.12,0,0,6,0,1.02,0.426852,0,0,2.12,4,23,3,5,2,1,0,1.01,4,1.03,12,0.054597,0.030282,0.044909,1.06,3.29,5,2.21,1,1,2.11,0,1.05,0.038819,1.12,0.029246,0.028685,0.049616,12,5,0.02873,2.66,0,0.054597
org.eclipse.jdt.core.dom.DoStatement,0,0,0.054579,0,0,0.003168,0,3.03,0,4.115429,0,0,0,2,0,14,0,0,2.15729,0,0.015182,0,10,117,95,13,3,10,0,0,58,1.01,39,0,0,0,0,0,16,0,5,3,0,0,3.03,0.558121,1.01,0,0.026284,0,54,5,0.053408,0,0.316807,0
org.eclipse.jdt.core.dom.DocCommentParser,1,0.009257,0.01522,0,0,0.029842,0,1.01,0,8.737466,0,0,1.01,0,0,19,0,0,2.244167,0,0.281328,1.01,23,596,55,18,2,2,0,0,51,8.36,81,0.014827,0,0.167559,2.03,1.17,25,4.05,2,2,0,0,3.04,0.21864,6.13,0.028583,0.258823,0.048145,23,3,0.041457,7.64,0.009428,0.014827
org.eclipse.jdt.core.dom.EmptyStatement,0,0,0.054579,0,0,0.003168,0,3.03,0,4.115429,0,0,0,0,0,8,0,0,2.15729,0,0.015182,0,5,36,95,7,3,11,0,0,21,1.01,20,0,0,0,0,0,12,0,1,1,0,0,3.03,0.558121,1.01,0,0.026284,0,56,1,0.053408,0,0.316807,0
org.eclipse.jdt.core.dom.EnhancedForStatement,0,0.007698,0.072226,0,0,0.002636,0.011271,3.03,0,3.389311,0,0,1.01,3,0,16,0,0,1.962746,0,0.015182,1.01,11,155,95,15,3,9,0,0,75,1.01,45,0.011239,0,0.009796,1.01,1.15,16,1.01,7,4,1.01,0,4.04,0.541458,1.01,0.0112,0.026284,0.010568,54,7,0.080857,1.03,0.316807,0.011239
org.eclipse.jdt.core.dom.EnumConstantDeclaration,0,0.025846,0.07964,1.01,1.02,0.009214,0.022142,5.05,0.010599,4.686724,0.010453,0,3.04,5,0,21,0,1.01,2.252721,0,0.015182,3.04,16,162,97,20,3,14,0,0,160,1.01,63,0.033112,0.010754,0.029676,1.01,3.69,24,3.13,9,4,2.02,0,6.06,0.55625,3.03,0.010948,0.048434,0.031335,61,8,0.093977,3.49,0.316807,0.033162
org.eclipse.jdt.core.dom.EnumDeclaration,0,0,0.094295,0,0,0.002337,0,6.06,0,3.389311,0,0,0,6,0,19,0,0,1.962746,0,0.015182,0,16,143,99,18,4,15,0,0,133,1.01,57,0,0,0,0,0,25,0,9,3,0,0,6.06,0.541458,2.02,0,0.037707,0,72,3,0.096792,0,0.316807,0
org.eclipse.jdt.core.dom.Expression,0,0.007698,0.102857,0,0,0.005024,0.011271,5.09,0,1.49535,0,0,1.03,0,26,5,0,0,0.335552,0,0.015182,1.03,4,17,95,4,2,56,0,0,6,1.01,11,0.011239,0,0.009796,0,1.06,58,1.06,0,0,1.03,0,5.09,0.017355,1.01,0,0.026284,0.010568,59,4,0.100878,1.09,0,0.011239
org.eclipse.jdt.core.dom.ExpressionStatement,0,0,0.054579,0,0,0.003168,0,3.03,0,4.115429,0,0,0,1,0,12,0,0,2.15729,0,0.015182,0,9,81,95,11,3,11,0,0,45,1.01,36,0,0,0,0,0,16,0,3,2,0,0,3.03,0.558121,1.01,0,0.026284,0,54,3,0.053408,0,0.316807,0
org.eclipse.jdt.core.dom.FieldAccess,0,0,0.040086,0,0,0.003168,0,2.02,0,4.115429,0,0,0,2,0,15,0,0,2.15729,0,0.015182,0,10,119,95,14,3,11,0,0,71,1.01,40,0,0,0,0,0,16,0,5,3,0,0,2.02,0.558121,2.04,0,0.037707,0,55,6,0.039767,0,0.316807,0
org.eclipse.jdt.core.dom.FieldDeclaration,0,0.008781,0.15104,0,0,0.004068,0,6.07,0,4.139983,0,0,1.01,5,0,18,0,0,2.12998,0,0.015182,1.01,13,163,97,17,3,18,0,0,114,1.01,59,0.010727,0,0.009385,1.01,1.17,27,1.07,9,4,0,0,5.06,0.549893,3.03,0.010493,0.048434,0.01021,60,4,0.136382,1.14,0.316807,0.010792
org.eclipse.jdt.core.dom.ForStatement,0,0,0.089117,0,0,0.003168,0,3.03,0,4.115429,0,0,0,4,0,17,0,0,2.15729,0,0.015182,0,10,138,95,16,3,10,0,0,90,1.01,48,0,0,0,0,0,16,0,9,5,0,0,3.03,0.558121,1.01,0,0.026284,0,53,7,0.089202,0,0.316807,0
org.eclipse.jdt.core.dom.IAnnotationBinding,0,0,0.11339,0,0,0.008403,0,3.05,0,3.499477,0,0,0,0,0,4,0,0,2.107495,0,0,0,3,6,0,4,0,16,0,0,6,0,4,0,0,0,0,0,18,0,0,0,0,0,3.05,0.583864,0,0,0,0,0,4,0.111704,0,0.316807,0
org.eclipse.jdt.core.dom.IBinding,0,0.031163,0.107052,1.02,1.02,0.017545,0.043593,6.11,0,7.490398,0.015031,0,2.02,6,0,12,0,0,3.069908,0,0,2.02,2,20,0,12,0,26,0,0,66,0,12,0.042781,0.014427,0.040703,1.01,2.21,27,2.02,6,0,2.02,0,6.11,0.649389,0,0.014577,0,0.037529,0,12,0.107598,3.04,0.316807,0.042779
org.eclipse.jdt.core.dom.IDocElement,0,0,0,0,0,0.001763,0,0,0,2.221467,0,0,0,0,0,0,0,0,0.530096,0,0,0,0,2,0,0,0,5,0,0,0,0,0,0,0,0,0,0,5,0,0,0,0,0,0,0.034018,0,0,0,0,0,0,0,0,0,0
org.eclipse.jdt.core.dom.IExtendedModifier,0,0,0,0,0,0.000598,0,0,0,1.49535,0,0,0,0,0,2,0,0,0.335552,0,0,0,0,4,0,2,0,7,0,0,1,0,2,0,0,0,0,0,7,0,0,0,0,0,0,0.017355,0,0,0,0,0,2,0,0,0,0
org.eclipse.jdt.core.dom.IMemberValuePairBinding,0,0,0.02714,0,0,0.004173,0,1.01,0,2.942776,0,0,0,0,0,4,0,0,1.903578,0,0,0,2,6,0,4,0,6,0,0,6,0,4,0,0,0,0,0,8,0,0,0,0,0,1.01,0.548417,0,0,0,0,0,4,0.02873,0,0.316807,0
org.eclipse.jdt.core.dom.IMethodBinding,0,0.061198,0.122231,0,0,0.016493,0.086961,5.09,0,7.611264,0,0,7.1,0,0,19,0,0,2.947564,0,0,7.1,3,21,0,19,0,24,0,0,171,0,19,0.086494,0,0.070189,1.01,8.7,26,7.1,0,0,7.1,0,5.1,0.600022,0,0.014577,0,0.083457,0,19,0.119043,7.1,0.316807,0.086477
org.eclipse.jdt.core.dom.IPackageBinding,0,0,0.040022,0,0,0.00316,0,2.02,0,3.480503,0,0,0,0,0,3,0,0,2.00575,0,0,0,1,5,0,3,0,8,0,0,3,0,3,0,0,0,0,0,9,0,0,0,0,0,2.02,0.548501,0,0,0,0,0,3,0.040097,0,0.316807,0
org.eclipse.jdt.core.dom.ITypeBinding,0,0.042065,0.081693,0,0,0.214041,0.064299,4.09,0,12.508756,0,0,5.06,0,0,47,0,0,4.338808,0,0,5.06,4,49,0,47,0,25,0,0,1081,0,47,0.063138,0,0.054999,0,7.61,27,5.06,0,0,5.06,0,4.09,0.750656,0,0,0,0.062503,0,47,0.083351,5.06,0.316807,0.063189
org.eclipse.jdt.core.dom.IVariableBinding,0,0.023498,0.122251,0,0,0.005791,0.036106,5.07,0,4.140605,0,0,3.03,0,0,10,0,0,2.14443,0,0,3.03,3,12,0,10,0,16,0,0,45,0,10,0.035572,0,0.030454,0,3.24,18,3.03,0,0,3.03,0,5.07,0.553636,0,0,0,0.03442,0,10,0.119073,3.03,0.316807,0.03555
org.eclipse.jdt.core.dom.IfStatement,0,0,0.040086,0,0,0.003168,0,2.02,0,4.115429,0,0,0,3,0,16,0,0,2.15729,0,0.015182,0,10,143,95,15,3,9,0,0,77,1.01,42,0,0,0,0,0,15,0,7,4,0,0,2.02,0.558121,1.01,0,0.026284,0,54,7,0.039767,0,0.316807,0
org.eclipse.jdt.core.dom.ImportDeclaration,0,0,0.079321,0,0,0.004607,0,5.07,0,4.139983,0,0,0,3,0,18,0,0,2.12998,0,0.015182,0,12,143,95,17,2,18,0,0,116,1.01,48,0,0,0,0,0,25,0,8,5,0,0,5.07,0.549893,1.01,0,0.026284,0,50,8,0.07826,0,0.316807,0
org.eclipse.jdt.core.dom.InfixExpression,0,0,0.064674,0,0,0.003168,0,4.05,0,4.115429,0,0,0,4,0,20,0,0,2.15729,0,0.015182,0,10,171,95,19,3,9,0,0,123,1.01,54,0,0,0,0,0,15,0,9,5,0,0,4.05,0.558121,2.04,0,0.037707,0,53,9,0.063955,0,0.316807,0
org.eclipse.jdt.core.dom.Initializer,0,0,0.06479,0,0,0.00237,0,4.04,0,3.389311,0,0,0,4,0,17,0,0,1.962746,0,0.015182,0,11,147,97,16,3,13,0,0,104,1.01,56,0,0,0,0,0,20,0,7,3,0,0,4.04,0.541458,2.02,0,0.037707,0,60,3,0.063736,0,0.316807,0
org.eclipse.jdt.core.dom.InstanceofExpression,0,0,0.051132,0,0,0.003168,0,3.03,0,4.115429,0,0,0,2,0,14,0,0,2.15729,0,0.015182,0,10,116,95,13,3,9,0,0,58,1.01,37,0,0,0,0,0,15,0,5,3,0,0,3.03,0.558121,2.04,0,0.037707,0,55,5,0.050332,0,0.316807,0
org.eclipse.jdt.core.dom.InternalASTRewrite,4,0.008963,0,0,0,0.007312,0,0,0,3.951773,0,0,0,0,0,15,0,0,0.923752,0,0,0,15,152,0,14,2,1,0,0,63,0,54,0,0,0.042846,2.02,1.02,15,3.06,5,1,0,0,2.02,0.055431,0,0.024214,0,0.038853,2,2,0.024668,4.15,0,0
org.eclipse.jdt.core.dom.Javadoc,0,0,0,0,0,0.002595,0,0,0,3.389311,0,0,0,2,0,14,0,0,1.962746,0,0.015182,0,12,126,95,13,3,21,0,0,62,1.01,44,0,0,0,0,0,28,0,7,5,0,0,0,0.541458,1.01,0,0.026284,0,55,4,0,0,0.316807,0
org.eclipse.jdt.core.dom.LabeledStatement,0,0,0.040086,0,0,0.003168,0,2.02,0,4.115429,0,0,0,2,0,14,0,0,2.15729,0,0.015182,0,9,118,95,13,3,9,0,0,58,1.01,39,0,0,0,0,0,14,0,5,3,0,0,2.02,0.558121,1.01,0,0.026284,0,54,5,0.039767,0,0.316807,0
org.eclipse.jdt.core.dom.LineComment,0,0,0.016703,0,0,0.003168,0,1.01,0,4.115429,0,0,0,0,0,9,0,0,2.15729,0,0.015182,0,5,38,95,8,3,10,0,0,28,1.01,20,0,0,0,0,0,10,0,1,1,0,0,1.01,0.558121,1.01,0,0.026284,0,57,1,0.017172,0,0.316807,0
org.eclipse.jdt.core.dom.MarkerAnnotation,0,0,0.145577,0,0,0.002045,0,6.06,0,2.754386,0,0,0,1,0,11,0,0,1.811206,0,0.015182,0,8,62,96,10,4,11,0,0,43,1.01,31,0,0,0,0,0,14,0,2,1,0,0,6.06,0.531838,3.05,0,0.052408,0,65,1,0.142873,0,0.316807,0
org.eclipse.jdt.core.dom.MemberRef,0,0,0,0,0,0.002843,0,0,0,3.480503,0,0,0,2,0,15,0,0,2.00575,0,0.015182,0,11,107,95,14,2,12,0,0,73,1.01,40,0,0,0,0,0,18,0,5,3,0,0,0,0.548501,1.01,0,0.026284,0,51,6,0,0,0.316807,0
org.eclipse.jdt.core.dom.MemberValuePair,0,0.009257,0.174312,0,0,0.003598,0.015251,5.06,0,3.991072,0,0,1.01,2,0,15,0,0,2.112965,0,0.015182,1.01,10,120,95,14,2,13,0,0,71,1.01,41,0.014827,0,0.012821,1.02,1.13,18,1.03,5,3,1.01,0,5.07,0.552378,1.01,0.011754,0.026284,0.013946,51,6,0.171308,1.03,0.316807,0.014827
org.eclipse.jdt.core.dom.MemberValuePairBinding,1,0.037913,0,0,0,0.022976,0.05407,0,0.030472,2.693599,0,0,1.01,0,1,19,0,1.02,0.722454,1.01,0,1.01,18,158,0,18,1,4,0,0,131,0,59,0.028861,0,0.071141,0,2.21,21,3.07,6,3,2.02,0,1.01,0.066209,0,0,0,0.065434,0,14,0.02873,3.37,0,0.028861
org.eclipse.jdt.core.dom.Message,0,0,0,0,0,0.001932,0,0,0,2.73075,0,0,0,0,0,6,0,0,0.663875,0,0,0,0,43,0,4,1,1,0,0,6,0,7,0,0,0,0,0,1,0,3,3,0,0,0,0.045335,0,0,0,0,0,4,0,0,0,0
org.eclipse.jdt.core.dom.MethodBinding,1,0,0,0,1.02,0.146946,0.116255,0,0.020957,18.271355,0,2.03,9.13,0,0,31,0.022842,1.02,5.988053,0,0,9.13,27,297,0,30,1,1,0,0,0,0,67,0.126877,0.023979,0.608428,9.29,0,27,21,14,14,8.12,0,9.29,0.943518,0,0.244954,0,0.518478,0,29,0.260205,26.66,0.294692,0.126846
org.eclipse.jdt.core.dom.MethodDeclaration,0,0.01648,0.269904,0,0,0.005726,0,7.09,0,3.505057,0,0,2.03,12,0,35,0,0,1.97844,0,0.015182,2.03,19,372,97,34,3,21,0,0,479,1.01,91,0.021966,0,0.019181,0,2.89,34,2.1,23,11,0,0,7.09,0.540273,3.03,0,0.048434,0.020778,59,18,0.260989,2.21,0.316807,0.022031
org.eclipse.jdt.core.dom.MethodInvocation,0,0.015652,0.09997,0,0,0.015461,0.025989,5.05,0,4.532317,0,0,1.01,4,0,19,0,0,2.287945,0,0.015182,1.01,12,162,95,18,3,13,0,0,123,1.01,54,0.026667,0,0.022945,0,1.17,20,1.02,10,6,1.01,0,5.05,0.575479,2.04,0,0.037707,0.02664,54,9,0.09773,1.03,0.316807,0.026667
org.eclipse.jdt.core.dom.MethodRef,0,0,0,0,0,0.002843,0,0,0,3.480503,0,0,0,3,0,17,0,0,2.00575,0,0.015182,0,13,125,95,16,2,12,0,0,94,1.01,49,0,0,0,0,0,20,0,7,4,0,0,0,0.548501,1.01,0,0.026284,0,50,7,0,0,0.316807,0
org.eclipse.jdt.core.dom.MethodRefParameter,0,0.009366,0,1.01,1.03,0.018557,0.010871,0,0.011197,3.301127,0.011473,0,1.03,3,0,17,0,1.02,1.933946,0,0.015182,1.03,10,142,95,16,2,11,0,0,98,1.01,45,0.011146,0.011263,0.010495,1.01,1.38,17,1.08,8,5,1.02,0,1.01,0.538196,2.02,0.010948,0.037113,0.010556,50,7,0.011217,1.38,0.316807,0.011131
org.eclipse.jdt.core.dom.Modifier,0,0.010847,0.052717,0,0,0.022869,0.0143,3.06,0,3.900555,0,0,1.11,13,0,36,0,0,2.098262,0,0.015182,1.11,7,150,95,35,2,22,0,0,437,1.01,53,0.01392,0,0.008104,0,2.65,25,1.11,15,2,1.11,0,3.06,0.552693,1.01,0,0.026284,0.013486,51,27,0.053818,1.33,0.316807,0.013918
org.eclipse.jdt.core.dom.Name,0,0,0.177667,0,0,0.002843,0,7.1,0,3.480503,0,0,0,0,2,6,0,0,2.00575,0,0.015182,0,8,26,95,5,3,32,0,0,10,1.01,12,0,0,0,0,0,36,0,2,0,0,0,7.1,0.548501,2.04,0,0.037707,0,63,4,0.175344,0,0.316807,0
org.eclipse.jdt.core.dom.NodeEventHandler,0,0,0,0,0,0.007247,0,0,0,2.838167,0,0,0,0,1,11,0,0,0.672492,0,0,0,3,24,0,10,1,2,0,0,45,0,11,0,0,0,0,0,5,0,0,0,0,0,0,0.042132,0,0,0,0,0,0,0,0,0,0
org.eclipse.jdt.core.dom.NodeSearcher,0,0,0,0,0,0.001763,0,0,0,2.221467,0,0,0,3,0,7,0,0,0.530096,0,0,0,12,66,0,6,2,2,0,0,0,0,7,0,0,0,0,0,14,0,3,0,0,0,0,0.034018,3.32,0,0.030018,0,233,6,0,0,0,0
org.eclipse.jdt.core.dom.NormalAnnotation,0,0,0.23817,0,0,0.002045,0,7.07,0,2.754386,0,0,0,2,0,13,0,0,1.811206,0,0.015182,0,10,79,96,12,4,12,0,0,56,1.01,40,0,0,0,0,0,17,0,4,2,0,0,7.07,0.531838,3.05,0,0.052408,0,64,2,0.232044,0,0.316807,0
org.eclipse.jdt.core.dom.NullLiteral,0,0,0.065625,0,0,0.003168,0,4.04,0,4.115429,0,0,0,0,0,9,0,0,2.15729,0,0.015182,0,5,38,95,8,3,10,0,0,28,1.01,19,0,0,0,0,0,11,0,1,1,0,0,4.04,0.558121,2.04,0,0.037707,0,56,1,0.063972,0,0.316807,0
org.eclipse.jdt.core.dom.NumberLiteral,0,0.006956,0.065625,0,0,0.003729,0,4.04,0,4.656604,0,0,1.01,1,0,13,0,0,2.279426,0,0.015182,1.01,10,106,95,12,3,10,0,0,50,1.01,36,0.01075,0,0.00938,0,1.03,16,1.01,3,2,0,0,4.04,0.564564,2.04,0,0.037707,0.010996,55,3,0.063972,1.05,0.316807,0.010706
org.eclipse.jdt.core.dom.PackageBinding,1,0.031163,0,0,1.01,0.018589,0.043593,0,0.01209,7.754976,0,0,2.02,0,0,15,0,1.01,3.197678,0,0,2.02,31,160,0,14,1,1,0,0,55,0,52,0.042781,0.013349,0.139384,4.21,2.15,32,4.29,7,7,2.02,0,4.21,0.668857,0,0.077718,0,0.276371,0,13,0.075236,4.76,0.297088,0.042779
org.eclipse.jdt.core.dom.PackageDeclaration,0,0,0.135759,0,0,0.003567,0,6.09,0,4.006012,0,0,0,3,0,17,0,0,2.105143,0,0.015182,0,13,148,95,16,2,20,0,0,86,1.01,51,0,0,0,0,0,28,0,8,4,0,0,6.09,0.549573,1.01,0,0.026284,0,50,7,0.131465,0,0.316807,0
org.eclipse.jdt.core.dom.ParameterizedType,0,0,0.137961,0,1.01,0.003024,0,7.07,0,4.068781,0,0,0,2,0,14,0,0,2.1145,0,0.015182,0,9,100,95,13,3,15,0,0,60,1.01,44,0,0.010971,0.009334,0,0,19,0,6,3,0,0,7.07,0.54918,1.01,0,0.026284,0,57,4,0.135243,1.01,0.316807,0
org.eclipse.jdt.core.dom.ParenthesizedExpression,0,0,0.054579,0,0,0.003168,0,3.03,0,4.115429,0,0,0,1,0,12,0,0,2.15729,0,0.015182,0,8,80,95,11,3,11,0,0,45,1.01,34,0,0,0,0,0,15,0,3,2,0,0,3.03,0.558121,2.04,0,0.037707,0,55,3,0.053408,0,0.316807,0
org.eclipse.jdt.core.dom.PostfixExpression,0,0,0.065625,0,0,0.003168,0,4.04,0,4.115429,0,0,0,2,0,15,0,0,2.15729,0,0.015182,0,9,108,95,14,3,10,0,0,77,1.01,41,0,0,0,0,0,15,0,5,3,0,0,4.04,0.558121,2.04,0,0.037707,0,54,5,0.063972,0,0.316807,0
org.eclipse.jdt.core.dom.PrefixExpression,0,0,0.051132,0,0,0.003168,0,3.03,0,4.115429,0,0,0,2,0,15,0,0,2.15729,0,0.015182,0,9,108,95,14,3,9,0,0,77,1.01,41,0,0,0,0,0,14,0,5,3,0,0,3.03,0.558121,2.04,0,0.037707,0,54,5,0.050332,0,0.316807,0
org.eclipse.jdt.core.dom.PrimitiveType,0,0,0.098921,0,0,0.003168,0,5.05,0,4.115429,0,0,0,10,0,13,0,0,2.15729,0,0.015182,0,7,95,95,12,3,26,0,0,62,1.01,34,0,0,0,0,0,28,0,13,3,0,0,5.05,0.558121,1.01,0,0.026284,0,58,4,0.0977,0,0.316807,0
org.eclipse.jdt.core.dom.QualifiedName,0,0,0.116192,0,0,0.002381,0,5.05,0,3.451253,0,0,0,2,0,15,0,0,1.975504,0,0.015182,0,8,121,97,14,4,17,0,0,71,1.01,41,0,0,0,0,0,20,0,5,3,0,0,5.05,0.541915,2.04,0,0.037707,0,59,5,0.113335,0,0.316807,0
org.eclipse.jdt.core.dom.QualifiedType,0,0,0.113219,0,1.01,0.002825,0,5.05,0,4.068781,0,0,0,2,0,14,0,0,2.1145,0,0.015182,0,9,118,95,13,3,13,0,0,58,1.01,39,0,0.010971,0.009334,0,0,17,0,6,3,0,0,5.05,0.54918,1.01,0,0.026284,0,58,5,0.110391,1.01,0.316807,0
org.eclipse.jdt.core.dom.RecoveredTypeBinding,4,0.274376,0,0,0,0.099781,0,0,0,4.234658,0,1.01,1.01,0,0,63,0.060608,0,2.477519,0,0,1.01,38,426,0,59,1,2,0,0,1625,0,120,0.061038,0,0.438518,5.13,3.74,39,4.26,7,7,0,0,5.13,0.668878,0,0.485293,0,0.44196,0,55,0.488647,6.01,0.353131,0.06141
org.eclipse.jdt.core.dom.RecoveredVariableBinding,0,0.014806,0,0,0,0.010014,0,0,0,1.092777,0,0,0,0,0,20,0,0,0.31764,0,0,0,16,91,0,19,1,1,0,0,129,0,38,0,0,0.024087,1.03,1.3,17,1.14,2,2,0,0,1.03,0.035056,0,0.029333,0,0.02763,0,19,0.030699,1.26,0,0
org.eclipse.jdt.core.dom.ReturnStatement,0,0,0.054579,0,0,0.003168,0,3.03,0,4.115429,0,0,0,1,0,12,0,0,2.15729,0,0.015182,0,8,70,95,11,3,10,0,0,47,1.01,32,0,0,0,0,0,14,0,3,2,0,0,3.03,0.558121,1.01,0,0.026284,0,54,3,0.053408,0,0.316807,0
org.eclipse.jdt.core.dom.SimpleName,0,0.006956,0.225958,0,0,0.007649,0,7.14,0,5.19105,0,0,1.01,1,0,15,0,0,2.424171,0,0.015182,1.01,20,130,97,14,4,72,0,0,75,1.01,40,0.01075,0,0.035776,0,1.05,78,3.03,4,3,0,0,7.14,0.579604,2.04,0,0.037707,0.043815,59,4,0.221378,3.12,0.316807,0.010706
org.eclipse.jdt.core.dom.SimplePropertyDescriptor,0,0,0.01124,0,0,0.002843,0,1.01,0,3.480503,0,0,0,0,0,3,0,0,2.00575,0,0,0,2,18,0,2,2,38,0,0,1,0,6,0,0,0,0,0,38,0,2,2,0,0,1.01,0.548501,0,0,0,0,6,2,0.011217,0,0.316807,0
org.eclipse.jdt.core.dom.SimpleType,0,0,0.084428,0,0,0.003168,0,4.04,0,4.115429,0,0,0,1,0,12,0,0,2.15729,0,0.015182,0,9,80,95,11,3,19,0,0,45,1.01,34,0,0,0,0,0,23,0,3,2,0,0,4.04,0.558121,1.01,0,0.026284,0,58,3,0.08406,0,0.316807,0
org.eclipse.jdt.core.dom.SingleMemberAnnotation,0,0,0.23817,0,0,0.002079,0,7.07,0,2.754386,0,0,0,2,0,13,0,0,1.811206,0,0.015182,0,10,98,96,12,4,12,0,0,54,1.01,40,0,0,0,0,0,17,0,4,2,0,0,7.07,0.531838,3.05,0,0.052408,0,65,3,0.232044,0,0.316807,0
org.eclipse.jdt.core.dom.SingleVariableDeclaration,0,0.007698,0.211427,0,0,0.003991,0,6.07,0,3.389311,0,0,1.01,7,0,30,0,0,1.962746,0,0.015182,1.01,15,282,95,29,3,18,0,0,318,1.01,74,0.011239,0,0.009796,0,1.28,28,1.01,16,9,0,0,6.07,0.541458,1.01,0,0.026284,0.010568,52,14,0.206854,1.03,0.316807,0.011239
org.eclipse.jdt.core.dom.Statement,0,0,0.040086,0,0,0.001763,0,2.02,0,2.221467,0,0,0,0,22,5,0,0,0.530096,0,0.015182,0,5,49,95,4,2,28,0,0,4,1.01,13,0,0,0,0,0,33,0,1,1,0,0,2.02,0.034018,1.01,0,0.026284,0,58,2,0.039767,0,0,0
org.eclipse.jdt.core.dom.StringLiteral,0,0.006956,0.065625,0,0,0.003858,0,4.04,0,5.274131,0,0,1.01,1,0,15,0,0,2.418422,0,0.015182,1.01,10,173,95,14,3,10,0,0,75,1.01,44,0.01075,0,0.00938,0,1.05,16,2.02,3,2,0,0,4.04,0.571829,2.04,0,0.037707,0.021564,55,5,0.063972,1.05,0.316807,0.010706
org.eclipse.jdt.core.dom.StructuralPropertyDescriptor,0,0,0.027591,0,0,0.002843,0,2.06,0,3.480503,0,0,0,0,3,7,0,0,2.00575,0,0,0,3,48,0,6,1,98,0,0,11,0,12,0,0,0,0,0,98,0,2,2,0,0,2.06,0.548501,0,0,0,0,0,6,0.027117,0,0.316807,0
org.eclipse.jdt.core.dom.SuperConstructorInvocation,0,0,0.054579,0,0,0.00247,0,3.03,0,3.389311,0,0,0,3,0,16,0,0,1.962746,0,0.015182,0,12,122,95,15,3,12,0,0,85,1.01,45,0,0,0,0,0,19,0,8,5,0,0,3.03,0.541458,1.01,0,0.026284,0,53,6,0.053408,0,0.316807,0
org.eclipse.jdt.core.dom.SuperFieldAccess,0,0,0.040086,0,0,0.003168,0,2.02,0,4.115429,0,0,0,2,0,15,0,0,2.15729,0,0.015182,0,11,107,95,14,3,11,0,0,73,1.01,40,0,0,0,0,0,17,0,5,3,0,0,2.02,0.558121,2.04,0,0.037707,0,55,6,0.039767,0,0.316807,0
org.eclipse.jdt.core.dom.SuperMethodInvocation,0,0.015652,0.09997,0,0,0.014617,0.025989,5.05,0,4.532317,0,0,1.01,4,0,19,0,0,2.287945,0,0.015182,1.01,13,161,95,18,3,12,0,0,123,1.01,54,0.026667,0,0.022945,0,1.17,20,1.02,10,6,1.01,0,5.05,0.575479,2.04,0,0.037707,0.02664,54,9,0.09773,1.03,0.316807,0.026667
org.eclipse.jdt.core.dom.SwitchCase,0,0,0.054579,0,0,0.003168,0,3.03,0,4.115429,0,0,0,1,0,13,0,0,2.15729,0,0.015182,0,9,85,95,12,3,10,0,0,56,1.01,36,0,0,0,0,0,15,0,4,3,0,0,3.03,0.558121,1.01,0,0.026284,0,54,4,0.053408,0,0.316807,0
org.eclipse.jdt.core.dom.SwitchStatement,0,0,0.054579,0,0,0.003301,0,3.03,0,4.732956,0,0,0,2,0,14,0,0,2.296287,0,0.015182,0,10,98,95,13,3,10,0,0,60,1.01,45,0,0,0,0,0,16,0,5,3,0,0,3.03,0.565386,1.01,0,0.026284,0,53,4,0.053408,0,0.316807,0
org.eclipse.jdt.core.dom.SynchronizedStatement,0,0,0.054579,0,0,0.003168,0,3.03,0,4.115429,0,0,0,2,0,14,0,0,2.15729,0,0.015182,0,10,117,95,13,3,10,0,0,58,1.01,40,0,0,0,0,0,16,0,5,3,0,0,3.03,0.558121,1.01,0,0.026284,0,54,5,0.053408,0,0.316807,0
org.eclipse.jdt.core.dom.TagElement,0,0,0,0,0,0.003493,0,0,0,4.115429,0,0,0,21,0,15,0,0,2.15729,0,0.015182,0,8,103,95,14,2,11,0,0,75,1.01,39,0,0,0,0,0,15,0,24,3,0,0,0,0.558121,1.01,0,0.026284,0,50,5,0,0,0.316807,0
org.eclipse.jdt.core.dom.TextElement,0,0,0,0,1.01,0.005781,0,0,0.024023,5.392828,0,0,0,1,0,12,0,1.01,2.596215,0,0.015182,0,8,72,95,11,2,9,0,0,47,1.01,30,0,0.023876,0.019221,1.01,0,13,0,3,2,0,0,1.01,0.632073,1.01,0.023945,0.026284,0,51,3,0.021418,1.01,0.316836,0
org.eclipse.jdt.core.dom.ThisExpression,0,0,0.065625,0,0,0.003168,0,4.04,0,4.115429,0,0,0,1,0,12,0,0,2.15729,0,0.015182,0,8,68,95,11,3,10,0,0,47,1.01,30,0,0,0,0,0,14,0,3,2,0,0,4.04,0.558121,2.04,0,0.037707,0,55,3,0.063972,0,0.316807,0
org.eclipse.jdt.core.dom.ThrowStatement,0,0,0.054579,0,0,0.003168,0,3.03,0,4.115429,0,0,0,1,0,12,0,0,2.15729,0,0.015182,0,9,81,95,11,3,10,0,0,45,1.01,36,0,0,0,0,0,15,0,3,2,0,0,3.03,0.558121,1.01,0,0.026284,0,54,3,0.053408,0,0.316807,0
org.eclipse.jdt.core.dom.TryStatement,0,0,0.040086,0,0,0.003168,0,2.02,0,4.115429,0,0,0,3,0,16,0,0,2.15729,0,0.015182,0,10,124,95,15,3,10,0,0,79,1.01,48,0,0,0,0,0,16,0,7,4,0,0,2.02,0.558121,1.01,0,0.026284,0,53,6,0.039767,0,0.316807,0
org.eclipse.jdt.core.dom.Type,0,0,0.211465,0,0,0.000848,0,6.08,0,1.49535,0,0,0,0,6,8,0,0,0.335552,0,0.015182,0,10,26,95,7,2,39,0,0,21,1.01,11,0,0,0,0,0,41,0,0,0,0,0,6.08,0.017355,1.01,0,0.026284,0,59,7,0.207737,0,0,0
org.eclipse.jdt.core.dom.TypeBinding,2,0,0.040992,0,1.08,0.215775,0.107892,2.02,0.049158,19.824928,0,4.06,10.14,0,0,59,0.237585,3.12,6.478578,0,0,10.14,43,896,0,58,1,2,0,0,0,0,142,0.337906,0.023979,0.841975,13.29,0,44,18.65,16,12,7.08,0,12.29,1.036781,0,0.688745,0,0.739542,0,56,0.686976,32.44,0.353914,0.337618
org.eclipse.jdt.core.dom.TypeDeclaration,0,0.01648,0.167753,0,0,0.007461,0,7.08,0,5.325668,0,0,2.04,11,0,34,0,0,2.465044,0,0.015182,2.04,19,349,99,33,4,20,0,0,480,1.01,88,0.021966,0,0.019181,0,3.19,33,3.09,19,8,0,0,7.08,0.58435,3.03,0,0.048434,0.04695,70,13,0.161701,2.25,0.316807,0.022031
org.eclipse.jdt.core.dom.TypeDeclarationStatement,1,0.018227,0.040086,0,0,0.010946,0,2.02,0,4.006012,0,1.01,2.03,2,0,18,0.011819,0,2.105143,0,0.015182,2.03,11,134,95,17,3,10,0,0,128,1.01,46,0.02326,0,0.020453,0,2.47,16,2.05,5,3,0,0,2.02,0.549573,1.01,0,0.026284,0.021451,54,6,0.039767,2.14,0.316807,0.02326
org.eclipse.jdt.core.dom.TypeLiteral,0,0,0.065625,0,0,0.003168,0,4.04,0,4.115429,0,0,0,1,0,12,0,0,2.15729,0,0.015182,0,9,80,95,11,3,10,0,0,45,1.01,34,0,0,0,0,0,15,0,3,2,0,0,4.04,0.558121,2.04,0,0.037707,0,55,3,0.063972,0,0.316807,0
org.eclipse.jdt.core.dom.TypeParameter,0,0,0.082437,0,0,0.002444,0,4.04,0,4.139983,0,0,0,2,0,15,0,0,2.12998,0,0.015182,0,11,102,95,14,2,15,0,0,73,1.01,47,0,0,0,1.01,0,20,0,5,3,0,0,3.03,0.549893,1.01,0.010493,0.026284,0,50,5,0.069611,0,0.316807,0
org.eclipse.jdt.core.dom.VariableBinding,1,0,0,0,1.01,0.028468,0.079699,0,0.111111,10.305424,0,1.01,6.06,0,0,22,0.012048,1.01,3.829001,0,0,6.06,35,240,0,21,1,1,0,0,0,0,73,0.089876,0.107747,0.281311,5.1,0,35,9.14,8,8,5.05,0,5.1,0.720226,0,0.098558,0,0.299166,0,20,0.103364,10.58,0.294681,0.089838
org.eclipse.jdt.core.dom.VariableDeclaration,0,0,0.096461,0,0,0.001763,0,3.04,0,2.221467,0,0,0,0,2,14,0,0,0.530096,0,0.015182,0,8,26,95,13,2,10,0,0,78,1.01,17,0,0,0,0,0,17,0,0,0,0,0,3.04,0.034018,1.01,0,0.026284,0,59,10,0.093302,0,0,0
org.eclipse.jdt.core.dom.VariableDeclarationExpression,0,0.007698,0.118928,0,0,0.002969,0,4.04,0,3.389311,0,0,1.01,4,0,19,0,0,1.962746,0,0.015182,1.01,14,173,95,18,3,13,0,0,117,1.01,59,0.011239,0,0.009796,0,1.17,23,1.01,10,6,0,0,4.04,0.541458,2.04,0,0.037707,0.010568,53,7,0.118971,1.03,0.316807,0.011239
org.eclipse.jdt.core.dom.VariableDeclarationFragment,0,0,0.124115,0,0,0.003168,0,5.06,0,4.115429,0,0,0,3,0,20,0,0,2.15729,0,0.015182,0,10,141,95,19,3,18,0,0,135,1.01,48,0,0,0,0,0,23,0,7,4,0,0,5.06,0.558121,1.01,0,0.026284,0,54,7,0.120089,0,0.316807,0
org.eclipse.jdt.core.dom.VariableDeclarationStatement,0,0.007698,0.151628,0,0,0.002836,0,6.06,0,3.389311,0,0,1.01,4,0,19,0,0,1.962746,0,0.015182,1.01,14,174,95,18,3,13,0,0,117,1.01,61,0.011239,0,0.009796,0,1.17,23,1.01,10,6,0,0,6.06,0.541458,1.01,0,0.026284,0.010568,52,7,0.14777,1.03,0.316807,0.011239
org.eclipse.jdt.core.dom.WhileStatement,0,0,0.040086,0,0,0.003168,0,2.02,0,4.115429,0,0,0,2,0,14,0,0,2.15729,0,0.015182,0,10,117,95,13,3,9,0,0,58,1.01,39,0,0,0,0,0,15,0,5,3,0,0,2.02,0.558121,1.01,0,0.026284,0,54,5,0.039767,0,0.316807,0
org.eclipse.jdt.core.dom.WildcardType,0,0,0.096968,0,0,0.002187,0,5.05,0,3.389311,0,0,0,2,0,16,0,0,1.962746,0,0.015182,0,8,96,95,15,3,13,0,0,91,1.01,39,0,0,0,0,0,16,0,5,3,0,0,5.05,0.541458,1.01,0,0.026284,0,57,6,0.094463,0,0.316807,0
org.eclipse.jdt.core.dom.rewrite.ASTRewrite,7,0.083934,0.02147,0,1.01,0.035789,0.04012,2.11,0.010835,9.408243,0,1.02,3.06,0,0,27,0.014141,1.01,3.489224,0,0,3.06,23,271,0,26,1,12,0,0,265,0,88,0.039247,0.008856,0.138809,3.1,5.49,34,6.24,4,4,3.04,0,5.21,0.665874,0,0.063142,0,0.119234,0,17,0.083161,8.8,0.316808,0.039383
org.eclipse.jdt.core.dom.rewrite.ITrackedNodePosition,0,0,0,0,0,0.002843,0,0,0,3.480503,0,0,0,0,0,2,0,0,2.00575,0,0,0,0,4,0,2,0,2,0,0,1,0,2,0,0,0,0,0,2,0,0,0,0,0,0,0.548501,0,0,0,0,0,2,0,0,0.316807,0
org.eclipse.jdt.core.dom.rewrite.ImportRewrite,10,0.030285,0,0,2.02,0.045074,0.043543,0,0.047111,4.629139,0,0,2.02,0,0,42,0,2.02,1.236661,0,0,2.02,27,531,0,41,1,0,0,0,594,0,139,0.043925,0.045705,0.035122,1.01,2.78,27,3.03,15,15,2.02,0,1.01,0.111199,0,0.023945,0,0.072324,0,30,0.021418,2.13,0,0.043925
org.eclipse.jdt.core.dom.rewrite.ListRewrite,5,0.025386,0.010211,0,0,0.010615,0.033786,1.01,0,3.165939,0,0,3.04,0,0,21,0,0,0.767266,0,0,3.04,10,133,0,20,1,2,0,0,160,0,44,0.033386,0,0.028713,1.01,3.54,11,3.06,3,3,3.04,0,2.02,0.058741,0,0.011459,0,0.031741,0,15,0.020968,3.18,0.000001,0.033451
org.eclipse.jdt.core.dom.rewrite.TargetSourceRangeComputer,0,0,0.009561,0,0,0.014707,0,1.01,0,2.815426,0,0,0,0,0,2,0,0,0.631503,0,0,0,3,12,0,1,1,4,0,0,0,0,8,0,0,0.009532,0,0,7,1.02,0,0,0,0,1.01,0.032622,0,0,0,0.010963,0,1,0.01064,1.02,0,0
org.eclipse.jdt.core.eval.ICodeSnippetRequestor,0,0,0,0,0,0.001763,0,0,0,2.221467,0,0,0,10,0,2,0,0,0.530096,0,0,0,1,14,0,2,0,3,0,0,1,0,3,0,0,0,0,0,4,0,10,0,0,0,0,0.034018,0,0,0,0,0,2,0,0,0,0
org.eclipse.jdt.core.eval.IEvaluationContext,0,0,0,0,0,0.003427,0,0,0,4.597198,0,0,0,0,0,19,0,0,2.273892,0,0,0,10,67,0,19,0,3,0,0,171,0,19,0,0,0,0,0,12,0,0,0,0,0,0,0.566085,0,0,0,0,0,19,0,0,0.316807,0
org.eclipse.jdt.core.eval.IGlobalVariable,0,0,0,0,0,0.003265,0,0,0,3.480503,0,0,0,0,0,3,0,0,2.00575,0,0,0,0,5,0,3,0,3,0,0,3,0,3,0,0,0,0,0,3,0,0,0,0,0,0,0.548501,0,0,0,0,0,3,0,0,0.316807,0
org.eclipse.jdt.core.formatter.CodeFormatter,0,0.054716,0.23726,2.04,2.04,0.023784,0.071252,5.06,0,5.523549,0.145982,0,2.02,9,1,4,0,0,1.880533,0,0,2.02,2,16,0,3,1,8,0,0,3,0,4,0.070738,0.166667,0.168062,2.02,2.03,10,2.02,9,0,2.02,0,6.08,0.343018,0,0.061496,0,0.066003,0,3,0.284389,4.08,0.032338,0.070761
org.eclipse.jdt.core.formatter.CodeFormatterApplication,6,0.01642,0,0,0,0.073107,0.024283,0,0,5.976787,0,0,1.01,0,0,9,0,0,2.910464,0,0,1.01,4,192,0,8,1,0,0,0,24,0,50,0.023181,0,0.064847,2.04,1.07,4,3.09,9,9,1.01,0,2.04,0.716566,0,0.062315,0,0.077998,0,2,0.063569,3.46,0.326235,0.023181
org.eclipse.jdt.core.formatter.DefaultCodeFormatterConstants,0,0.006956,0.161904,12.33,12.33,0.147948,0.010549,9.09,0,13.176408,0.350519,0,1.01,275,0,11,0,0,4.607091,0,0,1.01,3,452,0,10,1,9,0,0,7,0,18,0.01075,0.350705,0.2966,0,1.07,11,1.02,276,1,1.01,0,9.09,0.807498,0,0,0,0.010996,0,10,0.170186,12.36,0.316867,0.010706
org.eclipse.jdt.core.formatter.IndentManipulation,2,0,0.016703,0,0,0.041859,0,1.01,0,3.151154,0,0,0,0,0,13,0,0,1.952274,0,0,0,4,215,0,12,1,5,0,0,66,0,40,0,0,0,1.01,0,9,0,0,0,0,0,2.02,0.550538,0,0.015794,0,0,0,10,0.03147,0,0.316807,0
org.eclipse.jdt.core.jdom.DOMException,0,0,0.022984,0,0,0.001763,0,2.02,0,2.221467,0,0,0,0,0,2,0,0,0.530096,0,0,0,0,8,0,0,4,4,0,0,0,0,3,0,0,0,0,0,4,0,1,1,0,0,2.02,0.034018,0,0,0,0,0,0,0.02318,0,0,0
org.eclipse.jdt.core.jdom.DOMFactory,0,0.008961,0.010211,0,1.01,0.004497,0,1.11,0,4.098476,0,0,0,0,0,18,0,0,2.14677,0,0,0,13,81,0,17,1,1,0,0,106,0,32,0,0.011714,0.01009,1.01,1.3,14,1.01,1,0,0,0,2.12,0.556226,0,0.012138,0,0.011391,0,17,0.021716,1.02,0.316807,0
org.eclipse.jdt.core.jdom.IDOMCompilationUnit,0,0,0.010211,0,0,0.002802,0,1.08,0,3.373545,0,0,0,0,0,4,0,0,1.973969,0,0,0,1,6,0,4,0,7,0,0,6,0,4,0,0,0,0,0,8,0,0,0,0,0,1.08,0.545113,0,0,0,0,0,4,0.010328,0,0.316807,0
org.eclipse.jdt.core.jdom.IDOMFactory,0,0,0,0,0,0.002348,0,0,0,3.373545,0,0,0,0,0,17,0,0,1.973969,0,0,0,7,19,0,17,0,8,0,0,136,0,17,0,0,0,0,0,15,0,0,0,0,0,0,0.545113,0,0,0,0,0,17,0,0,0.316807,0
org.eclipse.jdt.core.jdom.IDOMField,0,0,0.010211,0,0,0.003265,0,1.01,0,3.480503,0,0,0,0,0,6,0,0,2.00575,0,0,0,1,8,0,6,0,4,0,0,15,0,6,0,0,0,0,0,5,0,0,0,0,0,1.01,0.548501,0,0,0,0,0,6,0.010328,0,0.316807,0
org.eclipse.jdt.core.jdom.IDOMImport,0,0,0.010211,0,0,0.004208,0,1.01,0,4.036598,0,0,0,0,0,5,0,0,2.132291,0,0,0,1,7,0,5,0,4,0,0,10,0,5,0,0,0,0,0,5,0,0,0,0,0,1.01,0.555367,0,0,0,0,0,5,0.010328,0,0.316807,0
org.eclipse.jdt.core.jdom.IDOMInitializer,0,0,0.010211,0,0,0.003265,0,1.01,0,3.480503,0,0,0,0,0,4,0,0,2.00575,0,0,0,1,6,0,4,0,4,0,0,6,0,4,0,0,0,0,0,5,0,0,0,0,0,1.01,0.548501,0,0,0,0,0,4,0.010328,0,0.316807,0
org.eclipse.jdt.core.jdom.IDOMMember,0,0,0,0,0,0.003371,0,0,0,3.480503,0,0,0,0,0,4,0,0,2.00575,0,0,0,1,6,0,4,0,6,0,0,6,0,4,0,0,0,0,0,7,0,0,0,0,0,0,0.548501,0,0,0,0,0,4,0,0,0.316807,0
org.eclipse.jdt.core.jdom.IDOMMethod,0,0,0.010211,0,0,0.003265,0,1.02,0,3.480503,0,0,0,0,0,19,0,0,2.00575,0,0,0,1,21,0,19,0,6,0,0,171,0,19,0,0,0,0,0,7,0,0,0,0,0,1.02,0.548501,0,0,0,0,0,19,0.010328,0,0.316807,0
org.eclipse.jdt.core.jdom.IDOMNode,0,0,0.010211,0,0,0.002454,0,1.2,0,3.373545,0,0,0,7,0,19,0,0,1.973969,0,0,0,2,28,0,19,0,16,0,0,171,0,19,0,0,0,0,0,18,0,7,0,0,0,1.2,0.545113,0,0,0,0,0,19,0.010328,0,0.316807,0
org.eclipse.jdt.core.jdom.IDOMPackage,0,0,0.010211,0,0,0.003265,0,1.02,0,3.480503,0,0,0,0,0,2,0,0,2.00575,0,0,0,1,4,0,2,0,4,0,0,1,0,2,0,0,0,0,0,5,0,0,0,0,0,1.02,0.548501,0,0,0,0,0,2,0.010328,0,0.316807,0
org.eclipse.jdt.core.jdom.IDOMType,0,0,0.010211,0,0,0.003265,0,1.01,0,3.480503,0,0,0,0,0,15,0,0,2.00575,0,0,0,1,17,0,15,0,5,0,0,105,0,15,0,0,0,0,0,6,0,0,0,0,0,1.01,0.548501,0,0,0,0,0,15,0.010328,0,0.316807,0
org.eclipse.jdt.core.search.FieldDeclarationMatch,0,0,0,0,0,0.001763,0,0,0,2.221467,0,0,0,0,0,1,0,0,0.530096,0,0,0,3,5,2,0,2,2,0,0,0,0,2,0,0,0,0,0,5,0,0,0,0,0,0,0.034018,2.07,0,0.022969,0,24,0,0,0,0,0
org.eclipse.jdt.core.search.FieldReferenceMatch,0,0,0.162404,0,0,0.016006,0,1.02,0,2.91766,0,0,0,0,0,3,0,0,0.887006,0,0.152868,0,3,15,3,2,4,3,0,1.02,1,1.01,4,0,0,0.076045,0,0,6,1.01,2,2,0,0.162602,1.02,0.133162,3.1,0,0.181197,0.135056,27,2,0.155412,1.01,0.003015,0
org.eclipse.jdt.core.search.IJavaSearchConstants,0,0,0.239419,5.26,5.26,0.093013,0,9.2,0,6.433184,0.262599,0,0,48,0,0,0,0,3.007151,0,0,0,1,50,0,0,0,22,0,0,0,0,0,0,0.266332,0.2084,0,0,23,0,48,0,0,0,9.2,0.719108,0,0,0,0,0,0,0.237856,5.26,0.317385,0
org.eclipse.jdt.core.search.IJavaSearchResultCollector,0,0,0,0,0,0.001763,0,0,0,2.221467,0,0,0,2,0,4,0,0,0.530096,0,0,0,1,14,0,4,0,1,0,0,6,0,4,0,0,0,0,0,2,0,2,0,0,0,0,0.034018,0,0,0,0,0,4,0,0,0,0
org.eclipse.jdt.core.search.IJavaSearchScope,0,0,0.363464,0,0,0.001763,0,7.07,0,2.221467,0,0,0,5,0,7,0,0,0.530096,0,0,0,1,14,0,7,0,32,0,0,21,0,7,0,0,0,0,0,33,0,5,0,0,0,7.07,0.034018,0,0,0,0,0,7,0.360954,0,0,0
org.eclipse.jdt.core.search.ISearchPattern,0,0,0,0,0,0.001763,0,0,0,2.221467,0,0,0,0,0,0,0,0,0.530096,0,0,0,0,2,0,0,0,1,0,0,0,0,0,0,0,0,0,0,1,0,0,0,0,0,0,0.034018,0,0,0,0,0,0,0,0,0,0
org.eclipse.jdt.core.search.ITypeNameRequestor,0,0,0.01124,0,0,0.001093,0,1.02,0,2.66125,0,0,0,0,0,2,0,0,0.621055,0,0,0,0,4,0,2,0,1,0,0,1,0,2,0,0,0,0,0,1,0,0,0,0,0,1.02,0.036988,0,0,0,0,0,2,0.011217,0,0,0
org.eclipse.jdt.core.search.LocalVariableDeclarationMatch,0,0,0,0,0,0.001763,0,0,0,2.221467,0,0,0,0,0,1,0,0,0.530096,0,0,0,3,5,2,0,2,1,0,0,0,0,2,0,0,0,0,0,4,0,0,0,0,0,0,0.034018,2.07,0,0.022969,0,24,0,0,0,0,0
org.eclipse.jdt.core.search.LocalVariableReferenceMatch,0,0,0,0,0,0.001763,0,0,0,2.221467,0,0,0,0,0,3,0,0,0.530096,0,0,0,3,16,2,2,2,1,0,0,1,0,5,0,0,0,0,0,4,0,2,2,0,0,0,0.034018,2.07,0,0.022969,0,24,2,0,0,0,0
org.eclipse.jdt.core.search.MethodDeclarationMatch,0,0,0,0,0,0.001763,0,0,0,2.221467,0,0,0,0,0,1,0,0,0.530096,0,0,0,3,5,2,0,2,2,0,0,0,0,2,0,0,0,0,0,5,0,0,0,0,0,0,0.034018,2.07,0,0.022969,0,24,0,0,0,0,0
org.eclipse.jdt.core.search.MethodReferenceMatch,0,0.038204,0.162404,0,1.01,0.086413,0.049992,1.02,0.021739,5.562309,0,0,3.03,0,0,6,0,1.01,2.483417,0,0.152868,3.04,3,26,3,3,4,3,0,1.02,3,1.01,7,0.047772,0.021739,0.132209,0,4.08,6,4.05,3,3,3.03,0.162602,1.02,0.557622,3.1,0,0.181197,0.199807,27,3,0.155412,4.15,0.296882,0.047772
org.eclipse.jdt.core.search.PackageDeclarationMatch,0,0,0,0,0,0.001763,0,0,0,2.221467,0,0,0,0,0,1,0,0,0.530096,0,0,0,3,5,2,0,2,1,0,0,0,0,2,0,0,0,0,0,4,0,0,0,0,0,0,0.034018,2.07,0,0.022969,0,24,0,0,0,0,0
org.eclipse.jdt.core.search.PackageReferenceMatch,0,0,0.162404,0,0,0.008196,0,1.02,0,3.463236,0,0,0,0,0,1,0,0,1.921368,0,0.152868,0,3,5,3,0,4,3,0,1.02,0,1.01,2,0,0,0.076045,0,0,6,1.01,0,0,0,0.162602,1.02,0.507278,3.1,0,0.181197,0.135056,27,0,0.155412,1.01,0.296882,0
org.eclipse.jdt.core.search.ReferenceMatch,0,0,0,0,0,0.020867,0,0,0,0.442872,0,0,0,0,1,3,0,0,0.246942,0,0,0,3,12,2,2,2,2,0,0,1,0,5,0,0,0,0,0,5,0,0,0,0,0,0,0.073812,0,0,0,0,24,1,0,0,0.002984,0
org.eclipse.jdt.core.search.SearchDocument,0,0,0,0,0,0.001763,0,0,0,2.221467,0,0,0,0,1,8,0,0,0.530096,0,0.016593,0,2,23,2,7,2,11,0,0,21,1.01,10,0,0,0,0,0,12,0,2,2,0,0,0,0.034018,0,0,0,0,0,7,0,0,0,0
org.eclipse.jdt.core.search.SearchEngine,0,0.043504,0.04336,0,0,0.095408,0.07451,3.03,0,11.471595,0,0,5.06,0,0,33,0,0,4.131063,0,0,5.06,25,246,0,29,1,8,0,0,274,0,67,0.071931,0,0.107722,4.05,5.77,32,7.12,1,1,5.06,0,6.07,0.746508,0,0.062651,0,0.16616,0,29,0.091947,6.92,0.316807,0.072081
org.eclipse.jdt.core.search.SearchMatch,0,0.017216,0.172615,0,3.03,0.032627,0.022302,2.05,0.04498,4.412834,0,0,2.07,2,9,25,0,3.03,1.04473,2.05,0,2.07,4,133,0,24,1,21,0.14601,0,208,0,31,0.02219,0.044413,0.036551,0,3.08,25,2.08,13,11,2.07,0,2.05,0.065627,0,0,0,0.020588,0,24,0.16574,3.33,0,0.022151
org.eclipse.jdt.core.search.SearchParticipant,0,0.01153,0.244044,0,0,0.007105,0.014406,3.06,0,6.191125,0,0,1.01,0,1,10,0,0,2.621196,0,0,1.01,7,32,0,9,1,37,0,0,36,0,21,0.014206,0,0.129198,1.01,1.08,41,5.08,0,0,1.01,0,4.07,0.564471,0,0.012138,0,0.159959,0,9,0.246517,4.11,0.294474,0.014342
org.eclipse.jdt.core.search.SearchPattern,7,0.071855,0.074998,3.03,3.04,0.766338,0.057792,4.07,0.012305,13.869891,0.068327,4.04,4.07,10,2,26,0.038012,1.01,3.748728,0,0,4.07,34,1131,3,25,2,47,0,0,294,0,97,0.081889,0.061022,0.329628,4.06,6.46,67,7.19,12,2,2.05,0,6.11,0.384018,2.02,0.070237,0.055351,0.15481,5,18,0.098601,19.51,0.000061,0.081961
org.eclipse.jdt.core.search.SearchRequestor,0,0,0,0,0,0.001763,0,0,0,2.221467,0,0,0,0,0,6,0,0,0.530096,0,0,0,2,11,0,5,1,5,0,0,10,0,6,0,0,0,0,0,6,0,0,0,0,0,0,0.034018,0,0,0,0,0,5,0,0,0,0
org.eclipse.jdt.core.search.TypeDeclarationMatch,0,0,0,0,0,0.001763,0,0,0,2.221467,0,0,0,0,0,1,0,0,0.530096,0,0,0,3,5,2,0,2,2,0,0,0,0,2,0,0,0,0,0,5,0,0,0,0,0,0,0.034018,2.07,0,0.022969,0,24,0,0,0,0,0
org.eclipse.jdt.core.search.TypeNameMatch,0,0.003072,0.01862,0,1.02,0.067539,0.013558,1.02,0.021556,3.003818,0,0,1.01,0,1,9,0,1.02,0.834097,1.01,0,1.02,5,27,0,8,1,5,0.021509,0,28,0,16,0.01419,0.020102,0.015908,1.01,1.28,10,1.03,0,0,1.01,0,1.01,0.082424,0,0.021383,0,0.018702,0,8,0.019795,1.16,0,0.014115
org.eclipse.jdt.core.search.TypeNameMatchRequestor,0,0,0,0,0,0.004945,0,0,0,1.65229,0,0,0,0,0,2,0,0,0.458978,0,0,0,1,3,0,1,1,3,0,0,0,0,2,0,0,0,0,0,4,0,0,0,0,0,0,0.045338,0,0,0,0,0,1,0,0,0,0
org.eclipse.jdt.core.search.TypeNameRequestor,0,0,0.04336,0,0,0.011252,0,3.03,0,2.645768,0,0,0,0,0,2,0,0,0.706946,0,0,0,0,4,0,1,1,4,0,0,0,0,2,0,0,0,0,0,4,0,0,0,0,0,3.03,0.067663,0,0,0,0,0,1,0.04254,0,0,0
org.eclipse.jdt.core.search.TypeParameterDeclarationMatch,0,0,0,0,0,0.004108,0,0,0,1.628493,0,0,0,0,0,1,0,0,0.36379,0,0,0,3,5,2,0,2,1,0,0,0,0,2,0,0,0,0,0,4,0,0,0,0,0,0,0.018524,2.07,0,0.022969,0,24,0,0,0,0,0
org.eclipse.jdt.core.search.TypeParameterReferenceMatch,0,0,0,0,0,0.004368,0,0,0,1.628493,0,0,0,0,0,1,0,0,0.36379,0,0,0,3,6,2,0,2,1,0,0,0,0,3,0,0,0,0,0,4,0,0,0,0,0,0,0.018524,2.07,0,0.022969,0,24,0,0,0,0,0
org.eclipse.jdt.core.search.TypeReferenceMatch,0,0.141432,0.086103,0,2.03,0.030072,0.181073,2.03,0.171484,4.601444,0,0,2.05,0,0,4,0,2.03,2.1926,0,0.152868,2.05,3,19,3,3,4,4,0,1.02,1,1.01,8,0.150674,0.166173,0.086746,0,2.03,7,2.05,1,1,2.05,0.162602,2.03,0.52441,3.1,0,0.181197,0.147644,27,3,0.08345,2.15,0.296882,0.15081
org.eclipse.jdt.core.util.ByteCodeVisitorAdapter,0,0,0,0,0,0.001763,0,0,0,2.221467,0,0,0,0,0,206,0,0,0.530096,0,0,0,2,444,0,205,1,0,0,0,20910,0,206,0,0,0,0,0,2,0,0,0,0,0,0,0.034018,0,0,0,0,0,205,0,0,0,0
org.eclipse.jdt.core.util.ClassFileBytesDisassembler,0,0,0.024981,2.02,2.02,0.001819,0,2.02,0,1.519896,0.023884,0,0,5,1,4,0,0,0.347178,0,0,0,1,10,0,3,1,4,0,0,3,0,4,0,0.023944,0.018086,0,0,5,0,5,0,0,0,2.02,0.019133,0,0,0,0,0,3,0.024774,2.02,0,0
org.eclipse.jdt.core.util.ClassFormatException,0,0,0.041668,0,0,0.001763,0,3.05,0,2.221467,0,0,0,8,0,2,0,0,0.530096,0,0,0,0,16,0,0,3,36,0,0,0,0,3,0,0,0,0,0,36,0,9,1,0,0,3.05,0.034018,0,0,0,0,0,0,0.041014,0,0,0
org.eclipse.jdt.core.util.CompilationUnitSorter,1,0.037086,0,0,0,0.149677,0.038943,0,0,6.497288,0,1.01,3.03,1,0,5,0.012789,0,2.779261,0,0,3.03,7,45,0,4,1,0,0,0,6,0,10,0.052103,0,0.03918,2.03,3.06,7,3.05,1,0,2.02,0,2.03,0.611906,0,0.038149,0,0.050018,0,3,0.038927,3.28,0.316807,0.052089
org.eclipse.jdt.core.util.IAnnotation,0,0,0,0,0,0.001763,0,0,0,2.221467,0,0,0,0,0,4,0,0,0.530096,0,0,0,1,6,0,4,0,10,0,0,6,0,4,0,0,0,0,0,11,0,0,0,0,0,0,0.034018,0,0,0,0,0,4,0,0,0,0
org.eclipse.jdt.core.util.IAnnotationComponent,0,0,0,0,0,0.001763,0,0,0,2.221467,0,0,0,0,0,3,0,0,0.530096,0,0,0,1,5,0,3,0,4,0,0,3,0,3,0,0,0,0,0,5,0,0,0,0,0,0,0.034018,0,0,0,0,0,3,0,0,0,0
org.eclipse.jdt.core.util.IAnnotationComponentValue,0,0.006753,0,0,0,0.008554,0.010464,0,0,2.197899,0,0,1.01,13,0,12,0,0,0.492507,0,0,1.01,2,27,0,12,0,6,0,0,66,0,12,0.010215,0,0.008618,0,1.12,8,1.01,13,0,1.01,0,0,0.025357,0,0,0,0.010056,0,12,0,1.01,0,0.010215
org.eclipse.jdt.core.util.IAnnotationDefaultAttribute,0,0,0,0,0,0.001763,0,0,0,2.221467,0,0,0,0,0,1,0,0,0.530096,0,0,0,2,3,0,1,0,2,0,0,0,0,1,0,0,0,0,0,4,0,0,0,0,0,0,0.034018,0,0,0,0,0,1,0,0,0,0
org.eclipse.jdt.core.util.IAttributeNamesConstants,0,0,0,2.02,2.02,0.003703,0,0,0,3.88233,0.026291,0,0,19,0,0,0,0,2.089118,0,0,0,0,21,0,0,0,5,0,0,0,0,1,0,0.026507,0.018761,0,0,5,0,19,0,0,0,0,0.551187,0,0,0,0,0,0,0,2.02,0.316807,0
org.eclipse.jdt.core.util.IBytecodeVisitor,0,0,0,0,0,0.003331,0,0,0,3.79403,0,0,0,0,0,205,0,0,2.108714,0,0,0,1,264,0,205,0,5,0,0,20910,0,205,0,0,0,0,0,6,0,0,0,0,0,0,0.563431,0,0,0,0,0,205,0,0,0.316807,0
org.eclipse.jdt.core.util.IClassFileAttribute,0,0,0.028685,0,0,0.001763,0,2.02,0,2.221467,0,0,0,0,0,3,0,0,0.530096,0,0,0,0,5,0,3,0,27,0,0,3,0,3,0,0,0,0,0,27,0,0,0,0,0,2.02,0.034018,0,0,0,0,0,3,0.028479,0,0,0
org.eclipse.jdt.core.util.IClassFileDisassembler,0,0,0,0,0,0.002012,0,0,0,3.182736,0,0,0,2,0,2,0,0,0.793132,0,0,0,1,6,0,2,0,1,0,0,1,0,2,0,0,0,0,0,2,0,2,0,0,0,0,0.059032,0,0,0,0,0,2,0,0,0,0
org.eclipse.jdt.core.util.IClassFileReader,0,0,0.013887,0,0,0.001763,0,1.01,0,2.221467,0,0,0,8,0,21,0,0,0.530096,0,0,0,6,31,0,21,0,8,0,0,210,0,21,0,0,0,0,0,14,0,8,0,0,0,1.01,0.034018,0,0,0,0,0,21,0.013732,0,0,0
org.eclipse.jdt.core.util.ICodeAttribute,0,0,0.010867,0,0,0.001763,0,1.01,0,2.221467,0,0,0,0,0,11,0,0,0.530096,0,0,0,6,13,0,11,0,7,0,0,55,0,11,0,0,0,0,0,13,0,0,0,0,0,1.01,0.034018,0,0,0,0,0,11,0.010606,0,0,0
org.eclipse.jdt.core.util.IConstantPool,0,0,0.041668,0,0,0.001763,0,3.05,0,2.221467,0,0,0,0,0,3,0,0,0.530096,0,0,0,1,5,0,3,0,35,0,0,3,0,3,0,0,0,0,0,36,0,0,0,0,0,3.05,0.034018,0,0,0,0,0,3,0.041014,0,0,0
org.eclipse.jdt.core.util.IConstantPoolConstant,0,0,0.014154,0,0,0.003054,0,1.01,0,3.480503,0,0,0,22,0,0,0,0,2.00575,0,0,0,0,24,0,0,0,20,0,0,0,0,0,0,0,0,0,0,20,0,22,0,0,0,1.01,0.548501,0,0,0,0,0,0,0.013956,0,0.316807,0
org.eclipse.jdt.core.util.IConstantPoolEntry,0,0,0.014154,0,0,0.006708,0,1.01,0,1.644882,0,0,0,0,0,20,0,0,0.367016,0,0,0,0,22,0,20,0,26,0,0,190,0,20,0,0,0,0,0,26,0,0,0,0,0,1.01,0.018613,0,0,0,0,0,20,0.013956,0,0,0
org.eclipse.jdt.core.util.IConstantValueAttribute,0,0,0,0,0,0.001763,0,0,0,2.221467,0,0,0,0,0,2,0,0,0.530096,0,0,0,2,4,0,2,0,4,0,0,1,0,2,0,0,0,0,0,6,0,0,0,0,0,0,0.034018,0,0,0,0,0,2,0,0,0,0
org.eclipse.jdt.core.util.IEnclosingMethodAttribute,0,0,0,0,0,0.001763,0,0,0,2.221467,0,0,0,0,0,7,0,0,0.530096,0,0,0,1,9,0,7,0,2,0,0,21,0,7,0,0,0,0,0,3,0,0,0,0,0,0,0.034018,0,0,0,0,0,7,0,0,0,0
org.eclipse.jdt.core.util.IExceptionAttribute,0,0,0,0,0,0.001763,0,0,0,2.221467,0,0,0,0,0,3,0,0,0.530096,0,0,0,1,5,0,3,0,4,0,0,3,0,3,0,0,0,0,0,5,0,0,0,0,0,0,0.034018,0,0,0,0,0,3,0,0,0,0
org.eclipse.jdt.core.util.IExceptionTableEntry,0,0,0,0,0,0.001763,0,0,0,2.221467,0,0,0,0,0,5,0,0,0.530096,0,0,0,0,7,0,5,0,4,0,0,10,0,5,0,0,0,0,0,4,0,0,0,0,0,0,0.034018,0,0,0,0,0,5,0,0,0,0
org.eclipse.jdt.core.util.IFieldInfo,0,0,0,0,0,0.001763,0,0,0,2.221467,0,0,0,0,0,11,0,0,0.530096,0,0,0,2,13,0,11,0,5,0,0,55,0,11,0,0,0,0,0,7,0,0,0,0,0,0,0.034018,0,0,0,0,0,11,0,0,0,0
org.eclipse.jdt.core.util.IInnerClassesAttribute,0,0,0,0,0,0.001763,0,0,0,2.221467,0,0,0,0,0,2,0,0,0.530096,0,0,0,2,4,0,2,0,4,0,0,1,0,2,0,0,0,0,0,6,0,0,0,0,0,0,0.034018,0,0,0,0,0,2,0,0,0,0
org.eclipse.jdt.core.util.IInnerClassesAttributeEntry,0,0,0,0,0,0.001763,0,0,0,2.221467,0,0,0,0,0,7,0,0,0.530096,0,0,0,0,9,0,7,0,4,0,0,21,0,7,0,0,0,0,0,4,0,0,0,0,0,0,0.034018,0,0,0,0,0,7,0,0,0,0
org.eclipse.jdt.core.util.ILineNumberAttribute,0,0,0,0,0,0.001763,0,0,0,2.221467,0,0,0,0,0,2,0,0,0.530096,0,0,0,1,4,0,2,0,5,0,0,1,0,2,0,0,0,0,0,6,0,0,0,0,0,0,0.034018,0,0,0,0,0,2,0,0,0,0
org.eclipse.jdt.core.util.ILocalVariableAttribute,0,0,0.010867,0,0,0.001763,0,1.01,0,2.221467,0,0,0,0,0,2,0,0,0.530096,0,0,0,2,4,0,2,0,5,0,0,1,0,2,0,0,0,0,0,7,0,0,0,0,0,1.01,0.034018,0,0,0,0,0,2,0.010606,0,0,0
org.eclipse.jdt.core.util.ILocalVariableTableEntry,0,0,0.010867,0,0,0.001763,0,1.01,0,2.221467,0,0,0,0,0,7,0,0,0.530096,0,0,0,0,9,0,7,0,5,0,0,21,0,7,0,0,0,0,0,5,0,0,0,0,0,1.01,0.034018,0,0,0,0,0,7,0.010606,0,0,0
org.eclipse.jdt.core.util.ILocalVariableTypeTableAttribute,0,0,0,0,0,0.001763,0,0,0,2.221467,0,0,0,0,0,2,0,0,0.530096,0,0,0,2,4,0,2,0,2,0,0,1,0,2,0,0,0,0,0,4,0,0,0,0,0,0,0.034018,0,0,0,0,0,2,0,0,0,0
org.eclipse.jdt.core.util.ILocalVariableTypeTableEntry,0,0,0,0,0,0.001763,0,0,0,2.221467,0,0,0,0,0,7,0,0,0.530096,0,0,0,0,9,0,7,0,4,0,0,21,0,7,0,0,0,0,0,4,0,0,0,0,0,0,0.034018,0,0,0,0,0,7,0,0,0,0
org.eclipse.jdt.core.util.IMethodInfo,0,0,0,0,0,0.001763,0,0,0,2.221467,0,0,0,0,0,13,0,0,0.530096,0,0,0,3,15,0,13,0,6,0,0,78,0,13,0,0,0,0,0,9,0,0,0,0,0,0,0.034018,0,0,0,0,0,13,0,0,0,0
org.eclipse.jdt.core.util.IModifierConstants,0,0,0,0,0,0.003054,0,0,0,3.480503,0,0,0,18,0,0,0,0,2.00575,0,0,0,0,20,0,0,0,5,0,0,0,0,0,0,0,0,0,0,5,0,18,0,0,0,0,0.548501,0,0,0,0,0,0,0,0,0.316807,0
org.eclipse.jdt.core.util.IOpcodeMnemonics,0,0,0,0,0,0.006252,0,0,0,1.572563,0,0,0,204,0,0,0,0,1.578619,0,0,0,0,206,0,0,0,3,0,0,0,0,0,0,0,0,0,0,3,0,204,0,0,0,0,0.529413,0,0,0,0,0,0,0,0,0.316807,0
org.eclipse.jdt.core.util.IParameterAnnotation,0,0,0,0,0,0.001763,0,0,0,2.221467,0,0,0,0,0,2,0,0,0.530096,0,0,0,1,4,0,2,0,6,0,0,1,0,2,0,0,0,0,0,7,0,0,0,0,0,0,0.034018,0,0,0,0,0,2,0,0,0,0
org.eclipse.jdt.core.util.IRuntimeInvisibleAnnotationsAttribute,0,0,0,0,0,0.001763,0,0,0,2.221467,0,0,0,0,0,2,0,0,0.530096,0,0,0,2,4,0,2,0,2,0,0,1,0,2,0,0,0,0,0,4,0,0,0,0,0,0,0.034018,0,0,0,0,0,2,0,0,0,0
org.eclipse.jdt.core.util.IRuntimeInvisibleParameterAnnotationsAttribute,0,0,0,0,0,0.001763,0,0,0,2.221467,0,0,0,0,0,2,0,0,0.530096,0,0,0,2,4,0,2,0,2,0,0,1,0,2,0,0,0,0,0,4,0,0,0,0,0,0,0.034018,0,0,0,0,0,2,0,0,0,0
org.eclipse.jdt.core.util.IRuntimeVisibleAnnotationsAttribute,0,0,0,0,0,0.001763,0,0,0,2.221467,0,0,0,0,0,2,0,0,0.530096,0,0,0,2,4,0,2,0,2,0,0,1,0,2,0,0,0,0,0,4,0,0,0,0,0,0,0.034018,0,0,0,0,0,2,0,0,0,0
org.eclipse.jdt.core.util.IRuntimeVisibleParameterAnnotationsAttribute,0,0,0,0,0,0.001763,0,0,0,2.221467,0,0,0,0,0,2,0,0,0.530096,0,0,0,2,4,0,2,0,2,0,0,1,0,2,0,0,0,0,0,4,0,0,0,0,0,0,0.034018,0,0,0,0,0,2,0,0,0,0
org.eclipse.jdt.core.util.ISignatureAttribute,0,0,0,0,0,0.001763,0,0,0,2.221467,0,0,0,0,0,2,0,0,0.530096,0,0,0,1,4,0,2,0,2,0,0,1,0,2,0,0,0,0,0,3,0,0,0,0,0,0,0.034018,0,0,0,0,0,2,0,0,0,0
org.eclipse.jdt.core.util.ISourceAttribute,0,0,0,0,0,0.001763,0,0,0,2.221467,0,0,0,0,0,2,0,0,0.530096,0,0,0,1,4,0,2,0,4,0,0,1,0,2,0,0,0,0,0,5,0,0,0,0,0,0,0.034018,0,0,0,0,0,2,0,0,0,0
org.eclipse.jdt.core.util.IStackMapAttribute,0,0,0,0,0,0.001199,0,0,0,1.128771,0,0,0,0,0,2,0,0,0.274512,0,0,0,2,4,0,2,0,2,0,0,1,0,2,0,0,0,0,0,4,0,0,0,0,0,0,0.0185,0,0,0,0,0,2,0,0,0,0
org.eclipse.jdt.core.util.IStackMapFrame,0,0,0.014531,0,0,0.008052,0,1.03,0,0.64549,0,0,0,0,0,6,0,0,0.152972,0,0,0,1,8,0,6,0,7,0,0,15,0,6,0,0,0,0,0,8,0,0,0,0,0,1.03,0.009492,0,0,0,0,0,6,0.014524,0,0,0
org.eclipse.jdt.core.util.IStackMapTableAttribute,0,0,0,0,0,0.003112,0,0,0,1.774261,0,0,0,0,0,2,0,0,0.427484,0,0,0,2,4,0,2,0,2,0,0,1,0,2,0,0,0,0,0,4,0,0,0,0,0,0,0.027992,0,0,0,0,0,2,0,0,0,0
org.eclipse.jdt.core.util.IVerificationTypeInfo,0,0,0.028685,1.09,1.09,0.005394,0,2.05,0,2.866957,0.013148,0,0,9,0,4,0,0,0.683068,0,0,0,0,15,0,4,0,5,0,0,6,0,4,0,0.013525,0.012117,0,0,5,0,9,0,0,0,2.05,0.04351,0,0,0,0,0,4,0.028479,1.09,0,0
org.eclipse.jdt.core.util.OpcodeStringValues,0,0,0,0,0,0.003353,0,0,0,3.79403,0,0,0,1,0,1,0,0,2.108714,0,0,0,1,209,0,0,1,1,0,0,0,0,1,0,0,0,0,0,2,0,1,0,0,0,0,0.563431,0,0,0,0,0,0,0,0,0.316807,0
org.eclipse.jdt.internal.antadapter.AntAdapterMessages,0,0,0,0,0,0.001879,0,0,0,2.221467,0,0,0,0,0,3,0,0,0.530096,0,0,0,0,30,0,2,1,2,0,0,0,0,10,0,0,0,0,0,2,0,2,2,0,0,0,0.034018,0,0,0,0,0,2,0,0,0,0
org.eclipse.jdt.internal.codeassist.CompletionElementNotifier,0,0,0,0,0,0.014082,0,0,0,0.632395,0,0,0,0,0,11,0,0,0.303935,0,0,0,27,149,10,10,2,1,0,0,33,0,21,0,0,0,0,0,28,0,1,1,0,0,0,0.079049,0,0,0,0,0,1,0,0,0.000577,0
org.eclipse.jdt.internal.codeassist.CompletionEngine,128,1.069202,0.147259,4.04,22.4,1.830828,0.060542,3.04,0.189217,34.990401,0.054559,27.77,29.86,4,0,155,0.701041,8.13,11.334745,0,0.024319,29.86,192,8746,13,154,2,10,0,0,8365,2.08,493,0.946941,0.548114,1.788848,25.59,109.34,198,41.32,86,25,3.05,0,25.61,1.799273,4.04,0.74848,0.158729,1.579454,10,10,0.782749,106.64,0.390626,0.948724
org.eclipse.jdt.internal.codeassist.CompletionRequestorWrapper,2,0,0,0,0,0.001763,0,0,0,2.221467,0,0,0,0,0,5,0,0,0.530096,0,0,0,9,306,0,4,2,5,0,0,4,0,37,0,0,0,0,0,14,0,2,2,0,0,0,0.034018,4.07,0,0.170187,0,11,2,0,0,0,0
org.eclipse.jdt.internal.codeassist.CompletionUnitStructureRequestor,0,0,0,0,1.01,0.015108,0,0,0.333333,1.070073,0,0,0,0,0,14,0,1.01,0.701123,0,0,0,51,143,15,13,3,2,0,0,66,0,34,0,0.325562,0.292469,0,0,53,0,4,4,0,0,0,0.224942,0,0,0,0,30,0,0,1.09,0.05981,0
org.eclipse.jdt.internal.codeassist.IExtendedCompletionRequestor,0,0,0,0,0,0.001763,0,0,0,2.221467,0,0,0,0,0,1,0,0,0.530096,0,0,0,1,9,0,1,0,1,0,0,0,0,1,0,0,0,0,0,2,0,0,0,0,0,0,0.034018,0,0,0,0,0,1,0,0,0,0
org.eclipse.jdt.internal.codeassist.ISearchRequestor,0,0.007698,0.01862,0,0,0.004428,0.011271,1.01,0,3.395089,0,0,1.03,0,0,2,0,0,0.795633,0,0,1.03,1,4,0,2,0,6,0,0,1,0,2,0.011239,0,0.009796,0,1.09,7,1.03,0,0,1.03,0,1.01,0.048148,0,0,0,0.010568,0,2,0.019795,1.03,0,0.011239
org.eclipse.jdt.internal.codeassist.ISelectionRequestor,0,0.007698,0,0,0,0.012788,0.011271,0,0,4.442077,0,0,1.03,0,0,7,0,0,1.037317,0,0,1.03,1,52,0,7,0,5,0,0,21,0,7,0.011239,0,0.044132,0,1.24,6,1.03,0,0,1.03,0,0,0.062618,0,0,0,0.010568,0,7,0,4.28,0,0.011239
org.eclipse.jdt.internal.codeassist.InternalCompletionContext,0,0.328852,0.116826,0,4.09,0.009896,0,1.01,0,4.541308,0,0,4.09,0,1,12,0,0,2.479407,0,0,4.09,8,67,0,11,1,3,0,0,53,0,13,0.449791,0.469799,0.41702,1.08,4.52,10,4.1,11,0,0,0,1.08,0.664062,0,0.102166,0,0.438055,0,0,0.113349,5.57,0.353708,0.449417
org.eclipse.jdt.internal.codeassist.InternalCompletionProposal,0,0.024041,0,0,3.03,0.096255,0.012821,0,0,4.863548,0,0,3.03,0,1,18,0,0,1.134961,0,0,3.03,9,142,0,17,1,3,0,0,124,0,29,0.036154,0.032197,0.065295,3.04,3.47,11,4.04,21,1,1.01,0,3.04,0.067345,0,0.037523,0,0.046856,0,1,0.038023,6.79,0,0.036154
org.eclipse.jdt.internal.codeassist.InternalExtendedCompletionContext,13,0.316492,0,0,1.01,0.059234,0,0,0.333333,2.044988,0,2.02,2.02,0,0,16,0.474596,1.01,1.351898,0,0,2.02,58,664,0,15,1,2,0,0,77,0,85,0.462407,0.325562,0.536295,1.01,2.21,59,3.03,18,17,0,0,1.01,0.442932,0,0.23139,0,0.665711,0,2,0.243503,3.48,0.092147,0.462407
org.eclipse.jdt.internal.codeassist.MissingTypesGuesser,14,0,0,0,0,0.07985,0,0,0,1.243081,0,0,0,0,0,16,0,0,0.347533,0,0,0,24,375,0,15,2,1,0,0,19,0,53,0,0,0,0,0,24,0,5,5,0,0,0,0.035048,1.48,0,0.015088,0,239,1,0,0,0,0
org.eclipse.jdt.internal.codeassist.RelevanceConstants,0,0,0,10.11,10.11,0.004474,0,0,0,8.083313,0.161308,0,0,31,0,0,0,0,3.139313,0,0,0,0,33,0,0,0,1,0,0,0,0,0,0,0.163147,0.142953,0,0,1,0,31,0,0,0,0,0.625835,0,0,0,0,0,0,0,10.11,0.303326,0
org.eclipse.jdt.internal.codeassist.SelectionEngine,11,0.044622,0.011259,1.01,2.05,0.1616,0.011271,1.01,0.010599,19.910475,0.010822,3.04,5.09,2,0,17,0.031831,1.04,6.403548,0,0.024319,5.09,82,1038,13,16,2,6,0,0,74,2.08,143,0.065389,0.021717,0.455734,9.19,6,86,14.55,22,11,1.03,0,8.18,0.987117,3.03,0.253475,0.03923,0.36064,10,5,0.155245,22.4,0.297666,0.065044
org.eclipse.jdt.internal.codeassist.ThrownExceptionFinder,5,0.015496,0,0,0,0.028529,0,0,0,1.070282,0,1.01,1.01,0,0,14,0.025157,0,0.29852,0,0,1.01,19,94,0,13,2,1,0,0,66,0,28,0.026668,0,0.017581,0,1.12,20,1.02,2,2,0,0,0,0.02969,0,0,0,0.026172,232,8,0,1.13,0,0.026668
org.eclipse.jdt.internal.codeassist.UnresolvedReferenceNameFinder,14,0.033542,0,0,3.03,0.153225,0.025989,0,0.077659,5.049879,0,3.07,3.09,0,0,36,0.057937,3.03,1.409457,0,0,3.09,29,423,0,35,2,1,0,0,499,0,56,0.067351,0.075979,0.101508,2.03,5.25,29,3.12,12,12,1.02,0,2.03,0.140965,1.48,0.055798,0.015088,0.074879,222,21,0.058573,7.06,0,0.067351
org.eclipse.jdt.internal.codeassist.complete.CompletionJavadoc,3,0,0,0,0,0.00811,0,0,0,2.209247,0,0,0,0,0,9,0,0,0.530477,0,0.335709,0,39,220,139,8,3,1,0,0,22,12.36,25,0,0,0.010283,0,0,40,0,1,0,0,0,0,0.034371,3.03,0,0.048763,0,20,5,0,1.02,0,0
org.eclipse.jdt.internal.codeassist.complete.CompletionJavadocParser,4,0,0,0,1.01,0.038722,0,0,0,7.762358,0,0,2.02,2,0,24,0,0,2.009629,0,0.298242,2.02,42,704,57,23,3,1,0,0,0,6.13,77,0.028197,0.023876,0.138785,2.02,0,42,3.04,8,0,0,0,2.02,0.169735,4.04,0.029296,0.447841,0.036411,25,1,0.028254,8.34,0,0.028333
org.eclipse.jdt.internal.codeassist.complete.CompletionNodeDetector,2,0.019323,0,0,0,0.002822,0.025197,0,0,3.46257,0,0,2.05,0,0,86,0,0,0.817854,0,0,2.05,41,276,0,85,2,1,0,0,3562,0,87,0.025203,0,0.022159,2.03,6.1,42,2.05,3,3,2.05,0,2.03,0.050687,5.39,0.023452,0.055701,0.023204,160,83,0.02452,2.15,0,0.025223
org.eclipse.jdt.internal.codeassist.complete.CompletionNodeFound,0,0,0.054442,1.01,1.01,0.002522,0,4.05,0,2.81708,0.010822,0,0,4,0,5,0,0,0.664881,0,0,1.02,3,25,0,0,4,25,0,0,0,0,5,0.011522,0.010964,0.010043,0,0,28,1.02,5,1,0,0,4.05,0.041194,0,0,0,0.011132,0,0,0.053817,1.08,0,0
org.eclipse.jdt.internal.codeassist.complete.CompletionOnAnnotationMemberValuePair,0,0,0,0,0,0.003199,0,0,0,0.877822,0,0,0,1,0,3,0,0,0.196556,0,0.337261,0,9,33,140,2,6,1,0,0,0,13.38,11,0,0,0,0,0,10,0,1,0,0,0,0,0.01009,8.09,0,0.194229,0,60,2,0,0,0,0
org.eclipse.jdt.internal.codeassist.complete.CompletionOnAnnotationOfType,0,0,0.148675,1.02,1.02,0.002518,0,2.02,0,1.518613,0.026556,0,0,2,0,2,0,0,0.384939,0,0.386461,0,5,14,161,1,4,3,0,0,0,16.42,4,0,0.028409,0.024087,1.01,0,8,0,2,0,0,0,3.03,0.03145,1.01,0.010877,0.014591,0,60,1,0.15509,1.02,0,0
org.eclipse.jdt.internal.codeassist.complete.CompletionOnArgumentName,0,0,0.116826,0,0,0.001763,0,1.01,0,2.221467,0,0,0,2,0,4,0,0,0.530096,0,0.348372,0,11,28,148,3,6,3,0,0,3,14.38,16,0,0,0,0,0,14,0,3,1,0,0,1.01,0.034018,3.03,0,0.033734,0,38,3,0.113349,0,0,0
org.eclipse.jdt.internal.codeassist.complete.CompletionOnBrankStatementLabel,0,0,0,0,0,0.00516,0,0,0,1.989135,0,0,0,3,0,4,0,0,0.486512,0,0.318091,0,6,29,135,3,4,2,0,0,3,11.35,9,0,0,0,0,0,8,0,4,1,0,0,0,0.033421,1.01,0,0.015549,0,25,3,0,0,0,0
org.eclipse.jdt.internal.codeassist.complete.CompletionOnClassLiteralAccess,0,0,0,0,0,0.001763,0,0,0,2.221467,0,0,0,2,0,3,0,0,0.530096,0,0.348372,0,6,18,138,2,5,2,0,0,1,14.39,11,0,0,0,0,0,8,0,2,0,0,0,0,0.034018,7.07,0,0.178418,0,54,2,0,0,0,0
org.eclipse.jdt.internal.codeassist.complete.CompletionOnExplicitConstructorCall,0,0,0,0,0,0.001763,0,0,0,2.221467,0,0,0,0,0,3,0,0,0.530096,0,0.348372,0,9,39,144,2,4,2,0,0,1,14.37,14,0,0,0,0,0,11,0,0,0,0,0,0,0.034018,1.01,0,0.015549,0,35,2,0,0,0,0
org.eclipse.jdt.internal.codeassist.complete.CompletionOnFieldName,0,0,0.116826,0,0,0.002311,0,1.01,0,2.838167,0,0,0,1,0,3,0,0,0.672492,0,0.348372,0,8,22,151,2,5,3,0,0,1,14.37,14,0,0,0,0,0,11,0,2,1,0,0,1.01,0.042132,2.02,0,0.018804,0,38,2,0.113349,0,0,0
org.eclipse.jdt.internal.codeassist.complete.CompletionOnFieldType,0,0,0.116826,0,0,0.001763,0,1.01,0,2.221467,0,0,0,1,0,2,0,0,0.530096,0,0.348372,0,7,17,151,1,5,4,0,0,0,14.37,5,0,0,0,0,0,10,0,1,0,0,0,1.01,0.034018,2.02,0,0.018804,0,39,1,0.113349,0,0,0
org.eclipse.jdt.internal.codeassist.complete.CompletionOnImportReference,0,0,0.116826,0,0,0.001763,0,1.01,0,2.221467,0,0,0,0,0,2,0,0,0.530096,0,0.348372,0,2,13,138,1,3,3,0,0,0,14.36,7,0,0,0,0,0,5,0,0,0,0,0,1.01,0.034018,1.01,0,0.015549,0,21,1,0.113349,0,0,0
org.eclipse.jdt.internal.codeassist.complete.CompletionOnJavadoc,0,0,0,1.01,1.01,0.000929,0,0,0,1.748945,0.023363,0,0,8,0,2,0,0,0.466436,0,0,0,0,12,0,2,0,11,0,0,1,0,2,0,0.023876,0.019221,0,0,11,0,8,0,0,0,0,0.041844,0,0,0,0,0,2,0,1.01,0,0
org.eclipse.jdt.internal.codeassist.complete.CompletionOnJavadocAllocationExpression,0,0,0,0,0,0.002701,0.013746,0,0,2.011922,0,0,1.01,2,0,9,0,0,0.517088,0,0.328454,1.01,6,69,148,7,6,3,0,0,0,13.39,13,0.013992,0,0.027782,0,0,9,1.01,2,0,1.01,0,0,0.042051,7.07,0,0.185654,0.011751,66,7,0,2.14,0,0.013992
org.eclipse.jdt.internal.codeassist.complete.CompletionOnJavadocFieldReference,0,0,0,0,0,0.003805,0.013746,0,0,1.402714,0,0,1.01,2,0,11,0,0,0.331466,0,0.3119,2.02,12,93,149,8,7,2,0,0,0,11.35,19,0.027673,0,0.024112,1.03,0,14,2.02,2,0,1.01,0,1.03,0.020379,7.07,0.013502,0.181392,0.023823,68,7,0.013956,2.21,0,0.013992
org.eclipse.jdt.internal.codeassist.complete.CompletionOnJavadocMessageSend,0,0,0,0,0,0.00247,0.013746,0,0,0.757224,0,0,1.01,2,0,9,0,0,0.178494,0,0.335156,1.01,5,68,151,7,6,3,0,0,0,12.36,13,0.013992,0,0.011996,0,0,8,1.01,2,0,1.01,0,0,0.010887,6.06,0,0.167371,0.011751,62,7,0,1.13,0,0.013992
org.eclipse.jdt.internal.codeassist.complete.CompletionOnJavadocParamNameReference,0,0,0,0,0,0.001136,0,0,0,1.069375,0,0,0,3,0,6,0,0,0.252742,0,0.3119,0,6,25,145,4,8,3,0,0,4,11.36,10,0,0,0,0,0,9,0,3,0,0,0,0,0.015548,6.06,0,0.167371,0,74,4,0,0,0,0
org.eclipse.jdt.internal.codeassist.complete.CompletionOnJavadocQualifiedTypeReference,0,0,0,0,0,0.002502,0.013746,0,0,0.757224,0,0,1.01,2,0,9,0,0,0.178494,0,0.3119,1.01,4,64,140,7,7,3,0,0,0,11.36,13,0.013992,0,0.011996,0,0,7,1.01,2,0,1.01,0,0,0.010887,8.08,0,0.292888,0.011751,72,7,0,1.13,0,0.013992
org.eclipse.jdt.internal.codeassist.complete.CompletionOnJavadocSingleTypeReference,0,0,0,0,0,0.002698,0.013746,0,0,0.757224,0,0,1.01,1,0,9,0,0,0.178494,0,0.3119,1.01,4,61,139,7,7,2,0,0,0,11.36,13,0.013992,0,0.011996,0,0,6,1.01,1,0,1.01,0,0,0.010887,7.07,0,0.183318,0.011751,72,7,0,1.13,0,0.013992
org.eclipse.jdt.internal.codeassist.complete.CompletionOnJavadocTag,0,0.014852,0,0,0,0.009093,0,0,0,2.197797,0,0,0,2,0,7,0,0,0.548229,0,0.3119,0,14,118,145,6,8,3,0,0,0,11.36,17,0,0,0.029505,1.02,1.01,17,1.01,3,1,0,0,1.02,0.040343,6.06,0.023945,0.167371,0.022024,75,6,0.021418,2.2,0,0
org.eclipse.jdt.internal.codeassist.complete.CompletionOnJavadocTypeParamReference,0,0,0,0,0,0.00112,0,0,0,1.069375,0,0,0,2,0,6,0,0,0.252742,0,0.3119,0,6,24,139,4,7,3,0,0,4,11.36,10,0,0,0,0,0,9,0,2,0,0,0,0,0.015548,7.07,0,0.183318,0,72,4,0,0,0,0
org.eclipse.jdt.internal.codeassist.complete.CompletionOnKeyword,0,0.008961,0.116826,0,0,0.001859,0.012187,1.01,0,2.839439,0,0,1.01,0,0,3,0,0,0.671116,0,0,1.01,0,5,0,3,0,5,0,0,3,0,3,0.011945,0,0.01009,0,1.02,5,1.01,0,0,1.01,0,1.01,0.041743,0,0,0,0.011391,0,3,0.113349,1.01,0,0.011954
org.eclipse.jdt.internal.codeassist.complete.CompletionOnKeyword1,0,0.008961,0,1.01,1.01,0.002243,0.012187,0,0,2.839439,0.011527,0,1.01,1,0,8,0,0,0.671116,0,0.348372,1.01,5,29,136,6,6,1,0,0,15,14.39,12,0.011945,0.011714,0.01009,0,1.05,6,1.01,2,1,1.01,0,0,0.041743,9.09,0,0.303935,0.011391,70,5,0,1.04,0,0.011954
org.eclipse.jdt.internal.codeassist.complete.CompletionOnKeyword2,0,0.008961,0.116826,0,0,0.002091,0.012187,1.01,0,3.263324,0,0,1.01,0,0,5,0,0,0.770886,0,0.348372,1.01,4,21,138,4,3,2,0,0,4,14.36,10,0.011945,0,0.01009,0,1.03,6,1.01,2,2,1.01,0,1.01,0.047798,1.01,0,0.015549,0.011391,21,4,0.113349,1.03,0,0.011954
org.eclipse.jdt.internal.codeassist.complete.CompletionOnKeyword3,0,0.008961,0,0,0,0.002051,0.012187,0,0,2.839439,0,0,1.01,0,0,7,0,0,0.671116,0,0.348372,1.01,5,26,143,5,7,1,0,0,10,14.39,11,0.011945,0,0.01009,0,1.04,6,1.01,1,1,1.01,0,0,0.041743,7.07,0,0.178418,0.011391,73,5,0,1.03,0,0.011954
org.eclipse.jdt.internal.codeassist.complete.CompletionOnLocalName,0,0.006517,0,0,0,0.003306,0.005609,0,0,2.863541,0,0,1.01,1,0,4,0,0,0.680718,0,0.348372,1.01,8,27,148,3,5,2,0,0,3,14.38,15,0.006519,0,0.009071,0,1.02,10,1.01,2,1,1.01,0,0,0.043061,1.01,0,0.015549,0.010568,34,3,0,1.04,0,0.006519
org.eclipse.jdt.internal.codeassist.complete.CompletionOnMarkerAnnotationName,0,0,0.116826,0,0,0.002459,0,1.01,0,2.81708,0,0,0,0,0,2,0,0,0.664881,0,0.348372,0,11,17,139,1,6,3,0,0,0,14.39,9,0,0,0.010043,1.06,0,14,1.05,0,0,0,0,2.07,0.041194,9.1,0.00995,0.205277,0.011132,61,1,0.123913,1.09,0,0
org.eclipse.jdt.internal.codeassist.complete.CompletionOnMemberAccess,0,0,0,1.01,1.01,0.00652,0,0,0,4.871914,0.023363,0,0,1,0,3,0,0,2.284158,0,0.348372,0,10,34,145,2,6,2,0,0,1,14.39,13,0,0.023876,0.035129,1.05,0,12,1.02,1,0,0,0,1.05,0.530977,8.08,0.021383,0.19244,0.018702,67,2,0.019795,2.18,0.294104,0
org.eclipse.jdt.internal.codeassist.complete.CompletionOnMemberValueName,0,0,0.116826,0,0,0.002268,0,1.01,0,0.877822,0,0,0,0,0,2,0,0,0.196556,0,0.351606,0,1,11,135,1,3,3,0,0,0,14.38,6,0,0,0,0,0,4,0,0,0,0,0,1.01,0.01009,2.02,0,0.030637,0,18,1,0.113349,0,0,0
org.eclipse.jdt.internal.codeassist.complete.CompletionOnMessageSend,0,0,0,0,0,0.00437,0,0,0,3.45614,0,0,0,0,0,3,0,0,0.813513,0,0.371628,0,9,39,148,2,5,2,0,0,1,15.4,15,0,0,0.01009,1.01,0,11,1.01,0,0,0,0,1.01,0.049857,7.07,0.012138,0.178418,0.011391,61,2,0.011388,1.1,0,0
org.eclipse.jdt.internal.codeassist.complete.CompletionOnMessageSendName,0,0,0,0,0,0.014313,0,0,0,1.697993,0,0,0,0,0,3,0,0,1.65564,0,0.272633,0,7,40,148,2,5,2,0,0,1,8.24,16,0,0,0.292469,1.03,0,9,0,0,0,0,0,1.03,0.553436,3.03,0.323746,0.120432,0,61,2,0.325837,1.05,0.353131,0
org.eclipse.jdt.internal.codeassist.complete.CompletionOnMethodName,0,0,0.116826,0,0,0.001763,0,1.01,0,2.221467,0,0,0,1,0,3,0,0,0.530096,0,0.348372,0,9,32,150,2,4,3,0,0,1,14.36,14,0,0,0,0,0,12,0,1,0,0,0,1.01,0.034018,1.01,0,0.015549,0,42,2,0.113349,0,0,0
org.eclipse.jdt.internal.codeassist.complete.CompletionOnMethodReturnType,0,0,0.116826,0,0,0.001763,0,1.01,0,2.221467,0,0,0,0,0,3,0,0,0.530096,0,0.348372,0,8,14,150,2,4,3,0,0,1,14.36,6,0,0,0,0,0,11,0,0,0,0,0,1.01,0.034018,1.01,0,0.015549,0,42,2,0.113349,0,0,0
org.eclipse.jdt.internal.codeassist.complete.CompletionOnMethodTypeParameter,0,0,0.116826,0,0,0.002311,0,1.01,0,2.838167,0,0,0,0,0,3,0,0,0.672492,0,0.348372,0,9,24,150,2,4,2,0,0,1,14.36,9,0,0,0,0,0,11,0,0,0,0,0,1.01,0.042132,1.01,0,0.015549,0,42,2,0.113349,0,0,0
org.eclipse.jdt.internal.codeassist.complete.CompletionOnPackageReference,0,0,0.116826,0,0,0.001803,0,1.01,0,2.645352,0,0,0,0,0,2,0,0,0.629865,0,0.348372,0,3,13,138,1,3,3,0,0,0,14.36,7,0,0,0,0,0,6,0,0,0,0,0,1.01,0.040073,1.01,0,0.015549,0,21,1,0.113349,0,0,0
org.eclipse.jdt.internal.codeassist.complete.CompletionOnParameterizedQualifiedTypeReference,0,0.015496,0.116826,0,0,0.00377,0.028139,1.01,0,4.023853,0,0,1.01,5,0,9,0,0,1.007556,0,0.348372,1.01,8,82,139,7,8,3,0,0,1,14.39,17,0.026668,0,0.017581,0,1.02,11,1.01,6,1,1.01,0,1.01,0.07659,9.09,0,0.303935,0.026172,71,7,0.113349,1.03,0,0.026668
org.eclipse.jdt.internal.codeassist.complete.CompletionOnQualifiedAllocationExpression,0,0,0,0,0,0.001763,0,0,0,2.221467,0,0,0,0,0,3,0,0,0.530096,0,0.412665,0,10,32,145,2,6,2,0,0,1,15.4,13,0,0,0,0,0,12,0,0,0,0,0,0,0.034018,7.07,0,0.178418,0,64,2,0,0,0,0
org.eclipse.jdt.internal.codeassist.complete.CompletionOnQualifiedNameReference,0,0,0.116826,1.01,1.01,0.004629,0,1.01,0,5.450187,0.010822,0,0,2,0,3,0,0,2.390616,0,0.348372,0,14,35,148,2,7,3,0,0,1,14.39,16,0,0.010964,0.025951,2.02,0,17,1.01,2,0,0,0,3.03,0.530803,7.08,0.128852,0.178418,0.018702,80,2,0.23727,2.05,0.294104,0
org.eclipse.jdt.internal.codeassist.complete.CompletionOnQualifiedTypeReference,0,0.122372,0.13098,1.04,1.05,0.008873,0.241946,2.04,0.01318,5.92339,0.013148,0,3.05,5,0,11,0,1.01,2.767984,1.03,0.348372,3.06,9,70,137,9,6,3,0.01375,0,6,14.39,22,0.192481,0.013525,0.253808,1.01,3.06,12,4.07,6,1,3.05,0,3.05,0.659954,9.09,0.137072,0.303935,0.304463,69,8,0.264963,4.4,0.304707,0.192515
org.eclipse.jdt.internal.codeassist.complete.CompletionOnSingleNameReference,0,0,0.116826,2.02,2.02,0.0035,0,1.01,0,4.248372,0.131285,0,0,4,0,4,0,0,2.113147,0,0.348372,0,5,25,143,2,7,3,0,0,1,14.39,10,0,0.129746,0.099357,1.01,0,8,1.01,4,0,0,0,2.02,0.519692,7.07,0.00995,0.178418,0.011132,73,2,0.123913,2.06,0.294474,0
org.eclipse.jdt.internal.codeassist.complete.CompletionOnSingleTypeReference,0,0.106875,0.13098,2.05,2.06,0.006586,0.241946,2.04,0.01318,5.92241,0.024159,0,3.05,7,0,12,0,1.01,2.608455,1.03,0.348372,3.06,8,76,136,10,6,4,0.01375,0,13,14.39,20,0.192481,0.024936,0.142226,0,2.07,11,3.06,8,1,3.05,0,2.04,0.587237,9.09,0,0.303935,0.187606,68,9,0.127305,4.39,0.303326,0.192515
org.eclipse.jdt.internal.codeassist.complete.CompletionOnStringLiteral,0,0,0,0,0,0.004894,0,0,0,0.64549,0,0,0,2,0,5,0,0,0.152972,0,0.297257,0,5,25,137,3,6,2,0,0,3,10.35,11,0,0,0,0,0,7,0,2,0,0,0,0,0.009492,6.06,0,0.167371,0,59,3,0,0,0,0
org.eclipse.jdt.internal.codeassist.complete.CompletionParser,27,0.443169,0.147259,7.14,11.32,0.391869,0.051122,3.04,0.125,21.922656,0.271802,7.1,17.69,16,0,209,0.167424,1.01,7.547748,0,0.493947,17.69,122,4012,145,208,3,5,0,0,17274,9.22,496,0.60445,0.354922,0.942715,13.29,119.23,126,23.61,94,1,3.04,0,13.32,1.315347,23.61,0.668024,0.857819,1.154061,285,29,0.689529,47.01,0.386054,0.603542
org.eclipse.jdt.internal.codeassist.complete.CompletionScanner,0,0.020963,0.030433,5.19,4.19,0.072598,0.088835,2.02,0.040423,9.478187,0.104754,2.04,6.16,7,0,8,0.045773,2.06,2.333528,0,0.34654,6.16,6,726,105,7,2,4,0,0,0,8.28,37,0.091316,0.083788,0.15112,2.02,3.6,10,8.25,7,0,6.12,0,4.04,0.168182,9.12,0.029039,0.143236,0.122163,45,7,0.059856,12.74,0,0.091261
org.eclipse.jdt.internal.codeassist.complete.InvalidCursorLocation,0,0,0,0,0,0.001763,0,0,0,2.221467,0,0,0,5,0,1,0,0,0.530096,0,0,0,0,11,0,0,4,2,0,0,0,0,1,0,0,0,0,0,2,0,6,1,0,0,0,0.034018,0,0,0,0,0,0,0,0,0,0
org.eclipse.jdt.internal.codeassist.impl.AssistAnnotation,0,0,0,0,0,0.001956,0,0,0,0.632395,0,0,0,0,0,2,0,0,0.303935,0,0,0,3,10,23,1,5,5,0,0,0,0,4,0,0,0,0,0,8,0,1,1,0,0,0,0.079049,1.01,0,0.193105,0,80,1,0,0,0.000577,0
org.eclipse.jdt.internal.codeassist.impl.AssistCompilationUnit,0,0,0,0,0,0.003586,0,0,0,0.632395,0,0,0,0,0,6,0,0,0.303935,0,0,0,13,25,22,5,5,1,0,0,0,0,14,0,0,0,0,0,14,0,2,2,0,0,0,0.079049,2.09,0,0.318103,0,161,5,0,0,0.000577,0
org.eclipse.jdt.internal.codeassist.impl.AssistImportContainer,0,0,0,0,0,0.002282,0,0,0,0.632395,0,0,0,0,0,3,0,0,0.303935,0,0,0,5,13,20,2,5,2,0,0,0,0,6,0,0,0,0,0,7,0,1,1,0,0,0,0.079049,1.01,0,0.193105,0,78,1,0,0,0.000577,0
org.eclipse.jdt.internal.codeassist.impl.AssistImportDeclaration,0,0,0,0,0,0.001956,0,0,0,0.632395,0,0,0,0,0,2,0,0,0.303935,0,0,0,3,10,22,1,5,2,0,0,0,0,4,0,0,0,0,0,5,0,1,1,0,0,0,0.079049,1.01,0,0.193105,0,80,1,0,0,0.000577,0
org.eclipse.jdt.internal.codeassist.impl.AssistInitializer,0,0,0,0,0,0.002543,0,0,0,0.632395,0,0,0,0,0,3,0,0,0.303935,0,0,0,6,17,20,2,6,2,0,0,0,0,6,0,0,0,0,0,7,0,2,2,0,0,0,0.079049,1.01,0,0.193105,0,90,2,0,0,0.000577,0
org.eclipse.jdt.internal.codeassist.impl.AssistOptions,1,0.011529,0.03214,6.16,6.16,0.016985,0,1.01,0,5.286765,0.085549,1.01,1.01,32,0,4,0.014493,0,1.283039,0,0,1.01,1,202,0,2,1,5,0,0,1,0,10,0.013992,0.084349,0.067223,0,1.01,6,1.02,32,0,0,0,1.01,0.088758,0,0,0,0.011751,0,1,0.029843,6.58,0,0.013992
org.eclipse.jdt.internal.codeassist.impl.AssistPackageDeclaration,0,0,0,0,0,0.002282,0,0,0,0.632395,0,0,0,0,0,3,0,0,0.303935,0,0,0,5,13,21,2,5,2,0,0,0,0,6,0,0,0,0,0,7,0,1,1,0,0,0,0.079049,1.01,0,0.193105,0,76,2,0,0,0.000577,0
org.eclipse.jdt.internal.codeassist.impl.AssistParser,0,0.269385,0.011814,0,3.06,0.040194,0.012576,1.01,0,9.942362,0,0,9.15,2,2,99,0,0,3.712145,0,0.411301,9.15,40,1338,120,98,2,6,0,0,3623,6.16,173,0.314822,0.078422,0.328338,0,19.79,46,11.27,25,0,1.01,0,1.01,0.703362,17.29,0,0.574805,0.338365,352,28,0.012031,14.54,0.296911,0.314793
org.eclipse.jdt.internal.codeassist.impl.AssistSourceField,0,0.220107,0,0,1.01,0.006733,0,0,0.333333,1.070073,0,0,0,0,0,7,0,1.01,0.701123,0,0,0,11,46,21,6,8,2,0,0,5,0,15,0,0.325562,0.292469,1.02,1.02,12,1.01,4,4,0,0,1.02,0.224942,1.01,0.323746,0.193105,0.313252,101,5,0.325837,1.1,0.05981,0
org.eclipse.jdt.internal.codeassist.impl.AssistSourceMethod,0,0.220107,0,0,1.01,0.007059,0,0,0.333333,1.070073,0,0,0,0,0,8,0,1.01,0.701123,0,0,0,13,49,22,7,8,2,0,0,5,0,17,0,0.325562,0.292469,1.02,1.02,14,1.01,4,4,0,0,1.02,0.224942,1.01,0.323746,0.193105,0.313252,111,6,0.325837,1.1,0.05981,0
org.eclipse.jdt.internal.codeassist.impl.AssistSourceType,0,0,0,0,1.01,0.009591,0,0,0.333333,1.627148,0,0,0,0,0,13,0,1.01,0.987193,0,0,0,18,67,21,12,8,5,0,0,0,0,27,0,0.325562,0.292469,0,0,20,1.01,4,4,0,0,0,0.304524,1.01,0,0.193105,0.313252,140,11,0,1.1,0.061191,0
org.eclipse.jdt.internal.codeassist.impl.AssistTypeParameter,0,0,0,0,0,0.001956,0,0,0,0.632395,0,0,0,0,0,2,0,0,0.303935,0,0,0,3,10,22,1,5,3,0,0,0,0,4,0,0,0,0,0,6,0,1,1,0,0,0,0.079049,1.01,0,0.193105,0,80,1,0,0,0.000577,0
org.eclipse.jdt.internal.codeassist.impl.Engine,1,0.041092,0.072417,3.09,2.08,0.049488,0.037176,3.03,0,10.259578,0.043898,0,5.05,12,2,13,0,0,3.819211,0,0,5.05,37,263,0,12,1,5,0,0,52,0,41,0.069019,0.02292,0.237254,4.07,5.5,42,8.14,13,0,3.03,0,7.1,0.731208,0,0.050382,0,0.242478,0,8,0.121038,11.49,0.303903,0.068585
org.eclipse.jdt.internal.codeassist.impl.Keywords,0,0,0,1.01,1.01,0.002843,0,0,0,3.480503,0.21875,0,0,43,0,0,0,0,2.00575,0,0,0,0,45,0,0,0,2,0,0,0,0,1,0,0.236793,0.140245,0,0,2,0,43,0,0,0,0,0.548501,0,0,0,0,0,0,0,1.01,0.316807,0
org.eclipse.jdt.internal.codeassist.select.SelectionJavadoc,1,0.01834,0,0,0,0.009229,0.0252,0,0,1.637026,0,1.01,2.03,0,0,5,0.012048,0,0.373552,0,0.36107,2.03,22,86,139,4,3,1,0,0,4,14.38,12,0.024984,0,0.02093,2.03,2.12,23,2.03,1,0,2.02,0,2.03,0.020497,4.04,0.022739,0.072523,0.023635,21,3,0.022595,2.19,0,0.024978
org.eclipse.jdt.internal.codeassist.select.SelectionJavadocParser,0,0,0,0,0,0.009261,0,0,0,3.437762,0,0,0,0,0,9,0,0,0.90726,0,0.323034,0,14,119,57,8,3,1,0,0,0,8.35,21,0,0,0.07198,1.01,0,14,0,3,0,0,0,1.01,0.083941,6.15,0.00995,0.470659,0,34,1,0.010564,3.06,0,0
org.eclipse.jdt.internal.codeassist.select.SelectionNodeFound,0,0,0.011259,0,0,0.001763,0,1.01,0,2.221467,0,0,0,2,0,3,0,0,0.530096,0,0,0,1,15,0,0,4,17,0,0,0,0,3,0,0,0,0,0,18,0,3,1,0,0,1.01,0.034018,0,0,0,0,0,0,0.011247,0,0,0
org.eclipse.jdt.internal.codeassist.select.SelectionOnArgumentName,0,0,0,0,0,0.001763,0,0,0,2.221467,0,0,0,0,0,4,0,0,0.530096,0,0.348372,0,11,24,148,3,6,1,0,0,3,14.38,14,0,0,0,0,0,12,0,0,0,0,0,0,0.034018,3.03,0,0.033734,0,38,3,0,0,0,0
org.eclipse.jdt.internal.codeassist.select.SelectionOnExplicitConstructorCall,0,0,0,0,0,0.001763,0,0,0,2.221467,0,0,0,0,0,3,0,0,0.530096,0,0.348372,0,8,31,144,2,4,1,0,0,1,14.37,13,0,0,0,0,0,9,0,0,0,0,0,0,0.034018,1.01,0,0.015549,0,35,2,0,0,0,0
org.eclipse.jdt.internal.codeassist.select.SelectionOnFieldReference,0,0,0,0,0,0.001763,0,0,0,2.221467,0,0,0,0,0,3,0,0,0.530096,0,0.348372,0,7,21,145,2,6,1,0,0,1,14.39,12,0,0,0,0,0,8,0,0,0,0,0,0,0.034018,8.08,0,0.19244,0,67,2,0,0,0,0
org.eclipse.jdt.internal.codeassist.select.SelectionOnFieldType,0,0,0,0,0,0.001763,0,0,0,2.221467,0,0,0,0,0,2,0,0,0.530096,0,0.348372,0,6,12,151,1,5,1,0,0,0,14.37,5,0,0,0,0,0,7,0,0,0,0,0,0,0.034018,2.02,0,0.018804,0,39,1,0,0,0,0
org.eclipse.jdt.internal.codeassist.select.SelectionOnImportReference,0,0,0,0,0,0.001763,0,0,0,2.221467,0,0,0,0,0,2,0,0,0.530096,0,0.348372,0,2,13,138,1,3,2,0,0,0,14.36,7,0,0,0,0,0,4,0,0,0,0,0,0,0.034018,1.01,0,0.015549,0,21,1,0,0,0,0
org.eclipse.jdt.internal.codeassist.select.SelectionOnLocalName,0,0.006517,0,0,0,0.003563,0.005609,0,0,2.863541,0,0,1.01,0,0,4,0,0,0.680718,0,0.348372,1.01,8,24,148,3,5,1,0,0,3,14.38,14,0.006519,0,0.009071,0,1.02,9,1.01,0,0,1.01,0,0,0.043061,1.01,0,0.015549,0.010568,34,3,0,1.04,0,0.006519
org.eclipse.jdt.internal.codeassist.select.SelectionOnMessageSend,1,0,0,0,0,0.005809,0,0,0,2.391671,0,0,0,0,0,4,0,0,0.566726,0,0.371628,0,10,60,148,3,5,1,0,0,3,15.4,19,0,0,0.012823,2.02,0,11,0,0,0,0,0,2.02,0.035466,7.07,0.03197,0.178418,0,61,2,0.031696,1.08,0,0
org.eclipse.jdt.internal.codeassist.select.SelectionOnNameOfMemberValuePair,0,0,0,0,0,0.001763,0,0,0,2.221467,0,0,0,0,0,3,0,0,0.530096,0,0.362717,0,6,18,135,2,3,1,0,0,1,15.39,9,0,0,0,0,0,7,0,0,0,0,0,0,0.034018,2.02,0,0.030637,0,17,2,0,0,0,0
org.eclipse.jdt.internal.codeassist.select.SelectionOnPackageReference,0,0,0,0,0,0.001803,0,0,0,2.645352,0,0,0,0,0,2,0,0,0.629865,0,0.348372,0,3,13,138,1,3,2,0,0,0,14.36,7,0,0,0,0,0,5,0,0,0,0,0,0,0.040073,1.01,0,0.015549,0,21,1,0,0,0,0
org.eclipse.jdt.internal.codeassist.select.SelectionOnParameterizedQualifiedTypeReference,0,0,0,0,0,0.005006,0,0,0,3.394262,0,0,0,0,0,4,0,0,0.799033,0,0.348372,0,9,43,139,3,8,1,0,0,3,14.39,14,0,0,0.008948,1.04,0,10,1.03,0,0,0,0,1.04,0.048998,9.09,0.011512,0.303935,0.010031,71,3,0.011677,1.08,0,0
org.eclipse.jdt.internal.codeassist.select.SelectionOnParameterizedSingleTypeReference,0,0,0,0,0,0.001763,0,0,0,2.221467,0,0,0,0,0,4,0,0,0.530096,0,0.348372,0,8,27,139,3,8,1,0,0,3,14.39,12,0,0,0,0,0,9,0,0,0,0,0,0,0.034018,9.09,0,0.303935,0,70,3,0,0,0,0
org.eclipse.jdt.internal.codeassist.select.SelectionOnQualifiedAllocationExpression,0,0,0,0,0,0.025189,0,0,0,4.469768,0,0,0,0,0,4,0,0,2.183111,0,0.412665,0,16,51,145,2,6,1,0,0,1,15.4,16,0,0,0.127734,2.02,0,17,1.01,0,0,0,0,2.02,0.517444,7.07,0.074486,0.178418,0.048621,64,2,0.078136,3.22,0.293898,0
org.eclipse.jdt.internal.codeassist.select.SelectionOnQualifiedNameReference,0,0,0,0,0,0.00302,0,0,0,3.635584,0,0,0,0,0,3,0,0,1.954283,0,0.348372,0,15,40,148,2,7,1,0,0,1,14.39,17,0,0,0,1.01,0,16,0,0,0,0,0,1.01,0.501824,7.08,0.107469,0.178418,0,80,2,0.104125,0,0.294104,0
org.eclipse.jdt.internal.codeassist.select.SelectionOnQualifiedSuperReference,0,0,0,0,0,0.001763,0,0,0,2.221467,0,0,0,0,0,3,0,0,0.530096,0,0.348372,0,6,16,137,2,8,1,0,0,1,14.39,11,0,0,0,0,0,7,0,0,0,0,0,0,0.034018,7.07,0,0.178418,0,62,2,0,0,0,0
org.eclipse.jdt.internal.codeassist.select.SelectionOnQualifiedTypeReference,0,0,0,0,0,0.004741,0,0,0,3.480503,0,0,0,0,0,4,0,0,2.00575,0,0.348372,0,11,34,137,3,6,2,0,0,3,14.39,17,0,0,0.140245,1.02,0,13,1.01,0,0,0,0,1.02,0.548501,9.09,0.23139,0.303935,0.203097,70,2,0.243503,1.05,0.316807,0
org.eclipse.jdt.internal.codeassist.select.SelectionOnSingleNameReference,0,0,0,0,0,0.00322,0,0,0,4.253111,0,0,0,0,0,3,0,0,2.09328,0,0.348372,0,15,38,143,2,7,1,0,0,1,14.39,17,0,0,0.009796,1.01,0,16,1.01,0,0,0,0,1.01,0.509089,7.07,0.107469,0.178418,0.010568,73,2,0.104125,1.06,0.294104,0
org.eclipse.jdt.internal.codeassist.select.SelectionOnSingleTypeReference,0,0,0,0,0,0.003687,0,0,0,3.480503,0,0,0,0,0,5,0,0,2.00575,0,0.348372,0,13,33,136,4,6,2,0,0,6,14.39,18,0,0,0.140245,1.02,0,15,1.01,0,0,0,0,1.02,0.548501,9.09,0.23139,0.303935,0.203097,69,3,0.243503,1.05,0.316807,0
org.eclipse.jdt.internal.codeassist.select.SelectionOnSuperReference,0,0,0,0,0,0.001763,0,0,0,2.221467,0,0,0,0,0,3,0,0,0.530096,0,0.348372,0,5,16,135,2,7,1,0,0,1,14.39,11,0,0,0,0,0,6,0,0,0,0,0,0,0.034018,7.07,0,0.178418,0,63,2,0,0,0,0
org.eclipse.jdt.internal.codeassist.select.SelectionParser,2,0.03126,0.011259,1.01,1.04,0.021514,0,1.01,0,8.705378,0.010453,1.01,3.04,5,0,49,0.010592,0,2.218964,0,0.493947,3.04,64,966,145,48,3,2,0,0,1100,9.22,141,0.047686,0.010754,0.137054,3.07,4.81,65,3.14,8,0,0,0,3.07,0.185551,16.27,0.047934,0.436952,0.049022,407,15,0.044696,8.53,0,0.047663
org.eclipse.jdt.internal.codeassist.select.SelectionScanner,0,0,0,0,0,0.001763,0,0,0,2.221467,0,0,0,3,0,3,0,0,0.530096,0,0.34654,0,2,30,105,2,2,1,0,0,0,8.28,7,0,0,0,0,0,3,0,3,0,0,0,0,0.034018,6.09,0,0.086057,0,49,2,0,0,0,0
org.eclipse.jdt.internal.compiler.ASTVisitor,0,0.004888,0.40182,0,0,0.111461,0.027379,9.13,0,3.398149,0,0,3.32,0,9,240,0,0,0.841951,5.06,0,3.32,95,713,0,239,1,116,0.223389,0,28441,0,240,0.028958,0,0.033529,2.03,333.38,121,3.32,0,0,3.32,0,9.13,0.061064,0,0.043554,0,0.038904,0,239,0.392699,5.86,0,0.028883
org.eclipse.jdt.internal.compiler.AbstractAnnotationProcessorManager,0,0.035691,0.027313,0,0,0.024347,0.059456,1.02,0,2.584629,0,0,2.03,0,0,11,0,0,0.732899,0,0,2.03,4,12,0,10,1,4,0,0,45,0,11,0.051206,0,0.04318,1.01,2.24,7,2.03,0,0,2.03,0,2.03,0.076225,0,0.025329,0,0.052449,0,10,0.056759,2.03,0,0.051191
org.eclipse.jdt.internal.compiler.ClassFile,23,0.28295,0.357099,6.06,6.06,0.851823,0.286803,5.06,0.016321,24.298801,0.385632,3.12,8.25,19,1,70,0.151668,1.01,8.23973,0,0,8.25,67,7426,0,68,1,28,0,0,0,0,263,0.386851,0.269562,0.999847,9.13,6.46,83,26.2,22,1,7.13,0,10.14,1.406883,0,0.218052,0,0.755873,0,44,0.40737,80.92,0.331413,0.386436
org.eclipse.jdt.internal.compiler.ClassFilePool,0,0.096385,0.187354,0,0,0.015278,0,1.02,0,2.746238,0,0,0,1,0,5,0,0,1.843218,0,0,0,2,33,0,4,1,2,0,0,4,0,8,0,0,0.103581,0,1.04,3,0,2,0,0,0,1.02,0.536459,0,0,0,0,0,4,0.180321,1.07,0.303326,0
org.eclipse.jdt.internal.compiler.CompilationResult,3,0.096725,0.638175,6.07,9.13,0.082888,0.105643,8.08,0.083447,13.149486,0.210405,1.01,6.08,21,0,22,0.014514,3.04,4.36514,0,0,6.08,11,289,0,20,1,62,0,0,126,0,56,0.12194,0.250886,0.263928,5.05,7.1,69,7.2,24,3,5.07,0,11.12,0.702113,0,0.116301,0,0.133748,0,17,0.676102,12.49,0.295279,0.121973
org.eclipse.jdt.internal.compiler.Compiler,0,0,0.228349,5.06,6.07,0.206713,0.224988,3.04,0,19.253041,0.394583,2.04,5.06,16,3,24,0.288376,0,7.049076,1.01,0,6.09,39,530,0,19,1,14,0.016129,0,0,0,91,0.378591,0.430123,1.034974,7.09,0,50,12.31,17,0,2.02,0,8.11,1.333678,0,0.494028,0,0.578864,0,11,0.533119,24.27,0.387426,0.366849
org.eclipse.jdt.internal.compiler.ConfigurableOption,0,0.010374,0,0,1.01,0.004299,0.014582,0,0.011308,2.587767,0,0,1.01,1,0,11,0,1.01,0.630603,0,0,1.01,1,127,0,10,1,0,0,0,29,0,23,0.015035,0.013825,0.01245,1.01,1.1,1,1.01,9,8,1.01,0,1.01,0.043645,0,0.023945,0,0.014773,0,10,0.021418,1.04,0,0.014978
org.eclipse.jdt.internal.compiler.DefaultErrorHandlingPolicies,0,0,0,0,0,0.001763,0,0,0,2.221467,0,0,0,0,0,5,0,0,0.530096,0,0,0,1,18,0,4,1,13,0,0,6,0,6,0,0,0,0,0,14,0,0,0,0,0,0,0.034018,0,0,0,0,0,4,0,0,0,0
org.eclipse.jdt.internal.compiler.DocumentElementParser,2,0.025727,0,0,1.01,0.021,0.012576,0,0,7.560732,0,0,3.04,0,0,60,0,0,1.772338,0,0.411301,3.04,39,1052,120,59,2,1,0,0,1007,6.16,156,0.035455,0.013158,0.121915,3.03,5.44,40,5.06,11,8,1.01,0,3.03,0.106814,15.26,0.039403,0.378579,0.066473,358,15,0.040799,11.73,0,0.035115
org.eclipse.jdt.internal.compiler.ICompilerRequestor,0,0,0.014493,0,0,0.001763,0,1.01,0,2.221467,0,0,0,0,0,1,0,0,0.530096,0,0,0,1,3,0,1,0,9,0,0,0,0,1,0,0,0,0,0,10,0,0,0,0,0,1.01,0.034018,0,0,0,0,0,1,0.01364,0,0,0
org.eclipse.jdt.internal.compiler.IDebugRequestor,0,0,0,0,0,0.001763,0,0,0,2.221467,0,0,0,0,0,5,0,0,0.530096,0,0,0,1,7,0,5,0,1,0,0,10,0,5,0,0,0,0,0,2,0,0,0,0,0,0,0.034018,0,0,0,0,0,5,0,0,0,0
org.eclipse.jdt.internal.compiler.IDocumentElementRequestor,0,0,0,0,0,0.00094,0,0,0,1.953727,0,0,0,0,0,17,0,0,0.459879,0,0,0,1,131,0,17,0,2,0,0,136,0,17,0,0,0,0,0,3,0,0,0,0,0,0,0.02818,0,0,0,0,0,17,0,0,0,0
org.eclipse.jdt.internal.compiler.IErrorHandlingPolicy,0,0,0.014493,0,0,0.001763,0,1.01,0,2.221467,0,0,0,0,0,2,0,0,0.530096,0,0,0,0,4,0,2,0,19,0,0,1,0,2,0,0,0,0,0,19,0,0,0,0,0,1.01,0.034018,0,0,0,0,0,2,0.01364,0,0,0
org.eclipse.jdt.internal.compiler.IProblemFactory,0,0.023402,0.027471,0,0,0.010218,0.053343,2.02,0,3.01424,0,0,1.02,0,0,5,0,0,0.784334,0,0,1.02,1,26,0,5,0,19,0,0,10,0,5,0.051596,0,0.059993,0,1.07,20,1.02,0,0,1.02,0,2.02,0.070121,0,0,0,0.05176,0,5,0.027938,2.13,0,0.051596
org.eclipse.jdt.internal.compiler.ISourceElementRequestor,0,0.054348,0.129804,0,0,0.005891,0.065248,2.07,0,6.951961,0,0,1.02,0,0,25,0,0,2.909848,0,0,1.02,3,27,0,25,0,13,0,0,300,0,25,0.050483,0,0.049518,2.02,1.47,16,1.02,0,0,1.02,0,4.09,0.618718,0,0.109651,0,0.049187,0,25,0.244464,1.02,0.294475,0.049775
org.eclipse.jdt.internal.compiler.ProcessTaskManager,1,0,0,0,1.02,0.037604,0,0,0.333333,1.412593,0,0,0,1,0,5,0,1.01,1.047963,0,0,0,4,135,0,4,1,1,0,0,0,0,23,0,0.325562,0.432715,1.02,0,4,2.03,11,3,0,0,1.02,0.363882,0,0.323746,0,0.51635,0,3,0.325837,2.2,0.091571,0
org.eclipse.jdt.internal.compiler.ReadManager,0,0,0,0,1.01,0.025415,0,0,0.333333,0.952453,0,0,0,1,0,4,0,1.01,0.71664,0,0,0,1,152,0,3,1,2,0,0,0,0,18,0,0.325562,0.292469,0,0,3,0,13,1,0,0,0,0.248848,0,0,0,0,0,3,0,1.21,0.068662,0
org.eclipse.jdt.internal.compiler.SourceElementNotifier,8,0,0,0,0,0.050402,0,0,0,1.147171,0,0,0,0,1,19,0,0,0.623387,0,0,0,37,612,0,18,1,2,0,0,119,0,60,0,0,0.103581,0,0,39,0,10,0,0,0,0,0.182005,0,0,0,0,0,1,0,1.06,0.010005,0
org.eclipse.jdt.internal.compiler.SourceElementParser,3,0.32843,0.11183,2.02,6.09,0.12798,0.227411,3.08,0,17.675302,0.128192,6.12,13.33,0,1,51,0.228106,0,5.870712,1.01,0.411301,15.35,53,757,124,49,3,11,0,0,370,6.16,134,0.462193,0.176063,0.605206,5.28,24.77,64,20.08,7,0,2.07,0,7.36,0.945783,18.29,0.320548,0.395544,0.584077,366,8,0.353672,33.26,0.294711,0.436327
org.eclipse.jdt.internal.compiler.SourceElementRequestorAdapter,0,0.054348,0.011259,0,0,0.006677,0.065248,1.01,0,5.134368,0,0,1.02,0,0,26,0,0,2.385362,1.01,0,1.02,4,72,0,25,1,0,0.011765,0,300,0,26,0.050483,0,0.091381,2.02,1.47,4,1.02,0,0,1.02,0,3.03,0.544945,0,0.109651,0,0.049187,0,25,0.128064,2.1,0.293898,0.049775
org.eclipse.jdt.internal.compiler.SourceJavadocParser,0,0,0,0,0,0.008399,0,0,0,4.25359,0,0,0,0,0,4,0,0,1.02491,0,0.298242,0,8,99,57,3,3,1,0,0,1,6.13,16,0,0,0.045058,2.02,0,9,1.02,2,0,0,0,2.02,0.067111,3.04,0.030372,0.433421,0.013486,39,1,0.028822,4.69,0,0
org.eclipse.jdt.internal.compiler.ast.AND_AND_Expression,0,0,0.135953,0,0,0.009162,0,2.02,0,5.949299,0,0,0,0,0,6,0,0,1.421671,0,0.348372,0,13,198,139,5,6,7,0,0,4,14.39,41,0,0,0.049524,0,0,19,2.02,2,0,0,0,2.02,0.092842,9.11,0,0.211293,0.028435,86,5,0.133001,3.06,0,0
org.eclipse.jdt.internal.compiler.ast.ASTNode,1,0.030532,1.035859,14.38,14.38,0.194062,0.014335,24.41,0,25.132548,0.305522,0,1.01,131,6,20,0,0,6.753344,0,0,1.01,32,566,0,19,1,254,0,0,163,0,89,0.01435,0.309278,0.751916,5.05,3.26,270,12.34,131,0,1.01,0,25.41,0.67652,0,0.066452,0,0.228421,0,18,0.948847,31.89,0.000267,0.014177
org.eclipse.jdt.internal.compiler.ast.AbstractMethodDeclaration,1,0.007698,0.355331,1.02,1.02,0.024195,0,11.15,0,11.509126,0.026556,0,0,17,3,29,0,0,3.211612,0,0.348372,0,46,345,131,28,2,77,0,0,232,14.38,86,0,0.028409,0.298833,2.04,1.02,107,4.1,17,0,0,0,12.16,0.353447,1.01,0.065219,0.015549,0.086136,17,27,0.443931,10.41,0.000012,0
org.eclipse.jdt.internal.compiler.ast.AbstractVariableDeclaration,0,0.006517,0.663082,0,0,0.003692,0.005609,14.18,0,2.863541,0,0,1.01,16,3,12,0,0,0.680718,0,0.348372,1.01,11,71,131,11,3,76,0,0,53,14.38,20,0.006519,0,0.009071,0,1.08,85,1.01,16,0,1.01,0,13.16,0.043061,1.01,0,0.015549,0.010568,25,11,0.633503,1.09,0,0.006519
org.eclipse.jdt.internal.compiler.ast.AllocationExpression,0,0.004888,0.315341,0,0,0.048338,0.027379,7.1,0,13.487167,0,0,2.02,6,3,16,0,0,4.530679,0,0.348372,2.02,44,303,135,15,4,35,0,0,69,14.39,80,0.028958,0,0.325065,7.15,2.1,75,13.28,8,0,2.02,0,12.22,0.735227,8.09,0.138625,0.193506,0.377531,51,15,0.40256,14.17,0.294105,0.028883
org.eclipse.jdt.internal.compiler.ast.Annotation,1,0.021569,0.689854,0,1.01,0.057072,0.039933,15.31,0.01209,14.407008,0,0,3.04,3,3,11,0,1.01,4.802571,0,0.348372,3.04,37,347,135,10,4,63,0,0,41,14.39,46,0.040109,0.013349,0.254407,6.16,3.35,85,6.17,5,1,3.04,0,16.32,0.778871,8.08,0.137443,0.193506,0.228123,53,9,0.695595,15.08,0.294134,0.040107
org.eclipse.jdt.internal.compiler.ast.AnnotationMethodDeclaration,0,0,0.267999,0,0,0.003441,0,4.04,0,3.229528,0,0,0,2,0,8,0,0,0.759781,0,0.348372,0,23,121,150,7,4,11,0,0,15,14.36,44,0,0,0.027402,2.03,0,30,2.05,2,0,0,0,6.06,0.046327,1.01,0.025454,0.015549,0.023903,37,7,0.287044,3.09,0,0
org.eclipse.jdt.internal.compiler.ast.Argument,0,0.003072,0.574583,0,0,0.029611,0.013558,10.12,0,10.649632,0,0,1.01,0,2,9,0,0,3.839779,0,0.348372,1.01,25,127,148,8,5,44,0,0,28,14.38,47,0.01419,0,0.152293,3.04,1.07,64,5.1,1,1,1.01,0,12.16,0.681072,2.02,0.06007,0.018804,0.105723,33,8,0.596973,8.36,0.294104,0.014115
org.eclipse.jdt.internal.compiler.ast.ArrayAllocationExpression,0,0,0.150446,0,0,0.022498,0.027379,3.03,0,5.161069,0,0,2.02,3,0,6,0,0,2.349762,0,0.348372,2.02,16,120,135,5,4,12,0,0,0,14.39,38,0.028958,0,0.144536,4.04,0,26,3.14,3,0,2.02,0,7.07,0.534282,8.09,0.1656,0.193506,0.055346,51,5,0.302888,4.36,0.294104,0.028883
org.eclipse.jdt.internal.compiler.ast.ArrayInitializer,0,0,0.217968,0,0,0.051031,0.027379,5.07,0,9.328895,0,0,2.02,2,0,6,0,0,3.340167,0,0.348372,2.02,21,177,135,5,4,20,0,0,0,14.39,49,0.028958,0,0.112597,4.05,0,40,7.14,2,0,2.02,0,9.12,0.597664,8.09,0.07014,0.193506,0.104021,51,5,0.275095,8.33,0.294104,0.028883
org.eclipse.jdt.internal.compiler.ast.ArrayQualifiedTypeReference,0,0,0.33281,0,0,0.00498,0,5.06,0,3.157036,0,0,0,0,2,7,0,0,0.768335,0,0.348372,0,15,64,137,6,6,15,0,0,3,14.39,23,0,0,0.022521,1.01,0,27,1.01,1,0,0,0,6.07,0.052881,9.09,0.025194,0.303935,0.024119,67,5,0.349778,1.04,0,0
org.eclipse.jdt.internal.compiler.ast.ArrayReference,0,0,0.146999,0,0,0.039814,0.041714,3.03,0,9.651389,0,0,3.03,2,0,11,0,0,3.466153,0,0.348372,3.03,21,155,135,10,5,10,0,0,0,14.39,43,0.043308,0,0.195769,3.03,0,29,5.11,2,0,3.03,0,6.06,0.618288,7.08,0.058131,0.177957,0.088697,52,10,0.195686,8.48,0.294104,0.043061
org.eclipse.jdt.internal.compiler.ast.ArrayTypeReference,0,0,0.316977,0,0,0.003114,0,4.04,0,3.635584,0,0,0,2,2,7,0,0,1.954283,0,0.348372,0,11,54,136,6,6,18,0,0,3,14.39,19,0,0,0.095221,0,0,26,0,2,0,0,0,4.04,0.501824,9.09,0,0.303935,0,67,5,0.308208,1.02,0.294104,0
org.eclipse.jdt.internal.compiler.ast.AssertStatement,0,0,0.252779,0,0,0.057976,0,3.03,0,7.166864,0,0,0,2,0,8,0,0,1.732671,0,0.348372,0,26,151,131,6,3,5,0,0,0,14.38,58,0,0,0.030837,2.02,0,30,1.05,4,1,0,0,5.05,0.115811,1.01,0.026036,0.015549,0.014773,23,6,0.271514,3.09,0,0
org.eclipse.jdt.internal.compiler.ast.Assignment,0,0.040434,0.145577,0,0,0.057457,0.056296,3.04,0,14.595991,0,0,4.04,2,1,15,0,0,4.726419,0,0.348372,4.04,34,198,135,14,4,26,0,0,7,14.39,65,0.058343,0,0.28933,11.13,6.56,53,11.23,2,0,4.04,0,11.14,0.726855,7.08,0.169063,0.177957,0.155585,46,12,0.268185,15.77,0.294104,0.058038
org.eclipse.jdt.internal.compiler.ast.BinaryExpression,0,0,0.155019,0,0,0.220351,0.041785,3.03,0,10.868859,0,0,4.06,3,4,25,0,0,3.630051,1.01,0.348372,5.07,23,1599,136,23,5,15,0,0,0,14.39,127,0.120648,0,0.157507,3.03,0,36,7.14,3,0,3.05,0,6.06,0.584376,8.09,0.058131,0.193506,0.153162,68,22,0.204098,10.89,0.293898,0.059911
org.eclipse.jdt.internal.compiler.ast.Block,0,0,0.511823,0,0,0.000857,0,9.1,0,2.538394,0,0,0,3,0,10,0,0,0.598085,0,0.348372,0,9,97,131,9,3,26,0,0,0,14.38,27,0,0,0,0,0,33,0,3,0,0,0,9.1,0.036686,1.01,0,0.015549,0,21,9,0.5003,0,0,0
org.eclipse.jdt.internal.compiler.ast.BranchStatement,0,0,0.014154,1.01,1.01,0.008671,0,1.02,0,5.337997,0.02002,0,0,4,3,3,0,0,1.367871,1.01,0.348372,0,8,41,131,2,3,7,0.01375,0,1,14.38,9,0,0.020226,0.03013,2.02,0,15,2.04,4,0,0,0,3.04,0.11182,1.01,0.045311,0.015549,0.031557,26,2,0.059819,2.1,0,0
org.eclipse.jdt.internal.compiler.ast.BreakStatement,0,0,0.135953,0,0,0.007471,0,2.02,0,3.523913,0,0,0,0,0,4,0,0,0.902005,0,0.369205,0,14,61,135,3,4,4,0,0,3,15.39,27,0,0,0.055261,2.03,0,17,2.03,0,0,0,0,4.05,0.073592,1.01,0.035777,0.015549,0.042118,25,3,0.167057,3.06,0,0
org.eclipse.jdt.internal.compiler.ast.CaseStatement,0,0,0.181775,2.02,1.01,0.044583,0,6.06,0,9.380603,0.037183,0,0,2,0,7,0,0,3.334046,0,0.348372,0,26,92,131,6,3,14,0,0,3,14.38,37,0,0.026729,0.067429,3.05,0,35,3.06,2,0,0,0,9.11,0.5937,1.01,0.047071,0.015549,0.042802,22,6,0.220669,5.16,0.294104,0
org.eclipse.jdt.internal.compiler.ast.CastExpression,2,0,0.120811,0,0,0.195281,0.257341,5.07,0,19.77605,0,0,6.06,3,0,22,0,0,6.578819,0,0.348372,6.06,30,407,135,21,4,29,0,0,0,14.39,81,0.211713,0,0.840853,4.06,0,55,15.31,3,0,6.06,0,9.13,1.08826,8.09,0.147755,0.196347,0.426364,44,19,0.266673,25.65,0.362797,0.211638
org.eclipse.jdt.internal.compiler.ast.CharLiteral,1,0.004888,0.146999,0,0,0.00278,0.027379,3.03,0,4.280571,0,0,2.02,0,0,6,0,0,1.050383,0,0.348372,2.02,11,67,136,5,6,7,0,0,8,14.39,13,0.028958,0,0.033529,5.05,2.1,17,2.06,1,0,2.02,0,8.08,0.073776,8.09,0.090219,0.193506,0.038904,55,4,0.221436,2.08,0,0.028883
org.eclipse.jdt.internal.compiler.ast.ClassLiteralAccess,0,0,0.229149,0,0,0.013716,0.027379,6.07,0,10.807454,0,0,2.02,2,1,6,0,0,3.79917,0,0.348372,2.02,25,75,135,5,4,12,0,0,0,14.39,32,0.028958,0,0.185256,5.09,0,36,5.12,3,0,2.02,0,9.14,0.661207,8.09,0.170791,0.193506,0.160305,51,5,0.369056,7.35,0.294474,0.028883
org.eclipse.jdt.internal.compiler.ast.Clinit,1,0,0.135953,0,0,0.024433,0,2.02,0,7.847607,0,0,0,0,0,12,0,0,3.084159,0,0.348372,0,34,230,148,11,3,4,0,0,53,14.36,64,0,0,0.065648,3.04,0,36,4.04,2,2,0,0,5.06,0.621372,1.01,0.038869,0.015549,0.074298,35,10,0.170669,4.31,0.303326,0
org.eclipse.jdt.internal.compiler.ast.CombinedBinaryExpression,1,0,0.018366,0,0,0.077427,0,1.02,0,2.17716,0,1.01,1.01,6,0,10,0.060608,0,1.555352,0,0.230151,1.02,15,249,139,8,6,3,0,0,0,6.2,40,0.061038,0,0.053259,0,0,18,1.03,6,0,0,0,1.02,0.450932,3.03,0,0.120432,0.059646,85,7,0.019394,1.06,0.293898,0.06141
org.eclipse.jdt.internal.compiler.ast.CompilationUnitDeclaration,2,0.101703,0.530396,2.02,5.12,0.097603,0.080682,10.13,0.106836,16.876395,0.022222,1.01,4.05,14,0,24,0.014337,3.06,5.569232,0,0.348372,4.05,41,546,131,23,2,71,0,0,85,14.38,82,0.094439,0.172797,0.486234,9.22,6.72,102,11.33,23,5,3.04,0,16.31,0.876936,1.01,0.220294,0.015549,0.274989,17,21,0.700729,22.24,0.295288,0.094452
org.eclipse.jdt.internal.compiler.ast.CompoundAssignment,0,0,0.135953,0,0,0.005627,0,2.02,0,6.040402,0,0,0,2,2,9,0,0,1.406734,0,0.348372,0,20,130,137,8,5,20,0,0,22,14.39,36,0,0,0.035619,0,0,37,2.02,2,0,0,0,2.02,0.082961,8.08,0,0.192769,0.025582,54,8,0.133001,3.05,0,0
org.eclipse.jdt.internal.compiler.ast.ConditionalExpression,0,0,0.146999,0,0,0.086561,0.041714,3.03,0,12.176447,0,0,3.03,6,0,9,0,0,2.907622,0,0.348372,3.03,21,400,136,8,5,8,0,0,0,14.39,62,0.043308,0,0.153693,3.03,0,27,8.17,9,0,3.03,0,6.06,0.188748,7.08,0.058131,0.177957,0.117539,70,8,0.195686,11.99,0,0.043061
org.eclipse.jdt.internal.compiler.ast.ConstructorDeclaration,1,0.029409,0.310772,1.01,1.01,0.190141,0.021277,5.05,0,13.011788,0.026556,0,1.01,2,0,16,0,0,3.48472,0,0.348372,1.01,52,390,148,15,3,29,0,0,59,14.36,114,0.020993,0.028409,0.203062,4.06,3.26,75,8.15,2,0,1.01,0,9.11,0.335205,1.01,0.089605,0.015549,0.174698,33,14,0.390476,9.39,0.000001,0.020954
org.eclipse.jdt.internal.compiler.ast.ContinueStatement,0,0,0.135953,0,0,0.007414,0,2.02,0,3.472175,0,0,0,0,0,4,0,0,0.832455,0,0.369205,0,14,64,135,3,4,4,0,0,3,15.39,26,0,0,0.03013,2.03,0,17,1.02,0,0,0,0,4.05,0.054127,1.01,0.035777,0.015549,0.016545,25,3,0.167057,2.05,0,0
org.eclipse.jdt.internal.compiler.ast.DoStatement,0,0,0.135953,0,0,0.065557,0,2.02,0,7.962768,0,0,0,2,0,6,0,0,1.96534,0,0.348372,0,18,141,131,5,3,4,0,0,0,14.38,52,0,0,0.07566,1.01,0,21,5.07,5,2,0,0,3.03,0.140997,1.01,0.014577,0.015549,0.071963,23,5,0.147525,6.32,0,0
org.eclipse.jdt.internal.compiler.ast.DoubleLiteral,0,0.004888,0.135953,0,0,0.003257,0.027379,2.02,0,3.725542,0,0,2.02,0,0,5,0,0,0.914828,0,0.348372,2.02,11,75,136,4,6,5,0,0,6,14.39,16,0.028958,0,0.033529,4.04,2.08,15,2.06,1,0,2.02,0,6.06,0.064526,8.09,0.074425,0.193506,0.038904,55,4,0.196574,2.08,0,0.028883
org.eclipse.jdt.internal.compiler.ast.EmptyStatement,0,0,0.252779,0,0,0.001974,0,3.03,0,3.198369,0,0,0,0,0,7,0,0,0.755356,0,0.348372,0,11,31,131,6,3,10,0,0,15,14.38,16,0,0,0,1.01,0,20,0,0,0,0,0,4.04,0.046818,1.01,0.011459,0.015549,0,22,6,0.25699,0,0,0
org.eclipse.jdt.internal.compiler.ast.EqualExpression,2,0.01153,0.135953,0,0,0.051313,0.028741,2.02,0,10.569493,0,1.01,1.02,0,0,14,0.014503,0,2.587746,0,0.348372,1.02,28,677,139,13,6,8,0,0,78,14.39,76,0.014206,0,0.071415,3.04,1.23,34,3.08,0,0,2.03,0,5.06,0.185036,9.12,0.045731,0.211293,0.03817,85,11,0.174105,8.84,0,0.014342
org.eclipse.jdt.internal.compiler.ast.ExplicitConstructorCall,0,0,0.146164,0,1.01,0.034584,0,3.03,0,11.383291,0,0,0,11,2,15,0,0,3.988458,0,0.348372,0,40,335,131,14,3,21,0,0,31,14.38,78,0,0.026729,0.260113,6.11,0,56,8.12,13,0,0,0,8.13,0.684558,1.01,0.206771,0.015549,0.263936,23,13,0.24124,9.65,0.294104,0
org.eclipse.jdt.internal.compiler.ast.Expression,2,0.11388,0.766483,1.01,1.01,0.457387,0.153307,22.38,0,21.047842,0.014723,0,6.06,4,13,37,0,0,6.488905,0,0.348372,6.06,31,681,131,36,3,190,0,0,552,14.38,102,0.149808,0.014376,0.565869,9.1,10.2,214,16.17,4,0,6.06,0,25.42,0.932315,1.01,0.203466,0.015549,0.267181,22,34,0.831033,28.65,0.303533,0.149652
org.eclipse.jdt.internal.compiler.ast.ExtendedStringLiteral,0,0,0.135953,0,0,0.001816,0,2.02,0,2.645352,0,0,0,0,0,6,0,0,0.629865,0,0.361247,0,5,36,137,4,6,5,0,0,6,15.4,13,0,0,0,0,0,8,0,0,0,0,0,2.02,0.040073,7.07,0,0.178418,0,58,4,0.133001,0,0,0
org.eclipse.jdt.internal.compiler.ast.FalseLiteral,0,0.004888,0.146999,0,0,0.00354,0.027379,3.03,0,4.428591,0,0,2.02,0,0,7,0,0,1.08517,0,0.348372,2.02,11,37,135,6,6,5,0,0,15,14.39,14,0.028958,0,0.033529,4.04,2.12,15,2.06,1,0,2.02,0,7.07,0.075865,8.09,0.074425,0.193506,0.038904,53,6,0.207138,2.08,0,0.028883
org.eclipse.jdt.internal.compiler.ast.FieldDeclaration,0,0.010771,0.357642,0,1.01,0.10504,0.011271,9.12,0,16.589794,0,0,1.01,4,4,9,0,0,5.430386,0,0.348372,1.01,41,212,147,7,4,55,0,0,3,14.38,76,0.011239,0.026729,0.365448,5.09,2.08,89,13.21,4,0,1.01,0,13.19,0.857331,3.03,0.107546,0.030226,0.331074,33,7,0.441895,14.65,0.297088,0.011239
org.eclipse.jdt.internal.compiler.ast.FieldReference,0,0.063349,0.187711,0,0,0.183574,0.083357,6.11,0,17.206326,0,0,6.06,9,4,23,0,0,5.793343,0,0.348372,6.06,40,515,135,22,5,25,0,0,51,14.39,108,0.084572,0,0.705198,9.15,8.73,62,11.3,10,0,6.06,0,12.23,0.961349,7.08,0.494372,0.177031,0.520598,47,22,0.631948,23.37,0.353338,0.084351
org.eclipse.jdt.internal.compiler.ast.FloatLiteral,0,0.004888,0.135953,0,0,0.003799,0.027379,2.02,0,3.725542,0,0,2.02,0,0,5,0,0,0.914828,0,0.348372,2.02,11,76,136,4,6,5,0,0,6,14.39,17,0.028958,0,0.033529,4.04,2.08,15,2.06,2,0,2.02,0,6.06,0.064526,8.09,0.074425,0.193506,0.038904,55,4,0.196574,2.08,0,0.028883
org.eclipse.jdt.internal.compiler.ast.ForStatement,0,0,0.135953,1.01,2.02,0.023871,0,2.02,0,8.199117,0.026556,0,0,5,0,6,0,0,2.00917,0,0.348372,0,20,316,131,5,3,4,0,0,0,14.38,55,0,0.048634,0.109116,2.02,0,23,2.02,11,2,0,0,4.04,0.142287,1.01,0.026036,0.015549,0.02808,23,5,0.158164,7.69,0,0
org.eclipse.jdt.internal.compiler.ast.ForeachStatement,0,0,0.135953,0,1.01,0.167448,0,2.02,0.013699,11.499424,0,0,0,8,0,6,0,1.01,2.885979,0,0.348372,0,33,420,131,5,3,5,0,0,0,14.38,98,0,0.012843,0.147377,3.05,0,37,9.12,21,11,0,0,5.07,0.226369,1.01,0.039916,0.015549,0.126551,23,5,0.172407,11.8,0,0
org.eclipse.jdt.internal.compiler.ast.IfStatement,0,0,0.192392,0,1.01,0.007633,0,3.04,0,6.673163,0,0,0,3,0,7,0,0,1.625543,0,0.348372,0,18,179,131,5,3,6,0,0,0,14.38,44,0,0.028409,0.044641,2.02,0,23,1.03,6,0,0,0,5.06,0.112632,1.01,0.026318,0.015549,0.014619,23,5,0.211023,3.08,0,0
org.eclipse.jdt.internal.compiler.ast.ImportReference,0,0,0.582322,1.02,1.02,0.004761,0,11.17,0,3.888433,0.026556,0,0,7,5,6,0,0,0.977398,1.01,0.348372,0,5,46,131,5,2,48,0.021509,0,8,14.38,11,0,0.028409,0.015908,0,0,51,1.01,7,0,0,0,11.17,0.075122,1.01,0,0.015549,0.018702,17,5,0.570771,1.05,0,0
org.eclipse.jdt.internal.compiler.ast.Initializer,0,0,0.469795,1.01,1.01,0.010176,0,8.08,0,3.715426,0.026556,0,0,4,0,9,0,0,0.953308,0,0.348372,0,21,85,151,8,5,24,0,0,8,14.37,29,0,0.028409,0.056332,0,0,41,0,4,0,0,0,7.07,0.07932,2.02,0,0.018804,0,33,8,0.445911,2.11,0,0
org.eclipse.jdt.internal.compiler.ast.InstanceOfExpression,0,0.006753,0.263824,0,0,0.012873,0.037843,4.04,0,8.872396,0,0,3.03,2,0,7,0,0,2.160215,0,0.348372,3.03,19,72,136,6,5,10,0,0,0,14.39,36,0.039173,0,0.077134,5.07,1.01,27,6.18,2,0,3.03,0,9.11,0.149069,7.08,0.086237,0.182458,0.089399,72,6,0.337896,6.26,0,0.039098
org.eclipse.jdt.internal.compiler.ast.IntLiteral,0,0.004888,0.135953,0,0,0.003804,0.027379,2.02,0,4.926061,0,0,2.02,2,1,10,0,0,1.203355,0,0.348372,2.02,14,98,136,7,6,15,0,0,17,14.39,24,0.028958,0,0.049036,4.04,2.14,27,2.06,3,0,2.02,0,6.06,0.083268,8.09,0.073926,0.193506,0.038904,53,7,0.19942,3.1,0,0.028883
org.eclipse.jdt.internal.compiler.ast.IntLiteralMinValue,0,0,0,0,0,0.000771,0,0,0,1.953727,0,0,0,0,0,2,0,0,0.459879,0,0.348372,0,4,10,139,1,7,2,0,0,0,14.39,4,0,0,0,1.01,0,6,0,2,0,0,0,1.01,0.02818,7.07,0.016293,0.178418,0,59,1,0.011452,0,0,0
org.eclipse.jdt.internal.compiler.ast.Javadoc,5,0.148089,0.424809,1.01,1.01,0.145299,0.037067,8.14,0,12.108265,0.021396,1.01,3.05,8,3,14,0.01747,0,4.007739,3.03,0.348372,3.05,54,669,131,13,2,26,0.225641,0,20,14.38,85,0.054101,0.021829,0.21713,7.11,4.38,76,10.39,8,0,2.03,0,14.23,0.627273,2.02,0.135058,0.03048,0.174983,16,7,0.527837,15.97,0.293898,0.054267
org.eclipse.jdt.internal.compiler.ast.JavadocAllocationExpression,0,0.017879,0.170253,4.05,4.05,0.033991,0.013558,5.07,0,9.071361,0.078534,1.01,1.02,5,1,8,0.01747,0,3.229899,1.01,0.348372,2.03,24,163,143,6,5,11,0.013876,0,15,14.39,44,0.025335,0.080413,0.137914,5.09,2.11,34,6.28,5,0,1.02,0,9.15,0.571208,7.09,0.077193,0.178418,0.07772,61,5,0.23129,10.96,0.293907,0.014115
org.eclipse.jdt.internal.compiler.ast.JavadocArgumentExpression,1,0.003072,0.158633,0,0,0.010654,0.013558,4.04,0,8.257597,0,0,1.01,2,0,8,0,0,3.126449,0,0.348372,1.01,19,76,135,7,4,6,0,0,1,14.39,31,0.01419,0,0.396757,2.04,1.02,24,3.09,2,0,1.01,0,6.08,0.589708,7.08,0.063569,0.178418,0.078715,50,6,0.216461,4.16,0.293907,0.014115
org.eclipse.jdt.internal.compiler.ast.JavadocArrayQualifiedTypeReference,0,0,0.135953,0,0,0.004256,0,2.02,0,3.432649,0,0,0,2,0,5,0,0,0.869024,0,0.348372,0,11,20,138,4,7,2,0,0,6,14.39,14,0,0,0,0,0,12,0,2,0,0,0,2.02,0.068031,9.09,0,0.303935,0,69,2,0.133001,0,0,0
org.eclipse.jdt.internal.compiler.ast.JavadocArraySingleTypeReference,0,0,0.135953,0,0,0.004256,0,2.02,0,3.432649,0,0,0,0,0,5,0,0,0.869024,0,0.348372,0,9,20,138,4,7,2,0,0,6,14.39,14,0,0,0,0,0,10,0,0,0,0,0,2.02,0.068031,9.09,0,0.303935,0,69,2,0.133001,0,0,0
org.eclipse.jdt.internal.compiler.ast.JavadocFieldReference,0,0.003072,0.159026,1.01,1.01,0.018855,0.013558,4.06,0,8.164044,0.026556,1.01,1.01,4,1,8,0.012726,0,3.43351,1.01,0.348372,1.01,20,95,145,7,6,11,0.013876,0,21,14.39,34,0.01419,0.028409,0.427685,1.01,1.06,30,1.04,4,0,1.01,0,5.07,0.749219,8.09,0.323746,0.19244,0.018702,63,6,0.482116,4.16,0.353338,0.014115
org.eclipse.jdt.internal.compiler.ast.JavadocImplicitTypeReference,0,0.090879,0.166386,0,0,0.029865,0.123968,4.04,0,7.612334,0,1.01,2.05,1,0,12,0.101835,0,3.029129,0,0.337261,2.05,16,93,135,11,5,4,0,0,53,13.38,33,0.123205,0,0.190934,3.05,2.54,19,4.15,1,0,2.03,0,6.08,0.611701,8.1,0.207067,0.292888,0.217685,61,7,0.345757,4.39,0.294113,0.123283
org.eclipse.jdt.internal.compiler.ast.JavadocMessageSend,1,0.017879,0.18442,1.01,1.01,0.0336,0.013558,6.08,0,10.020499,0.026556,0,1.01,3,1,9,0,0,3.62421,1.01,0.371628,1.01,20,185,148,7,5,13,0.013876,0,21,15.4,46,0.01419,0.028409,0.224893,7.07,2.08,32,6.23,3,0,1.01,0,12.15,0.655439,7.08,0.262071,0.178418,0.083541,57,6,0.423379,10.78,0.294113,0.014115
org.eclipse.jdt.internal.compiler.ast.JavadocQualifiedTypeReference,1,0,0.178092,0,0,0.045908,0,5.09,0,7.023092,0,0,0,3,1,8,0,0,2.961345,1.01,0.348372,0,13,52,137,7,6,14,0.013876,0,21,14.39,26,0,0,0.069909,2.03,0,26,4.06,3,0,0,0,7.12,0.632776,9.09,0.093826,0.303935,0.221782,67,4,0.265636,2.04,0.294116,0
org.eclipse.jdt.internal.compiler.ast.JavadocReturnStatement,0,0.026711,0.147767,2.02,2.02,0.004482,0.013558,3.03,0,4.479328,0.037378,0,1.01,0,0,5,0,0,1.124111,0,0.369205,1.01,13,35,135,4,4,4,0,0,6,15.37,18,0.01419,0.039372,0.050038,2.02,3.07,16,3.05,0,0,1.01,0,5.05,0.086278,1.01,0.035961,0.015549,0.051858,29,4,0.179351,3.07,0,0.014115
org.eclipse.jdt.internal.compiler.ast.JavadocSingleNameReference,0,0.003072,0.182413,0,0,0.003416,0.013558,6.1,0,3.387811,0,0,1.01,2,2,5,0,0,0.878614,1.02,0.348372,1.01,15,39,143,4,7,11,0.013876,0,6,14.39,16,0.01419,0,0.04214,3.05,1.03,25,2.04,2,0,1.01,0,9.15,0.074667,7.08,0.059689,0.178418,0.046739,72,4,0.243159,2.07,0,0.014115
org.eclipse.jdt.internal.compiler.ast.JavadocSingleTypeReference,0,0.079429,0.169237,0,0,0.043883,0.107768,5.09,0,8.235105,0,0,1.02,3,2,6,0,0,3.260857,1.02,0.348372,1.02,14,67,136,5,6,13,0.013876,0,10,14.39,26,0.107519,0,0.176617,3.06,1.11,26,6.1,3,0,1.02,0,7.15,0.654383,9.1,0.130019,0.303935,0.252497,68,2,0.283565,4.18,0.294116,0.107597
org.eclipse.jdt.internal.compiler.ast.LabeledStatement,0,0,0.147767,1.01,1.01,0.010787,0,3.04,0,4.687709,0.0114,0,0,4,0,7,0,0,2.121552,0,0.348372,0,15,91,131,6,3,6,0,0,0,14.38,34,0,0.011929,0.057802,1.01,0,18,3.06,5,0,0,0,3.03,0.47689,1.01,0.012789,0.015549,0.070475,22,6,0.145032,4.19,0.293898,0
org.eclipse.jdt.internal.compiler.ast.Literal,0,0,0.056439,0,0,0.001763,0,1.02,0,2.221467,0,0,0,0,3,7,0,0,0.530096,0,0.348372,0,8,27,135,6,4,9,0,0,15,14.39,10,0,0,0,0,0,16,0,0,0,0,0,1.02,0.034018,7.07,0,0.178418,0,53,6,0.053205,0,0,0
org.eclipse.jdt.internal.compiler.ast.LocalDeclaration,0,0,0.593001,0,0,0.034224,0,14.14,0,11.594949,0,0,0,1,3,7,0,0,3.86142,0,0.348372,0,30,178,147,6,4,50,0,0,9,14.38,63,0,0,0.19206,4.04,0,74,5.07,1,0,0,0,14.14,0.626049,2.02,0.05852,0.018804,0.076664,31,6,0.567276,9.37,0.294104,0
org.eclipse.jdt.internal.compiler.ast.LongLiteral,0,0.004888,0.135953,0,1.01,0.016895,0.027379,2.02,0,6.755215,0,0,2.02,0,1,7,0,0,1.683303,0,0.348372,3.03,14,117,136,6,6,7,0,0,13,14.39,18,0.054199,0.024231,0.072486,5.05,2.12,19,3.07,1,0,2.02,0,7.07,0.125006,8.09,0.090219,0.193506,0.064389,54,6,0.210872,5.37,0,0.028883
org.eclipse.jdt.internal.compiler.ast.LongLiteralMinValue,0,0,0,0,0,0.001905,0,0,0,3.164909,0,0,0,0,0,2,0,0,0.798807,0,0.322067,0,4,10,137,1,7,2,0,0,0,13.38,4,0,0,0,1.01,0,6,0,2,0,0,0,1.01,0.062193,7.07,0.016293,0.178418,0,59,1,0.011452,0,0,0
org.eclipse.jdt.internal.compiler.ast.MagicLiteral,0,0,0,0,0,0.001763,0,0,0,2.221467,0,0,0,0,3,3,0,0,0.530096,0,0.348372,0,1,11,135,2,5,3,0,0,1,14.39,4,0,0,0,0,0,4,0,0,0,0,0,0,0.034018,7.07,0,0.178418,0,57,2,0,0,0,0
org.eclipse.jdt.internal.compiler.ast.MarkerAnnotation,0,0.001816,0.407862,0,0,0.003981,0.013821,6.06,0,3.987293,0,0,1.01,0,1,3,0,0,2.095626,0,0.348372,1.01,6,18,139,2,5,9,0,0,1,14.39,6,0.014768,0,0.093666,1.01,1.02,14,2.04,0,0,1.01,0,7.07,0.530721,10.11,0.022171,0.220365,0.155258,60,2,0.415443,2.08,0.296882,0.014768
org.eclipse.jdt.internal.compiler.ast.MemberValuePair,0,0,0.56919,1.01,1.01,0.079672,0.013821,10.23,0,9.945675,0.015031,0,1.01,4,2,4,0,0,3.550694,1.01,0.348372,1.01,23,187,131,3,2,32,0.011494,0,0,14.38,36,0.014768,0.013349,0.143239,6.09,0,52,6.1,4,0,1.01,0,15.31,0.626996,1.01,0.094215,0.015549,0.092176,16,3,0.63945,10.87,0.294104,0.014768
org.eclipse.jdt.internal.compiler.ast.MessageSend,0,0.01045,0.425014,2.03,1.01,0.111222,0.041326,13.15,0,18.004043,0.140578,0,3.03,13,5,17,0,0,5.908588,1.01,0.348372,3.03,45,447,135,16,4,38,0.017544,0,44,14.39,107,0.042652,0.023256,0.411408,10.17,1.11,79,14.32,13,0,3.03,0,19.29,0.925582,7.08,0.218603,0.178692,0.384004,47,16,0.581472,20.54,0.294681,0.04257
org.eclipse.jdt.internal.compiler.ast.MethodDeclaration,0,0.005833,0.347034,0,0,0.043854,0,8.09,0,11.124436,0,0,0,2,4,8,0,0,3.929192,0,0.348372,0,39,173,148,7,3,33,0,0,11,14.36,52,0,0,0.247319,6.09,1.02,65,6.09,2,0,0,0,12.16,0.690628,1.01,0.083635,0.015549,0.1089,37,7,0.390098,10.4,0.294475,0
org.eclipse.jdt.internal.compiler.ast.NameReference,0,0,0.594404,0,0,0.001859,0,9.09,0,2.839439,0,0,0,3,2,9,0,0,0.671116,0,0.348372,0,7,33,135,8,5,38,0,0,22,14.39,10,0,0,0.01009,0,0,45,0,3,0,0,0,9.09,0.041743,7.07,0,0.178418,0,60,8,0.586162,1.01,0,0
org.eclipse.jdt.internal.compiler.ast.NormalAnnotation,0,0,0.418956,0,0,0.005055,0.028121,7.07,0,4.425044,0,0,2.02,1,1,5,0,0,2.174196,1.01,0.348372,2.02,8,47,139,4,5,11,0.011494,0,0,14.39,12,0.028689,0,0.10177,2.03,0,18,3.06,1,0,2.02,0,9.1,0.528896,10.1,0.036748,0.220365,0.168744,58,4,0.441009,3.22,0.296882,0.028687
org.eclipse.jdt.internal.compiler.ast.NullLiteral,0,0.01473,0.292636,0,0,0.002678,0.041627,6.07,0,4.383793,0,0,3.03,0,0,8,0,0,1.07145,0,0.348372,3.03,10,33,135,7,6,12,0,0,21,14.39,14,0.04379,0,0.047378,3.03,3.2,21,3.07,1,0,3.03,0,9.1,0.074379,7.08,0.058131,0.176931,0.053916,52,7,0.339904,3.11,0,0.043642
org.eclipse.jdt.internal.compiler.ast.NumberLiteral,0,0,0,0,0,0.001763,0,0,0,2.221467,0,0,0,0,5,4,0,0,0.530096,0,0.348372,0,1,16,135,2,5,6,0,0,1,14.39,5,0,0,0,0,0,7,0,1,0,0,0,0,0.034018,7.07,0,0.178418,0,57,2,0,0,0,0
org.eclipse.jdt.internal.compiler.ast.OR_OR_Expression,0,0,0.135953,0,0,0.011375,0,2.02,0,5.949299,0,0,0,0,0,6,0,0,1.421671,0,0.348372,0,13,199,139,5,6,7,0,0,4,14.39,41,0,0,0.049524,0,0,19,2.02,2,0,0,0,2.02,0.092842,9.11,0,0.211293,0.028435,86,5,0.133001,3.06,0,0
org.eclipse.jdt.internal.compiler.ast.OperatorExpression,0,0,0.030112,0,0,0.003891,0,2.02,0,3.429899,0,0,0,1,4,25,0,0,0.853526,0,0.348372,0,5,452,135,24,4,10,0,0,274,14.39,32,0,0,0.017621,0,0,15,0,1,0,0,0,2.02,0.06284,7.07,0,0.178418,0,54,24,0.02954,1.01,0,0
org.eclipse.jdt.internal.compiler.ast.OperatorIds,0,0,0.032953,0,0,0.001763,0,2.02,0,2.221467,0,0,0,27,0,0,0,0,0.530096,0,0,0,0,29,0,0,0,19,0,0,0,0,0,0,0,0,0,0,19,0,27,0,0,0,2.02,0.034018,0,0,0,0,0,0,0.032709,0,0,0
org.eclipse.jdt.internal.compiler.ast.ParameterizedQualifiedTypeReference,1,0.012199,0.232493,2.02,1.01,0.047976,0,5.06,0.021556,14.483003,0.047994,0,0,1,2,12,0,1.01,4.89625,0,0.348372,0,24,309,138,11,7,20,0,0,0,14.39,67,0,0.028409,0.303331,5.07,1.13,42,5.1,1,0,0,0,9.13,0.811316,9.09,0.158033,0.303935,0.175124,64,9,0.362367,11.99,0.29469,0
org.eclipse.jdt.internal.compiler.ast.ParameterizedSingleTypeReference,1,0.012199,0.229235,2.02,1.01,0.045692,0,5.05,0.021556,13.499669,0.047994,0,0,1,1,12,0,1.01,4.718503,0,0.348372,0,24,243,138,11,7,16,0,0,13,14.39,64,0,0.028409,0.390794,6.1,1.12,38,8.15,1,0,0,0,8.13,0.819618,9.09,0.259802,0.303935,0.301496,63,9,0.351314,13.06,0.294721,0
org.eclipse.jdt.internal.compiler.ast.PostfixExpression,0,0,0.158948,0,0,0.004431,0,4.04,0,1.966488,0,0,0,0,0,6,0,0,0.463528,0,0.348372,0,9,36,139,5,6,6,0,0,10,14.39,16,0,0,0.013849,0,0,14,0,0,0,0,0,2.02,0.028541,8.08,0,0.192769,0,57,5,0.133001,1.03,0,0
org.eclipse.jdt.internal.compiler.ast.PrefixExpression,0,0,0.145577,0,0,0.003464,0,3.03,0,1.966488,0,0,0,0,0,5,0,0,0.463528,0,0.348372,0,7,29,139,4,6,8,0,0,6,14.39,12,0,0,0,0,0,13,0,0,0,0,0,2.02,0.028541,8.08,0,0.192769,0,58,4,0.133001,0,0,0
org.eclipse.jdt.internal.compiler.ast.QualifiedAllocationExpression,0,0,0.291767,1.01,1.01,0.082321,0.027379,6.08,0,13.891255,0.038979,0,2.02,2,2,10,0,0,4.624738,0,0.348372,2.02,46,365,143,8,5,24,0,0,0,14.39,96,0.028958,0.047918,0.336672,9.17,0,66,11.33,2,0,2.02,0,12.21,0.740937,8.09,0.249683,0.193506,0.356041,58,8,0.497031,15.5,0.294105,0.028883
org.eclipse.jdt.internal.compiler.ast.QualifiedNameReference,0,0.127187,0.438371,1.02,0,0.343092,0.055729,7.08,0,19.74787,0.120462,0,4.05,9,3,32,0,0,6.644456,0,0.348372,4.05,42,916,138,31,6,30,0,0,239,14.39,136,0.056123,0,0.716625,8.09,8.5,68,15.26,10,0,4.05,0,14.16,1.103599,7.09,0.25665,0.177493,0.383388,51,26,0.660915,25.85,0.353923,0.055868
org.eclipse.jdt.internal.compiler.ast.QualifiedSuperReference,0,0.003072,0.135953,0,0,0.002921,0.013558,2.02,0,2.823757,0,0,1.01,0,1,7,0,0,0.689246,0,0.348372,1.01,11,44,137,6,7,10,0,0,15,14.39,21,0.01419,0,0.015908,1.01,1.05,20,1.04,0,0,1.01,0,3.03,0.047706,7.08,0.021383,0.178418,0.018702,58,6,0.152796,1.08,0,0.014115
org.eclipse.jdt.internal.compiler.ast.QualifiedThisReference,0,0,0.135953,0,0,0.006902,0.013558,2.02,0,5.919087,0,0,1.01,1,1,8,0,0,2.497263,0,0.348372,1.01,20,85,135,7,6,11,0,0,7,14.39,33,0.01419,0,0.043788,3.04,0,30,3.07,2,0,1.01,0,5.06,0.536323,7.08,0.048165,0.178418,0.135975,57,7,0.179656,4.16,0.294104,0.014115
org.eclipse.jdt.internal.compiler.ast.QualifiedTypeReference,0,0.01145,0.403924,0,0,0.02054,0.0162,10.14,0,10.85907,0,0,1.01,2,4,9,0,0,4.077786,0,0.348372,1.01,24,106,135,8,5,34,0,0,0,14.39,44,0.015686,0,0.271371,2.04,1.01,55,8.12,2,0,1.01,0,12.17,0.781015,8.08,0.124488,0.287988,0.212838,65,6,0.515285,7.29,0.303541,0.015686
org.eclipse.jdt.internal.compiler.ast.Reference,0,0.007172,0.090184,0,0,0.002301,0.014335,5.06,0,3.937787,0,0,1.01,0,4,8,0,0,0.922111,0,0.348372,1.01,13,46,135,7,4,32,0,0,21,14.39,18,0.01435,0,0.019618,2.03,1.07,42,2.05,0,0,1.01,0,5.07,0.055426,7.08,0.029438,0.178418,0.02502,55,7,0.089282,2.14,0,0.014177
org.eclipse.jdt.internal.compiler.ast.ReturnStatement,1,0,0.135953,2.03,2.03,0.046068,0,2.02,0,11.109047,0.046576,1.01,1.01,4,2,11,0.041667,0,4.012231,0,0.348372,1.01,32,205,131,10,3,9,0,0,0,14.38,60,0.040651,0.048634,0.226332,7.1,0,39,6.17,4,0,0,0,9.12,0.724974,1.01,0.216601,0.015549,0.112409,23,9,0.36118,9.71,0.294681,0.040651
org.eclipse.jdt.internal.compiler.ast.SingleMemberAnnotation,0,0,0.417423,1.01,0,0.005209,0.028121,7.09,0.012048,5.020657,0.010822,0,2.02,1,0,5,0,1.01,2.308982,0,0.348372,2.02,9,38,139,4,5,11,0,0,0,14.39,13,0.028689,0,0.111813,2.02,0,19,3.06,2,1,2.02,0,9.11,0.536072,10.1,0.036748,0.220365,0.168744,58,4,0.440607,4.19,0.296882,0.028687
org.eclipse.jdt.internal.compiler.ast.SingleNameReference,0,0.026528,0.709056,0,0,0.273653,0.04184,7.11,0,17.244269,0,0,3.03,5,5,24,0,0,5.818753,0,0.348372,3.03,44,736,138,23,6,38,0,0,203,14.39,132,0.042234,0,0.945369,7.08,4.59,78,11.2,5,0,3.03,0,13.18,0.968637,5.06,0.240385,0.148055,0.215059,52,23,0.918466,20.92,0.353346,0.041979
org.eclipse.jdt.internal.compiler.ast.SingleTypeReference,0,0.01145,0.255003,0,0,0.008282,0.0162,8.13,0,5.876576,0,0,1.01,1,6,9,0,0,2.58196,0,0.348372,1.01,15,61,135,8,5,37,0,0,0,14.39,30,0.015686,0,0.116524,3.03,1.01,48,5.07,1,0,1.01,0,9.15,0.575016,8.08,0.038172,0.287988,0.153697,65,7,0.263666,3.16,0.294113,0.015686
org.eclipse.jdt.internal.compiler.ast.Statement,0,0,0.042721,0,0,0.011891,0,3.03,0,6.294676,0,0,0,0,19,12,0,0,1.46375,0,0.348372,0,15,76,131,11,2,55,0,0,55,14.38,26,0,0,0.030585,1.01,0,67,3.04,0,0,0,0,4.04,0.08589,1.01,0.014577,0.015549,0.03404,17,11,0.058026,3.08,0,0
org.eclipse.jdt.internal.compiler.ast.StringLiteral,0,0.004888,0.161921,0,1.01,0.00291,0.027379,4.07,0,3.554294,0,0,2.02,0,3,11,0,0,0.871504,1.01,0.348372,2.02,14,75,135,9,5,11,0.01375,0,30,14.39,25,0.028958,0.011929,0.044416,3.03,2.18,22,2.06,2,0,2.02,0,7.1,0.061282,8.09,0.059847,0.193506,0.038904,53,9,0.208037,3.1,0,0.028883
org.eclipse.jdt.internal.compiler.ast.StringLiteralConcatenation,0,0,0.146999,0,0,0.001763,0,3.03,0,2.221467,0,0,0,2,0,5,0,0,0.530096,0,0.361247,0,5,49,137,4,6,6,0,0,0,15.4,13,0,0,0,0,0,9,0,3,1,0,0,3.03,0.034018,7.07,0,0.178418,0,58,4,0.143565,0,0,0
org.eclipse.jdt.internal.compiler.ast.SubRoutineStatement,0,0.009842,0.012978,1.01,1.02,0.008598,0.014247,1.01,0,4.841023,0.015031,0,1.02,0,2,9,0,0,1.24711,0,0.348372,1.02,5,33,131,8,3,9,0,0,22,14.38,13,0.014832,0.014427,0.02667,2.02,1.13,14,2.03,1,0,1.02,0,3.03,0.103556,1.01,0.037082,0.015549,0.028959,28,8,0.054044,2.17,0,0.014759
org.eclipse.jdt.internal.compiler.ast.SuperReference,0,0,0.135953,0,0,0.002631,0,2.02,0,2.866957,0,0,0,0,2,8,0,0,0.683068,0,0.348372,0,13,35,135,7,6,14,0,0,21,14.39,19,0,0,0,1.01,0,26,1.01,0,0,0,0,3.03,0.04351,7.07,0.013502,0.178418,0.012072,58,7,0.146957,0,0,0
org.eclipse.jdt.internal.compiler.ast.SwitchStatement,0,0,0.169546,2.04,2.04,0.018942,0,5.06,0,8.992602,0.026797,0,0,13,0,7,0,0,3.228433,0,0.348372,0,31,314,131,6,3,10,0,0,0,14.38,72,0,0.025236,0.176349,6.14,0,37,8.15,16,0,0,0,10.19,0.582958,1.01,0.168754,0.015549,0.204225,22,6,0.319502,8.61,0.294104,0
org.eclipse.jdt.internal.compiler.ast.SynchronizedStatement,0,0,0.252779,0,2.03,0.028734,0,3.03,0,8.0886,0,0,0,4,0,8,0,0,2.056348,0,0.332267,0,23,148,132,7,4,6,0,0,0,13.36,59,0,0.048634,0.093408,1.01,0,28,4.09,7,0,0,0,4.04,0.164086,2.03,0.019982,0.032124,0.055583,29,7,0.266108,6.26,0,0
org.eclipse.jdt.internal.compiler.ast.ThisReference,0,0.003072,0.224553,0,0,0.002881,0.013558,5.05,0,3.893132,0,0,1.01,0,3,15,0,0,0.941988,0,0.348372,1.01,17,65,135,14,5,16,0,0,91,14.39,27,0.01419,0,0.015908,1.01,1.13,31,1.03,0,0,1.01,0,5.06,0.063254,7.08,0.021383,0.178418,0.018702,50,14,0.219625,1.04,0,0.014115
org.eclipse.jdt.internal.compiler.ast.ThrowStatement,0,0,0.296841,0,0,0.008533,0,5.05,0,5.641917,0,0,0,2,0,6,0,0,1.494581,0,0.348372,0,18,46,131,5,3,6,0,0,0,14.38,27,0,0,0.030768,3.04,0,23,2.03,2,0,0,0,7.08,0.139188,1.01,0.041611,0.015549,0.050752,23,5,0.314791,2.06,0,0
org.eclipse.jdt.internal.compiler.ast.TrueLiteral,0,0.004888,0.263824,0,0,0.003207,0.027379,4.04,0,4.428591,0,0,2.02,0,0,7,0,0,1.08517,0,0.348372,2.02,11,37,135,6,6,6,0,0,15,14.39,14,0.028958,0,0.033529,4.04,2.12,16,2.06,1,0,2.02,0,8.08,0.075865,8.09,0.074425,0.193506,0.038904,53,6,0.320487,2.08,0,0.028883
org.eclipse.jdt.internal.compiler.ast.TryStatement,1,0,0.162456,2.04,4.12,0.201781,0.014247,3.05,0.04992,12.307435,0.022761,1.01,1.05,8,0,13,0.016414,3.12,3.05174,0,0.332267,1.05,33,671,132,12,4,15,0,0,0,13.36,97,0.014832,0.070058,0.202847,3.03,0,44,5.16,28,11,1.04,0,5.08,0.22451,2.03,0.053053,0.032124,0.079698,25,11,0.186294,16.57,0,0.014759
org.eclipse.jdt.internal.compiler.ast.TypeDeclaration,1,0.174907,0.815125,2.05,3.06,0.19247,0.028741,17.36,0,21.722063,0.036124,1.01,1.01,30,2,41,0.014503,0,6.851583,0,0.348372,1.01,66,1045,131,40,3,102,0,0,224,14.38,191,0.014206,0.065128,0.571839,8.1,7.01,140,18.36,30,0,2.02,0,19.34,0.998832,1.01,0.151416,0.015549,0.351063,22,38,0.756301,27.97,0.297089,0.014342
org.eclipse.jdt.internal.compiler.ast.TypeParameter,1,0.005833,0.761829,0,0,0.011099,0,10.16,0,2.812605,0,1.01,1.02,2,0,10,0,0,0.703584,0,0.348372,1.02,15,78,147,9,4,38,0,0,24,14.38,28,0.012289,0,0.020502,2.06,1.15,47,2.1,2,0,1.01,0,12.19,0.053797,3.03,0.022933,0.030443,0.022431,31,8,0.769458,2.15,0,0.011963
org.eclipse.jdt.internal.compiler.ast.TypeReference,0,0.090879,0.812071,0,0,0.059275,0.0162,19.28,0,9.650183,0,0,2.02,0,3,23,0,0,3.554785,0,0.348372,2.02,23,154,135,22,4,119,0,0,231,14.39,43,0.123205,0,0.145785,5.05,2.41,136,8.13,0,0,1.01,0,21.31,0.653716,7.07,0.075861,0.178418,0.221283,50,18,0.832047,5.36,0.294113,0.123283
org.eclipse.jdt.internal.compiler.ast.UnaryExpression,0,0,0.135953,0,0,0.016196,0.027379,2.02,0,8.905815,0,0,2.02,2,0,8,0,0,3.141876,0,0.348372,2.02,21,250,136,7,5,9,0,0,0,14.39,61,0.028958,0,0.053345,4.04,0,28,6.12,2,0,2.02,0,6.06,0.543147,8.09,0.074425,0.193506,0.092921,71,7,0.196574,4.19,0.293898,0.028883
org.eclipse.jdt.internal.compiler.ast.WhileStatement,0,0,0.252779,0,0,0.008764,0,3.03,0,6.620778,0,0,0,2,0,6,0,0,1.587686,0,0.348372,0,20,208,131,5,3,5,0,0,0,14.38,52,0,0,0.056438,2.02,0,24,2.02,7,2,0,0,5.05,0.103307,1.01,0.026036,0.015549,0.027407,23,5,0.271514,5.37,0,0
org.eclipse.jdt.internal.compiler.ast.Wildcard,1,0,0.232876,0,0,0.017732,0.020699,9.14,0,3.25808,0,0,1.02,5,0,11,0,0,0.828571,0,0.348372,1.02,13,94,136,10,6,31,0,0,0,14.39,28,0.018911,0,0.019279,0,0,39,1.02,5,0,1.02,0,9.14,0.068053,10.11,0,0.325126,0.019837,64,9,0.233025,1.12,0,0.018911
org.eclipse.jdt.internal.compiler.batch.ClasspathDirectory,0,0.226988,0.028179,1.03,3.05,0.023907,0.190117,2.02,0.109196,8.602853,0.016403,0,4.06,0,0,13,0,3.08,2.436608,0,0.129435,5.07,11,135,6,12,2,1,0,1.01,64,3.06,44,0.203766,0.114274,0.278541,5.06,4.57,11,6.17,4,4,4.06,0.0125,5.08,0.28801,1.01,0.200703,0.012159,0.195876,1,10,0.077533,8.72,0.00141,0.189425
org.eclipse.jdt.internal.compiler.batch.ClasspathJar,0,0.136077,0.01738,1.01,4.04,0.096397,0.190117,1.01,0.025715,7.356804,0.091612,0,4.06,1,1,11,0,3.1,2.105112,1.01,0.129435,5.07,9,150,6,10,2,2,0.017544,1.01,3,3.06,54,0.203766,0.202346,0.278541,5.06,2.05,10,7.36,5,0,4.06,0.0125,4.07,0.258436,1.01,0.200465,0.012159,0.27625,1,10,0.063235,9.01,0.00141,0.189425
org.eclipse.jdt.internal.compiler.batch.ClasspathLocation,0,0,0.01738,3.04,3.05,0.016073,0,1.02,0.013586,4.729464,0.061549,0,0,4,2,2,0,1.01,1.306122,0,0,0,5,25,0,1,1,4,0,0,0,0,7,0,0.121124,0.111208,1.01,0,8,1.01,6,0,0,0,2.02,0.13987,0,0.013788,0,0.013461,0,0,0.031306,4.1,0.000029,0
org.eclipse.jdt.internal.compiler.batch.ClasspathSourceJar,0,0.016075,0,0,0,0.022312,0.024988,0,0,2.173148,0,0,1.01,0,0,3,0,0,0.598385,0,0.250323,1.01,8,30,11,2,3,1,0,0,1,3.03,13,0.025916,0,0.040005,0,1.01,9,1.01,1,1,1.01,0,0,0.058433,2.02,0,0.152829,0.028037,9,2,0,2.09,0,0.025916
org.eclipse.jdt.internal.compiler.batch.CompilationUnit,0,0,0.01738,1.01,1.01,0.006936,0,1.01,0,3.176617,0.021277,0,0,4,1,7,0,0,0.765566,1.01,0,1.01,4,57,0,5,1,5,0,0,4,0,16,0.020993,0.021277,0.040444,1.01,0,9,3.05,5,0,0,0,2.02,0.050669,0,0.015794,0,0.049117,0,5,0.031087,3.09,0,0
org.eclipse.jdt.internal.compiler.batch.FileFinder,1,0.014815,0,1.02,1.03,0.004219,0.020699,0,0.021031,2.73075,0.016799,1.01,0,0,0,3,0.020225,1.01,0.663875,0,0,0,0,25,0,2,1,1,0,0,1,0,14,0,0.021031,0.019279,1.01,1.01,1,0,0,0,1.01,0,0,0.045335,0,0.01912,0,0,0,1,0,1.09,0,0
org.eclipse.jdt.internal.compiler.batch.FileSystem,3,0.025036,0.141558,0,0,0.080635,0.100045,2.03,0,9.539699,0,1.01,2.04,0,0,13,0.012069,0,2.86827,0,0,3.06,11,230,0,11,1,4,0,0,35,0,43,0.054834,0,0.223147,4.05,2.2,11,6.13,2,0,4.05,0,3.04,0.40139,0,0.072071,0,0.228237,0,8,0.049595,10.13,0.010839,0.03787
org.eclipse.jdt.internal.compiler.batch.Main,6,0.276511,0.244234,10.15,15.25,1.956672,0.261316,6.07,0.045811,36.65516,0.341938,9.11,13.26,38,0,50,0.308587,3.06,10.525566,0,0,13.27,33,2484,0,47,1,2,0,0,917,0,200,0.372651,0.49822,1.368188,11.16,20.33,34,26.81,50,6,7.11,0,11.17,1.309286,0,0.588118,0,0.712274,0,27,0.604858,68.29,0.037349,0.37558
org.eclipse.jdt.internal.compiler.classfmt.AnnotationInfo,5,0,0,0,0,0.014421,0,0,0,2.163749,0,0,0,0,0,12,0,0,0.577871,0,0,0,20,315,3,10,2,8,0,0,15,0,44,0,0,0.024087,1.01,0,28,0,5,2,0,0,1.01,0.052843,1.05,0.016293,0.028685,0,9,3,0.011452,1.02,0,0
org.eclipse.jdt.internal.compiler.classfmt.AnnotationMethodInfo,0,0,0,0,0,0.003883,0,0,0,1.421758,0,0,0,0,1,4,0,0,0.384836,0,0.030303,0,7,93,13,3,3,2,0,0,1,1.02,19,0,0,0.025131,0,0,8,0,1,0,0,0,0,0.036377,2.07,0,0.070351,0,32,2,0,1.01,0,0
org.eclipse.jdt.internal.compiler.classfmt.AnnotationMethodInfoWithAnnotations,0,0,0,0,0,0.001664,0,0,0,0.980691,0,0,0,0,0,5,0,0,0.257583,0,0.030303,0,5,29,14,4,4,1,0,0,0,1.02,12,0,0,0,0,0,5,0,1,1,0,0,0,0.022594,2.07,0,0.070351,0,31,1,0,0,0,0
org.eclipse.jdt.internal.compiler.classfmt.ClassFileConstants,0,0,0.738134,6.34,6.34,0.007735,0,23.83,0,5.560606,0.125447,0,0,77,0,0,0,0,2.339102,0,0,0,1,79,0,0,0,131,0,0,0,0,0,0,0.124756,0.080151,0,0,131,0,77,0,0,0,23.82,0.492902,0,0,0,0,0,0,0.753969,6.34,0.293898,0
org.eclipse.jdt.internal.compiler.classfmt.ClassFileReader,8,0.146179,0.086182,0,3.03,0.074377,0.166673,2.03,0.142241,10.916965,0,2.05,6.1,0,0,45,0.038914,3.03,4.080355,0,0.014345,6.1,19,734,3,43,2,17,0,0,833,1.01,119,0.190747,0.139364,0.333059,4.04,11.02,36,8.17,23,23,5.06,0,6.07,0.792094,2.06,0.050263,0.043387,0.203329,9,35,0.134728,16.67,0.304109,0.190919
org.eclipse.jdt.internal.compiler.classfmt.ClassFileStruct,0,0.017596,0.079055,0,1.01,0.017593,0.024776,2.07,0,3.637615,0,0,1.05,0,5,10,0,0,0.885416,1.01,0,2.06,0,70,0,9,1,12,0.015152,0,0,0,13,0.039656,0.013349,0.033236,2.03,1.01,12,2.14,3,0,1.05,0,4.1,0.061243,0,0.042034,0,0.03906,0,8,0.118897,2.94,0,0.025736
org.eclipse.jdt.internal.compiler.classfmt.ClassFormatException,0,0,0.080954,0,0,0.001268,0,4.04,0,1.953727,0,0,0,29,0,9,0,0,0.459879,0,0,0,0,91,0,6,3,14,0,0,13,0,15,0,0,0.01245,0,0,14,0,34,5,0,0,4.04,0.02818,0,0,0,0,0,6,0.081139,1.01,0,0
org.eclipse.jdt.internal.compiler.classfmt.ElementValuePairInfo,0,0,0,0,0,0.001773,0,0,0,0.980691,0,0,0,0,0,4,0,0,0.257583,0,0,0,1,33,0,3,1,1,0,0,0,0,10,0,0,0,0,0,2,0,3,2,0,0,0,0.022594,0,0,0,0,0,3,0,0,0,0
org.eclipse.jdt.internal.compiler.classfmt.FieldInfo,4,0.026406,0.085959,0,1.01,0.028317,0.054676,2.02,0.01209,7.364651,0,1.01,2.03,0,1,24,0.014337,1.1,2.733439,1.01,0.014345,2.03,21,306,3,23,2,4,0.015152,0,243,1.01,78,0.054571,0.013349,0.060964,3.03,2.89,24,4.1,9,0,2.04,0,4.04,0.508874,2.06,0.037713,0.043387,0.085635,9,17,0.10655,4.22,0.293898,0.054569
org.eclipse.jdt.internal.compiler.classfmt.FieldInfoWithAnnotation,0,0,0,0,0,0.001991,0,0,0,0.980691,0,0,0,0,0,5,0,0,0.257583,0,0,0,5,43,12,4,3,1,0,0,0,0,16,0,0,0,0,0,5,0,1,1,0,0,0,0.022594,2.07,0,0.070351,0,24,2,0,0,0,0
org.eclipse.jdt.internal.compiler.classfmt.InnerClassInfo,0,0.010847,0,0,1.01,0.000956,0,0,0.01209,2.006593,0,0,1.01,0,0,7,0,1.01,0.471068,0,0.014345,1.01,2,80,3,6,2,1,0,0,15,1.01,15,0.01392,0.013349,0.008104,0,1.06,3,1.01,10,7,0,0,0,0.02859,2.06,0,0.043387,0.013486,9,5,0,1.06,0,0.013918
org.eclipse.jdt.internal.compiler.classfmt.MethodInfo,5,0.046723,0.085959,0,2.04,0.026302,0.054676,2.05,0.040291,7.873,0,2.06,3.1,0,2,31,0.042235,2.1,1.986863,1.02,0.014345,3.1,11,397,3,30,2,7,0.015152,0,419,1.01,52,0.083432,0.042196,0.128985,4.05,5.65,16,5.18,12,2,2.06,0,5.08,0.156373,2.06,0.078387,0.043387,0.109677,9,19,0.145706,8.56,0,0.08343
org.eclipse.jdt.internal.compiler.classfmt.MethodInfoWithAnnotations,0,0,0,0,0,0.001909,0,0,0,0.980691,0,0,0,0,1,5,0,0,0.257583,0,0.030303,0,4,37,13,4,3,3,0,0,0,1.02,12,0,0,0,0,0,6,0,1,0,0,0,0,0.022594,2.07,0,0.070351,0,30,1,0,0,0,0
org.eclipse.jdt.internal.compiler.classfmt.MethodInfoWithParameterAnnotations,0,0,0,0,0,0.001937,0,0,0,0.980691,0,0,0,0,0,5,0,0,0.257583,0,0.030303,0,5,38,14,4,4,1,0,0,0,1.02,14,0,0,0,0,0,5,0,1,1,0,0,0,0.022594,2.07,0,0.070351,0,30,1,0,0,0,0
org.eclipse.jdt.internal.compiler.codegen.AttributeNamesConstants,0,0,0.049014,5.05,5.05,0.002707,0,2.02,0,4.91425,0.17943,0,0,22,0,0,0,0,2.323521,0,0,0,0,24,0,0,0,7,0,0,0,0,1,0,0.215192,0.162469,0,0,7,0,22,0,0,0,2.02,0.544401,0,0,0,0,0,0,0.049006,5.05,0.294104,0
org.eclipse.jdt.internal.compiler.codegen.BranchLabel,0,0.024833,0,1.02,1.01,0.045135,0.034881,0,0.018868,6.006007,0.017613,0,2.03,3,1,13,0,1.02,2.555111,0,0,2.03,5,187,3,11,2,32,0,0,0,0,35,0.032524,0.01445,0.111713,0,2.11,36,4.06,6,2,2.03,0,0,0.534785,0,0,0,0.07542,0,8,0,6.41,0.293898,0.032483
org.eclipse.jdt.internal.compiler.codegen.CachedIndexEntry,0,0,0,0,0,0.000847,0,0,0,0.451798,0,0,0,2,0,1,0,0,0.110797,0,0,0,0,8,0,0,1,1,0,0,0,0,1,0,0,0,0,0,1,0,2,0,0,0,0,0.007658,0,0,0,0,0,0,0,0,0,0
org.eclipse.jdt.internal.compiler.codegen.CaseLabel,0,0.021221,0.047619,1.01,1.01,0.005384,0.0143,1.01,0,4.704833,0.015787,0,1.01,1,0,7,0,0,1.122647,0,0.04212,1.01,3,44,7,6,3,3,0,1.01,9,3.04,15,0.01392,0.013825,0.033084,1.01,2.09,5,2.04,1,0,1.01,0,3.03,0.071605,3.04,0.011754,0.048641,0.026103,6,3,0.066296,3.22,0,0.013918
org.eclipse.jdt.internal.compiler.codegen.CharArrayCache,2,0,0.014493,0,0,0.01705,0,1.01,0,3.880811,0,2.02,2.02,2,0,12,0.074912,0,1.943966,0,0,2.02,1,122,0,10,1,2,0,0,0,0,19,0.062503,0,0.074024,0,0,3,1.01,4,0,0,0,1.01,0.473265,0,0,0,0.010882,0,8,0.01364,3.32,0.293898,0.061795
org.eclipse.jdt.internal.compiler.codegen.CodeStream,7,0,0.050352,5.07,5.1,0.393509,0.16608,3.03,0.036242,22.751297,0.106357,3.06,12.34,33,1,327,0.054218,1.01,5.881932,0,0,12.34,44,6110,0,326,1,78,0,0,0,0,436,0.205933,0.099192,0.447764,6.08,0,110,18.56,42,0,10.15,0,7.09,0.512873,0,0.07751,0,0.272782,0,305,0.099108,35.24,0.000029,0.205752
org.eclipse.jdt.internal.compiler.codegen.ConstantPool,3,0,0.068196,6.14,6.14,0.17919,0.054899,4.07,0,8.397362,0.108328,1.04,3.12,206,0,26,0.011819,0,2.095867,0,0,3.12,18,777,0,25,1,9,0,0,0,0,64,0.053807,0.103136,0.122758,3.08,0,26,3.36,214,0,3.08,0,7.14,0.15996,0,0.052905,0,0.051149,0,20,0.12292,11.97,0,0.053793
org.eclipse.jdt.internal.compiler.codegen.DoubleCache,0,0,0,0,0,0.015981,0,0,0,1.94632,0,0,0,0,0,7,0,0,0.449749,0,0,0,0,94,0,5,1,1,0,0,0,0,14,0,0,0.010657,0,0,1,0,3,3,0,0,0,0.025862,0,0,0,0,0,5,0,1.07,0,0
org.eclipse.jdt.internal.compiler.codegen.ExceptionLabel,0,0.009257,0.048764,0,0,0.008662,0,1.01,0,3.73006,0,0,0,3,0,5,0,0,0.894175,0,0.043324,0,5,59,3,4,2,6,0,0,0,3.08,23,0,0,0.020925,2.02,1.06,10,1.15,3,0,0,0,3.03,0.05796,1.08,0.027328,0.013888,0.013946,0,4,0.079192,2.36,0,0
org.eclipse.jdt.internal.compiler.codegen.FloatCache,0,0,0,0,0,0.015981,0,0,0,1.94632,0,0,0,0,0,7,0,0,0.449749,0,0,0,0,94,0,5,1,1,0,0,0,0,14,0,0,0.010657,0,0,1,0,3,3,0,0,0,0.025862,0,0,0,0,0,5,0,1.07,0,0
org.eclipse.jdt.internal.compiler.codegen.IntegerCache,1,0,0,0,0,0.014714,0,0,0,3.034987,0,0,0,2,0,10,0,0,0.716722,0,0,0,0,99,0,8,1,1,0,0,0,0,14,0,0,0.024506,0,0,1,0,4,0,0,0,0,0.044313,0,0,0,0,0,7,0,2.11,0,0
org.eclipse.jdt.internal.compiler.codegen.Label,0,0.020104,0.029023,3.09,3.07,0.029702,0.015251,2.3,0.012305,4.718591,0.039564,0,1.09,3,2,3,0,1.01,1.119192,0,0,1.09,1,11,0,1,1,6,0,0,0,0,3,0.014827,0.039705,0.055925,3.07,2.02,6,3.31,3,0,1.06,0,3.34,0.069931,0,0.041192,0,0.039183,0,1,0.043292,7.49,0,0.014827
org.eclipse.jdt.internal.compiler.codegen.LongCache,1,0,0,0,0,0.014658,0,0,0,2.501349,0,0,0,2,0,10,0,0,0.585304,0,0,0,0,99,0,8,1,1,0,0,0,0,15,0,0,0.024506,0,0,1,0,4,0,0,0,0,0.035112,0,0,0,0,0,7,0,2.11,0,0
org.eclipse.jdt.internal.compiler.codegen.ObjectCache,1,0,0,0,0,0.003399,0,0,0,1.884649,0,0,0,2,0,10,0,0,0.442907,0,0,0,0,89,0,8,1,1,0,0,0,0,16,0,0,0.013849,0,0,1,0,4,0,0,0,0,0.026998,0,0,0,0,0,7,0,1.06,0,0
org.eclipse.jdt.internal.compiler.codegen.Opcodes,0,0,0.06215,0,0,0.001763,0,2.02,0,2.221467,0,0,0,201,0,0,0,0,0.530096,0,0,0,0,203,0,0,0,3,0,0,0,0,0,0,0,0,0,0,3,0,201,0,0,0,2.02,0.034018,0,0,0,0,0,0,0.052656,0,0,0
org.eclipse.jdt.internal.compiler.codegen.StackMapFrame,3,0.052087,0.047619,1.02,1.02,0.047906,0.02355,1.01,0,3.083061,0.02002,0,2.06,14,0,16,0,0,0.80891,0,0,2.06,3,348,0,15,1,1,0,0,31,0,30,0.02539,0.020226,0.08049,0,2.38,4,3.11,16,2,2.06,0,1.01,0.070404,0,0,0,0.040094,0,12,0.038132,5.66,0,0.025351
org.eclipse.jdt.internal.compiler.codegen.StackMapFrameCodeStream,2,0.116891,0.026503,4.06,4.05,0.449635,0.161592,1.01,0.047619,9.019918,0.137771,2.03,10.49,5,0,38,0.072548,1.01,2.451842,0,0.092543,10.49,14,327,42,37,2,3,0,0,566,5.1,116,0.158058,0.135857,0.296493,3.18,8.82,16,14.43,6,1,10.36,0,4.19,0.238652,9.41,0.085968,0.144739,0.1727,294,31,0.126259,42.5,0,0.157947
org.eclipse.jdt.internal.compiler.codegen.VerificationTypeInfo,0,0,0.047619,0,0,0.008658,0.047569,1.01,0,3.135867,0,0,1.01,11,0,14,0,0,1.774079,0,0,2.02,3,185,0,9,1,2,0,0,0,0,22,0.050752,0,0.063041,0,0,5,3.03,13,2,2.02,0,1.01,0.459546,0,0,0,0.063618,0,9,0.038132,3.27,0.293898,0.040651
org.eclipse.jdt.internal.compiler.env.AccessRestriction,0,0.049119,0.152956,1.05,2.06,0.01693,0.093249,8.22,0.048054,5.144258,0.050849,0,4.12,5,0,3,0,1.01,1.252303,0,0,4.12,1,20,0,2,1,35,0,0,0,0,5,0.091106,0.062512,0.068897,1.01,4.04,36,4.24,6,1,4.12,0,8.23,0.0918,0,0.0112,0,0.090434,0,2,0.151005,4.86,0,0.090931
org.eclipse.jdt.internal.compiler.env.AccessRule,0,0,0.010799,1.01,1.01,0.004661,0.014335,1.01,0,2.353013,0.014723,0,1.02,3,1,7,0,0,0.551517,0,0,1.03,2,47,0,5,1,6,0,0,0,0,14,0.01435,0.014376,0.010283,0,0,8,1.04,3,0,1.02,0,1.01,0.033265,0,0,0,0.014619,0,5,0.011388,1.13,0,0.014177
org.eclipse.jdt.internal.compiler.env.AccessRuleSet,0,0,0.310216,1.01,1.01,0.028005,0.011391,6.1,0,4.752274,0.013133,0,1.01,2,0,6,0,0,1.177847,0,0,3.03,4,70,0,5,1,24,0,0,0,0,16,0.037817,0.013349,0.092231,0,0,28,2.03,3,1,1.01,0,6.1,0.090532,0,0,0,0.022523,0,5,0.31082,6.29,0,0.011509
org.eclipse.jdt.internal.compiler.env.ClassSignature,0,0,0.070931,0,0,0.001501,0,2.02,0,0.980691,0,0,0,0,0,3,0,0,0.257583,0,0,0,0,15,0,2,1,4,0,0,0,0,7,0,0,0,0,0,4,0,1,0,0,0,2.02,0.022594,0,0,0,0,0,2,0.066845,0,0,0
org.eclipse.jdt.internal.compiler.env.EnumConstantSignature,0,0,0.070931,0,0,0.001773,0,2.02,0,0.980691,0,0,0,0,0,4,0,0,0.257583,0,0,0,0,21,0,3,1,4,0,0,0,0,8,0,0,0,0,0,4,0,2,0,0,0,2.02,0.022594,0,0,0,0,0,3,0.066845,0,0,0
org.eclipse.jdt.internal.compiler.env.IBinaryAnnotation,0,0,0.14236,0,0,0.001479,0,3.06,0,1.590258,0,0,0,0,0,2,0,0,0.472689,0,0,0,1,4,0,2,0,21,0,0,1,0,2,0,0,0,0,0,22,0,0,0,0,0,3.06,0.058451,0,0,0,0,0,2,0.136234,0,0,0
org.eclipse.jdt.internal.compiler.env.IBinaryElementValuePair,0,0,0.14236,0,0,0.00131,0,3.03,0,0.980691,0,0,0,0,0,2,0,0,0.257583,0,0,0,0,4,0,2,0,7,0,0,1,0,2,0,0,0,0,0,7,0,0,0,0,0,3.03,0.022594,0,0,0,0,0,2,0.136234,0,0,0
org.eclipse.jdt.internal.compiler.env.IBinaryField,0,0.018545,0,0,0,0.001525,0.025571,0,0,2.624121,0,0,2.02,0,0,6,0,0,0.610064,0,0,2.02,3,8,0,6,0,10,0,0,15,0,6,0.02516,0,0.0179,1.01,2.09,13,2.02,0,0,2.02,0,1.01,0.035855,0,0.014577,0,0.024055,0,6,0.014524,2.02,0,0.025157
org.eclipse.jdt.internal.compiler.env.IBinaryMethod,0,0.018545,0,0,0,0.001598,0.025571,0,0,2.624121,0,0,2.04,0,0,9,0,0,0.610064,0,0,2.04,2,11,0,9,0,11,0,0,36,0,9,0.02516,0,0.0179,1.01,2.26,13,2.04,0,0,2.04,0,1.01,0.035855,0,0.014577,0,0.024055,0,9,0.014524,2.04,0,0.025157
org.eclipse.jdt.internal.compiler.env.IBinaryNestedType,0,0,0,0,0,0.001763,0,0,0,2.221467,0,0,0,0,0,3,0,0,0.530096,0,0,0,0,5,0,3,0,7,0,0,3,0,3,0,0,0,0,0,7,0,0,0,0,0,0,0.034018,0,0,0,0,0,3,0,0,0,0
org.eclipse.jdt.internal.compiler.env.IBinaryType,0,0.102028,0.157538,0,0,0.0041,0.13881,5.06,0,4.62536,0,0,3.03,4,0,16,0,0,2.247823,0,0,3.03,6,22,0,16,0,34,0,0,120,0,16,0.138224,0,0.118832,1.01,3.42,40,3.03,4,0,3.03,0,5.07,0.535944,0,0.014577,0,0.133091,0,16,0.152318,3.03,0.294104,0.13826
org.eclipse.jdt.internal.compiler.env.ICompilationUnit,0,0,0.264936,0,0,0.002157,0,5.05,0,2.817253,0,0,0,0,0,3,0,0,0.689486,0,0,0,1,5,0,3,0,55,0,0,3,0,3,0,0,0,0,0,56,0,0,0,0,0,5.05,0.048203,0,0,0,0,0,3,0.256614,0,0,0
org.eclipse.jdt.internal.compiler.env.IDependent,0,0,0.025538,0,0,0.001763,0,2.02,0,2.221467,0,0,0,1,0,1,0,0,0.530096,0,0,0,0,4,0,1,0,18,0,0,0,0,1,0,0,0,0,0,18,0,1,0,0,0,2.02,0.034018,0,0,0,0,0,1,0.024205,0,0,0
org.eclipse.jdt.internal.compiler.env.IGenericField,0,0.007698,0.011259,0,0,0.001896,0.011271,1.02,0,2.838995,0,0,1.01,0,0,1,0,0,0.669092,0,0,1.01,0,3,0,1,0,4,0,0,0,0,1,0.011239,0,0.009796,0,1.01,4,1.01,0,0,1.01,0,1.02,0.041283,0,0,0,0.010568,0,1,0.011247,1.01,0,0.011239
org.eclipse.jdt.internal.compiler.env.IGenericMethod,0,0.007698,0.011259,0,0,0.001996,0.011271,1.01,0,2.838995,0,0,1.01,0,0,3,0,0,0.669092,0,0,1.01,0,5,0,3,0,7,0,0,3,0,3,0.011239,0,0.009796,0,1.03,7,1.01,0,0,1.01,0,1.01,0.041283,0,0,0,0.010568,0,3,0.011247,1.01,0,0.011239
org.eclipse.jdt.internal.compiler.env.IGenericType,0,0.007852,0.151903,1.04,1.04,0.002424,0.013457,4.23,0,2.650692,0.012761,0,1.01,0,0,2,0,0,0.630134,0,0,1.01,1,4,0,2,0,9,0,0,1,0,2,0.012582,0.012843,0.010541,0,1.02,10,1.01,0,0,1.01,0,4.23,0.039898,0,0,0,0.011058,0,2,0.148012,1.05,0,0.012582
org.eclipse.jdt.internal.compiler.env.INameEnvironment,0,0,0.046633,0,0,0.001763,0,2.02,0,2.221467,0,0,0,0,0,4,0,0,0.530096,0,0,0,1,6,0,4,0,18,0,0,6,0,4,0,0,0,0,0,19,0,0,0,0,0,2.02,0.034018,0,0,0,0,0,4,0.043484,0,0,0
org.eclipse.jdt.internal.compiler.env.ISourceField,0,0,0,0,0,0.001763,0,0,0,2.221467,0,0,0,0,0,6,0,0,0.530096,0,0,0,1,8,0,6,0,3,0,0,15,0,6,0,0,0,0,0,4,0,0,0,0,0,0,0.034018,0,0,0,0,0,6,0,0,0,0
org.eclipse.jdt.internal.compiler.env.ISourceImport,0,0.007698,0.011259,0,0,0.002195,0.011271,1.01,0,2.838995,0,0,1.02,0,0,3,0,0,0.669092,0,0,1.02,0,5,0,3,0,3,0,0,3,0,3,0.011239,0,0.009796,0,1.07,3,1.02,0,0,1.02,0,1.01,0.041283,0,0,0,0.010568,0,3,0.011247,1.02,0,0.011239
org.eclipse.jdt.internal.compiler.env.ISourceMethod,0,0.007698,0.011259,0,0,0.002062,0.011271,1.01,0,2.838995,0,0,1.01,0,0,8,0,0,0.669092,0,0,1.01,1,10,0,8,0,3,0,0,28,0,8,0.011239,0,0.009796,0,1.08,4,1.01,0,0,1.01,0,1.01,0.041283,0,0,0,0.010568,0,8,0.011247,1.01,0,0.011239
org.eclipse.jdt.internal.compiler.env.ISourceType,0,0.007698,0.195843,0,0,0.002361,0.011271,3.03,0,2.838995,0,0,1.02,0,0,13,0,0,0.669092,0,0,1.02,3,15,0,13,0,14,0,0,78,0,13,0.011239,0,0.009796,1.01,1.27,17,1.02,0,0,1.02,0,4.04,0.041283,0,0.0112,0,0.010568,0,13,0.201848,1.02,0,0.011239
org.eclipse.jdt.internal.compiler.env.NameEnvironmentAnswer,0,0.007172,0.108188,0,0,0.001488,0.014335,5.05,0,2.017695,0,0,1.02,0,0,12,0,0,0.474291,0,0,1.02,4,48,0,9,1,19,0,0,24,0,14,0.01435,0,0.010283,0,1.09,23,1.04,4,0,1.02,0,5.05,0.028913,0,0,0,0.014619,0,9,0.103531,1.09,0,0.014177
org.eclipse.jdt.internal.compiler.flow.ConditionalFlowInfo,0,0,0,0,0,0.019083,0.046075,0,0,2.424163,0,0,3.1,2,0,35,0,0,0.574086,0,0.015182,3.1,4,149,8,34,2,1,0,0,0,1.02,64,0.04405,0,0.036955,0,0,4,3.16,2,0,3.1,0,0,0.03584,2.04,0,0.03674,0.04584,7,34,0,3.47,0,0.043578
org.eclipse.jdt.internal.compiler.flow.ExceptionHandlingFlowContext,0,0.009842,0,0,0,0.021311,0.014247,0,0,6.62738,0,0,1.01,4,1,10,0,0,1.938559,0,0.07848,1.01,23,187,16,9,2,7,0,0,4,4.13,40,0.014832,0,0.300989,5.06,1.04,28,2.04,9,0,1.01,0,5.06,0.255876,2.02,0.192079,0.04526,0.029632,23,9,0.201191,7.35,0.000637,0.014759
org.eclipse.jdt.internal.compiler.flow.FinallyFlowContext,0,0.007172,0,0,1.01,0.050377,0.014335,0,0,3.659065,0,0,1.01,0,0,8,0,0,0.931266,0,0.07848,1.01,11,260,16,7,2,1,0,0,5,4.13,37,0.01435,0.014376,0.052507,0,1.05,12,3.13,7,0,1.01,0,0,0.074338,2.02,0,0.044234,0.066833,21,4,0,5.04,0,0.014177
org.eclipse.jdt.internal.compiler.flow.FlowContext,0,0.017596,0.033221,4.11,4.13,0.038724,0.024776,2.02,0,7.326054,0.074242,0,1.01,14,4,28,0,0,1.811972,0,0,1.01,24,423,0,27,1,64,0,0,279,0,60,0.025736,0.074753,0.117685,4.04,1.26,82,4.1,16,0,1.01,0,4.04,0.131561,0,0.059426,0,0.077796,0,24,0.064003,8.73,0,0.025736
org.eclipse.jdt.internal.compiler.flow.FlowInfo,0,0.039126,0.050014,1.02,1.02,0.022358,0.066774,3.03,0,4.170133,0.014723,0,4.14,8,2,42,0,0,1.009625,0,0,4.14,4,112,0,41,1,75,0,0,816,0,45,0.062961,0.014376,0.056234,0,9.03,77,4.13,8,0,4.14,0,3.03,0.067697,0,0,0,0.065678,0,41,0.049479,4.42,0,0.062489
org.eclipse.jdt.internal.compiler.flow.InitializationFlowContext,0,0,0,0,0,0.000684,0,0,0,2.006593,0,0,0,4,0,4,0,0,0.471068,0,0.07848,0,9,68,25,3,3,6,0,0,0,4.13,15,0,0,0,1.01,0,15,0,4,0,0,0,1.01,0.02859,1.01,0.014577,0.028685,0,30,3,0.014524,0,0,0
org.eclipse.jdt.internal.compiler.flow.InsideSubRoutineFlowContext,0,0,0.012978,0,0,0.003634,0,1.04,0,2.572723,0,0,0,1,0,6,0,0,0.609845,0,0.07848,0,5,32,16,5,2,6,0,0,4,4.13,15,0,0,0.010283,0,0,10,1.02,1,0,0,0,1.03,0.038164,1.01,0,0.028685,0.014619,22,5,0.014298,1.01,0,0
org.eclipse.jdt.internal.compiler.flow.LabelFlowContext,0,0,0.02714,0,0,0.001634,0,1.01,0,2.538394,0,0,0,1,0,4,0,0,0.598085,0,0.07848,0,7,25,18,3,3,2,0,0,0,4.13,10,0,0,0.010887,0,0,9,0,1,0,0,0,1.01,0.036686,1.01,0,0.028685,0,25,2,0.02873,1.05,0,0
org.eclipse.jdt.internal.compiler.flow.LoopingFlowContext,0,0.024769,0,0,2.07,0.041768,0.039111,0,0.044361,5.060719,0,0,2.03,2,0,13,0,2.06,1.300231,0,0.07848,2.03,15,401,18,12,3,4,0,0,38,4.13,51,0.040086,0.044658,0.089449,1.01,2.24,19,5.19,16,6,2.03,0,1.01,0.107484,1.01,0.029246,0.015549,0.102879,18,9,0.02873,7.52,0,0.039913
org.eclipse.jdt.internal.compiler.flow.NullInfoRegistry,0,0,0,0,0,0.054994,0,0,0,1.222433,0,0,0,0,0,8,0,0,0.320945,0,0,0,4,290,20,7,3,5,0,0,21,0,11,0,0,0.043445,0,0,9,0,0,0,0,0,0,0.027829,2.04,0,0.036908,0,40,7,0,2.04,0,0
org.eclipse.jdt.internal.compiler.flow.SwitchFlowContext,0,0,0,0,0,0.002428,0,0,0,3.144628,0,0,0,2,2,5,0,0,0.744402,0,0.07848,0,5,27,16,4,2,8,0,0,4,4.13,14,0,0,0.021171,0,0,13,0,2,0,0,0,0,0.046308,1.01,0,0.028685,0,23,4,0,2.04,0,0
org.eclipse.jdt.internal.compiler.flow.UnconditionalFlowInfo,3,0.027388,0.035859,1.01,1.01,0.259688,0.081355,2.03,0,7.535245,0.014723,2.05,5.12,12,1,44,0.030917,0,1.839221,1.01,0.015182,5.12,10,1434,8,43,2,50,0,0,0,1.02,50,0.077996,0.014376,0.106683,3.04,5.71,58,5.13,12,0,5.13,0,5.06,0.127098,1.01,0.052693,0.015549,0.080451,5,39,0.089098,19.24,0,0.077467
org.eclipse.jdt.internal.compiler.impl.BooleanConstant,0,0.010374,0.024155,0,1.02,0.011609,0.014582,2.05,0.011308,3.066733,0,0,1.01,0,0,6,0,1.03,0.719932,0,0.016182,1.01,2,23,1,5,2,7,0,0,4,1.03,7,0.015035,0.013825,0.02315,1.01,1.04,8,2.02,3,3,1.01,0,3.06,0.04361,1.08,0.013868,0.01435,0.027361,30,5,0.040037,2.07,0,0.014978
org.eclipse.jdt.internal.compiler.impl.ByteConstant,0,0,0.014531,0,0,0.001676,0.014582,1.01,0.011308,2.45701,0,0,1.01,0,0,12,0,1.01,0.57957,0,0.016182,1.01,2,38,1,11,2,3,0,0,0,1.03,13,0.015035,0,0.02315,0,0,4,2.02,1,1,1.01,0,1.01,0.035692,1.08,0,0.01435,0.027361,24,11,0.014524,2.05,0,0.014978
org.eclipse.jdt.internal.compiler.impl.CharConstant,0,0,0.024155,0,0,0.001676,0.014582,2.02,0.011308,2.45701,0,0,1.01,0,0,12,0,1.01,0.57957,0,0.016182,1.01,2,39,1,11,2,4,0,0,0,1.03,13,0.015035,0,0.02315,0,0,5,2.02,1,1,1.01,0,2.02,0.035692,1.08,0,0.01435,0.027361,24,11,0.025976,2.05,0,0.014978
org.eclipse.jdt.internal.compiler.impl.CompilerOptions,0,0.096584,0.741593,26.75,28.82,0.236042,0.038506,23.31,0.032631,22.563462,0.717757,0,2.05,217,0,17,0,3.11,6.567205,0,0,3.06,7,1239,0,14,1,108,0,0,39,0,36,0.05507,0.752055,0.723078,2.04,5.35,113,3.09,218,1,2.05,0,24.35,0.839304,0,0.036734,0,0.049185,0,13,0.755208,42.16,0.011447,0.038285
org.eclipse.jdt.internal.compiler.impl.CompilerStats,0,0,0.187354,1.03,1.03,0.003621,0,1.01,0,1.147171,0.13553,0,0,7,0,3,0,0,0.623387,0,0,0,0,18,0,2,1,3,0,0,1,0,3,0,0.155913,0.103581,0,0,3,0,7,0,0,0,1.01,0.182005,0,0,0,0,0,2,0.180321,1.03,0.010005,0
org.eclipse.jdt.internal.compiler.impl.Constant,0,0.010374,0.1357,1.03,1.03,0.140607,0.014582,7.13,0,3.593798,0.015787,0,1.08,1,9,35,0,0,0.836491,0,0,1.08,13,1359,0,34,1,111,0,0,219,0,55,0.015035,0.013825,0.02315,0,4,115,2.13,1,0,1.08,0,7.13,0.04931,0,0,0,0.027361,0,34,0.135172,2.12,0,0.014978
org.eclipse.jdt.internal.compiler.impl.DoubleConstant,0,0,0.024155,0,0,0.00185,0.014582,2.02,0.011308,2.45701,0,0,1.01,0,0,12,0,1.01,0.57957,0,0.016182,1.01,2,41,1,11,2,6,0,0,0,1.03,13,0.015035,0,0.02315,0,0,7,1.01,1,1,1.01,0,2.02,0.035692,1.08,0,0.01435,0.014773,24,11,0.025976,2.05,0,0.014978
org.eclipse.jdt.internal.compiler.impl.FloatConstant,0,0,0.024155,0,0,0.001427,0.014582,2.02,0,2.45701,0,0,1.01,0,0,12,0,0,0.57957,0,0.016182,1.01,2,39,1,11,2,4,0,0,0,1.03,13,0.015035,0,0.02315,0,0,5,1.01,1,0,1.01,0,2.02,0.035692,1.08,0,0.01435,0.014773,24,11,0.025976,2.05,0,0.014978
org.eclipse.jdt.internal.compiler.impl.ITypeRequestor,0,0,0,0,0,0.001763,0,0,0,2.221467,0,0,0,0,0,3,0,0,0.530096,0,0,0,5,5,0,3,0,5,0,0,3,0,3,0,0,0,0,0,10,0,0,0,0,0,0,0.034018,0,0,0,0,0,3,0,0,0,0
org.eclipse.jdt.internal.compiler.impl.IntConstant,0,0,0.024155,0,1.15,0.00684,0.014582,2.03,0.011308,2.45701,0,0,1.01,0,0,12,0,1.15,0.57957,0,0.016182,1.01,2,71,1,11,2,6,0,0,0,1.03,13,0.015035,0.013825,0.02315,0,0,7,2.02,16,15,1.01,0,2.03,0.035692,1.08,0,0.01435,0.027361,24,11,0.025976,2.37,0,0.014978
org.eclipse.jdt.internal.compiler.impl.LongConstant,0,0,0.024155,0,1.01,0.002099,0.014582,2.03,0.011308,2.45701,0,0,1.01,0,0,12,0,1.02,0.57957,0,0.016182,1.01,2,42,1,11,2,5,0,0,0,1.03,13,0.015035,0.013825,0.02315,0,0,6,2.02,2,2,1.01,0,2.03,0.035692,1.08,0,0.01435,0.027361,24,11,0.025976,2.09,0,0.014978
org.eclipse.jdt.internal.compiler.impl.ReferenceContext,0,0,0.25224,0,0,0.001125,0,4.04,0,2.506744,0,0,0,0,0,4,0,0,0.585369,0,0,0,2,6,0,4,0,29,0,0,6,0,4,0,0,0,0,0,30,0,0,0,0,0,4.04,0.034924,0,0,0,0,0,4,0.256878,0,0,0
org.eclipse.jdt.internal.compiler.impl.ShortConstant,0,0,0.014531,0,0,0.001676,0.014582,1.01,0.011308,2.45701,0,0,1.01,0,0,12,0,1.01,0.57957,0,0.016182,1.01,2,38,1,11,2,3,0,0,0,1.03,13,0.015035,0,0.02315,0,0,4,2.02,1,1,1.01,0,1.01,0.035692,1.08,0,0.01435,0.027361,24,11,0.014524,2.05,0,0.014978
org.eclipse.jdt.internal.compiler.impl.StringConstant,0,0.010374,0.024155,1.01,0,0.002124,0,2.02,0.011308,1.953727,0.015787,0,0,0,0,5,0,1.01,0.459879,0,0.016182,0,2,17,1,4,2,5,0,0,4,1.03,5,0,0,0.01245,0,1.04,6,1.01,1,1,0,0,2.02,0.02818,1.08,0,0.01435,0.014773,31,4,0.025976,1.03,0,0
org.eclipse.jdt.internal.compiler.lookup.AnnotationBinding,3,0.198937,0.120428,0,0,0.025656,0.277278,3.04,0,4.734212,0,2.02,3.03,0,1,11,0.053375,0,2.347287,0,0,3.03,12,153,0,9,1,25,0,0,28,0,27,0.213372,0,0.131682,1.02,4.18,30,4.12,2,0,4.04,0,3.04,0.569388,0,0.020431,0,0.234901,0,6,0.103682,3.23,0.296882,0.213357
org.eclipse.jdt.internal.compiler.lookup.AnnotationHolder,0,0,0,0,0,0.003858,0.024988,0,0,2.333421,0,0,0,0,0,7,0,0,0.627079,0,0,0,2,36,0,6,1,3,0,0,13,0,9,0,0,0,0,0,5,0,1,0,1.01,0,0,0.058048,0,0,0,0,0,1,0,0,0,0
org.eclipse.jdt.internal.compiler.lookup.ArrayBinding,0,0,0.449464,0,0,0.039794,0.135864,13.15,0,11.905239,0,0,3.04,3,0,24,0,0,3.993776,0,0.423976,3.04,18,186,40,23,3,47,0,0,0,5.26,56,0.135736,0,0.173844,5.05,0,61,6.16,6,0,3.04,0,16.17,0.655268,14.2,0.069462,0.632176,0.164283,45,23,0.494234,5.73,0.294104,0.135757
org.eclipse.jdt.internal.compiler.lookup.BaseTypeBinding,0,0.017739,0.30232,0,0,0.006584,0.023203,9.11,0,3.155223,0,0,2.03,1,0,14,0,0,0.731344,0,0.423976,2.03,5,156,40,13,3,86,0,0,64,5.26,16,0.022942,0,0.019575,2.02,2.33,90,2.03,2,1,2.03,0,10.12,0.04251,13.19,0.024527,0.717927,0.022094,54,13,0.310615,2.09,0,0.022929
org.eclipse.jdt.internal.compiler.lookup.BinaryLocalVariableBinding,0,0,0,0,0,0.003981,0,0,0,0.563859,0,0,0,0,0,2,0,0,0.164184,0,0.385585,0,4,10,43,1,4,0,0,0,0,2.03,3,0,0,0,0,0,4,0,1,0,0,0,0,0.018189,0,0,0,0,18,1,0,0,0,0
org.eclipse.jdt.internal.compiler.lookup.BinaryTypeBinding,6,0.079472,0.450035,0,1.01,0.123386,0.02548,9.12,0.01209,16.242717,0,0,3.07,0,1,39,0,2.09,5.305066,1.01,0.43447,4.08,41,868,48,37,4,22,0,0,280,6.27,158,0.065686,0.013349,0.511132,5.12,10.82,56,12.53,9,0,2.02,0,10.2,0.818996,23.36,0.085129,0.84809,0.320714,102,24,0.365143,24.46,0.294105,0.040671
org.eclipse.jdt.internal.compiler.lookup.Binding,0,0.016005,1.121201,5.16,5.16,0.007033,0.025725,29.66,0,7.685332,0.41384,0,2.02,28,6,10,0,0,3.349863,0,0,2.02,9,52,0,9,1,164,0,0,36,0,10,0.025872,0.406768,0.376583,2.08,2.15,165,2.02,28,0,2.02,0,28.65,0.76006,0,0.027366,0,0.025751,0,9,1.100047,6.21,0.356115,0.025686
org.eclipse.jdt.internal.compiler.lookup.BlockScope,1,0.054568,0.644364,0,0,0.10958,0.062154,17.24,0,13.474576,0,0,2.02,12,2,30,0,0,4.756603,0,0.014345,2.02,38,648,13,26,2,180,0,0,263,1.03,98,0.059487,0,0.249278,6.06,2.31,203,13.17,12,0,2.02,0,18.25,0.843117,9.11,0.078333,0.228299,0.349527,76,22,0.634943,13.39,0.303541,0.059623
org.eclipse.jdt.internal.compiler.lookup.CaptureBinding,0,0,0.025643,1.01,1.01,0.079172,0.036276,2.03,0,8.633388,0.017573,0,3.03,5,0,10,0,0,3.247953,0,0.412059,3.03,15,201,54,9,5,10,0,0,0,4.25,46,0.035084,0.017971,0.239048,2.03,0,20,8.22,5,0,3.03,0,3.03,0.621312,17.32,0.02609,0.737921,0.212145,126,9,0.039474,12.76,0.294474,0.035069
org.eclipse.jdt.internal.compiler.lookup.ClassScope,13,0,0.462787,5.05,3.03,0.233267,0.039868,15.8,0.011446,23.355284,0.066351,3.04,3.03,2,0,27,0.347408,2.02,7.627532,0,0.014345,3.03,47,964,13,26,2,93,0,0,0,1.03,163,0.040214,0.038035,0.981297,5.05,0,120,14.3,2,0,3.03,0,14.74,1.222615,9.11,0.097888,0.228299,0.543986,79,6,0.447345,30.22,0.376256,0.040078
org.eclipse.jdt.internal.compiler.lookup.CompilationUnitScope,5,0.058756,0.390366,0,1.01,0.085871,0.024283,11.15,0,16.79545,0,1.01,4.04,7,0,31,0.323241,1.01,5.779684,0,0.014345,4.04,41,621,13,30,2,45,0,0,313,1.03,131,0.065024,0.017971,0.765319,8.08,6,77,14.22,13,5,2.02,0,15.18,1.003245,9.11,0.345458,0.228299,0.588526,79,10,0.67313,21.17,0.354727,0.065024
org.eclipse.jdt.internal.compiler.lookup.ElementValuePair,0,0.00877,0.046342,1.02,0,0.007067,0.166667,2.03,0,3.379991,0.038409,0,2.02,2,0,9,0,0,1.953532,0,0,2.02,15,66,0,7,1,14,0,0,11,0,17,0.157461,0,0.089819,0,1.03,26,2.07,3,0,1.01,0,2.03,0.522644,0,0,0,0.155214,0,5,0.044339,2.09,0.296882,0.157422
org.eclipse.jdt.internal.compiler.lookup.ExtraCompilerModifiers,0,0,0.191688,3.05,3.05,0.011473,0,7.11,0,5.131029,0.037485,0,0,16,0,0,0,0,1.207932,0,0,0,2,18,0,0,0,48,0,0,0,0,0,0,0.038255,0.036954,0,0,49,0,16,0,0,0,7.11,0.07381,0,0,0,0,0,0,0.193997,3.05,0,0
org.eclipse.jdt.internal.compiler.lookup.FieldBinding,0,0.021337,0.366369,0,0,0.026622,0.028107,13.17,0,11.16481,0,0,2.03,1,3,27,0,0,3.976278,0,0.438619,2.03,24,240,34,23,3,87,0,0,197,6.17,49,0.027601,0,0.091864,1.01,2.27,98,7.15,1,0,2.03,0,13.16,0.726561,3.04,0.014577,0.041232,0.083558,10,23,0.349287,10,0.303533,0.027633
org.eclipse.jdt.internal.compiler.lookup.ImportBinding,0,0,0.156198,0,0,0.002872,0,3.03,0,2.774484,0,0,0,4,1,5,0,0,0.655586,1.01,0.423976,0,3,27,28,4,2,12,0,0,6,5.16,10,0,0,0,0,0,15,0,4,0,0,0,3.03,0.040762,2.02,0,0.027211,0,7,4,0.153758,0,0,0
org.eclipse.jdt.internal.compiler.lookup.ImportConflictBinding,0,0,0.012288,0,0,0.002866,0,1.01,0,0.553017,0,0,0,1,0,3,0,0,0.125491,0,0.399931,0,5,13,32,2,3,3,0,0,1,3.14,6,0,0,0,0,0,8,0,1,0,0,0,1.01,0.006744,1.01,0,0.015549,0,9,2,0.011677,0,0,0
org.eclipse.jdt.internal.compiler.lookup.InferenceContext,0,0,0,0,1.02,0.02661,0,0,0,1.451607,0,0,0,0,0,6,0,0,0.413191,0,0,0,6,122,0,5,1,6,0,0,0,0,15,0,0.032634,0.06053,1.01,0,10,1.01,9,1,0,0,1.01,0.04423,0,0.036553,0,0.036053,0,5,0.038345,2.09,0,0
org.eclipse.jdt.internal.compiler.lookup.InnerEmulationDependency,0,0,0,0,0,0.001763,0,0,0,2.221467,0,0,0,2,0,1,0,0,0.530096,0,0,0,1,8,0,0,1,1,0,0,0,0,1,0,0,0,0,0,2,0,2,0,0,0,0,0.034018,0,0,0,0,0,0,0,0,0,0
org.eclipse.jdt.internal.compiler.lookup.InvocationSite,0,0,0.14245,0,0,0.001763,0,3.03,0,2.221467,0,0,0,0,0,8,0,0,0.530096,0,0,0,2,10,0,8,0,42,0,0,28,0,8,0,0,0,0,0,44,0,0,0,0,0,3.03,0.034018,0,0,0,0,0,8,0.138914,0,0,0
org.eclipse.jdt.internal.compiler.lookup.LocalTypeBinding,0,0.079655,0.214943,2.02,2.02,0.052464,0.102543,5.07,0.021963,9.372448,0.010453,0,4.04,4,0,15,0,2.02,2.32499,0,0.497381,4.04,25,181,60,14,6,19,0,0,89,8.33,51,0.086173,0.021724,0.122112,4.09,4.46,38,8.17,6,1,4.04,0,7.14,0.180471,25.44,0.096579,0.894272,0.142535,155,13,0.237234,8.57,0,0.085465
org.eclipse.jdt.internal.compiler.lookup.LocalVariableBinding,1,0.010847,0.363062,1.01,1.01,0.03266,0.0143,9.1,0,6.931997,0.015031,0,1.02,9,2,11,0,0,1.791033,1.01,0.438619,1.02,20,169,34,9,3,58,0,0,22,6.17,32,0.01392,0.014427,0.140027,4.08,1.07,68,3.09,9,0,1.02,0,10.14,0.152502,3.03,0.072539,0.041232,0.077576,11,8,0.325154,8.78,0,0.013918
org.eclipse.jdt.internal.compiler.lookup.LookupEnvironment,3,0.363705,0.604624,3.04,5.06,0.231884,0.526994,18.66,0.085132,21.902415,0.042586,1.01,9.12,8,0,44,0.101835,3.03,7.12904,0,0,9.12,48,1065,0,43,1,85,0,0,745,0,140,0.323295,0.125792,0.792358,7.09,16.09,113,18.44,27,11,11.13,0,19.68,1.123655,0,0.312933,0,0.594601,0,32,0.638266,29.68,0.30415,0.323068
org.eclipse.jdt.internal.compiler.lookup.MemberTypeBinding,0,0.003072,0.012288,0,0,0.011909,0.013558,1.01,0,3.183275,0,0,1.01,0,0,5,0,0,0.782923,0,0.497381,1.01,10,33,60,4,6,6,0,0,6,8.33,18,0.01419,0,0.033529,2.14,1.03,15,2.04,0,0,1.01,0,3.13,0.055636,25.44,0.043554,0.888952,0.038904,161,3,0.049274,2.26,0,0.014115
org.eclipse.jdt.internal.compiler.lookup.MethodBinding,0,0.240265,0.667184,0,0,0.264635,0.172987,16.27,0,18.309908,0,0,7.14,8,4,63,0,0,5.836345,0,0.423976,7.14,37,773,28,59,2,100,0,0,681,5.16,130,0.198761,0,0.39342,5.09,14.24,120,16.45,9,0,5.12,0,18.29,0.867077,2.02,0.153233,0.027211,0.371342,4,57,0.769224,22.36,0.294116,0.198707
org.eclipse.jdt.internal.compiler.lookup.MethodScope,2,0,0.829675,3.03,3.03,0.134364,0.047748,19.25,0,7.675756,0.034561,0,1.01,12,0,15,0,0,1.905943,0,0.014345,1.01,37,328,25,14,3,78,0,0,0,1.03,59,0.045281,0.034414,0.08122,4.06,0,97,6.09,12,0,1.01,0,17.25,0.146467,11.13,0.050579,0.292867,0.099548,97,10,0.769954,7.42,0,0.045281
org.eclipse.jdt.internal.compiler.lookup.MethodVerifier,0,0.183947,0.211884,0,2.03,0.205036,0.079123,6.06,0.017857,13.76468,0,0,12.2,0,1,39,0,1.01,3.889992,0,0,12.2,27,673,0,38,1,11,0,0,391,0,105,0.259822,0.042089,0.557456,9.1,16.41,34,12.36,5,1,3.03,0,12.15,0.453823,0,0.28531,0,0.252156,0,3,0.341895,21.55,0.000637,0.25994
org.eclipse.jdt.internal.compiler.lookup.MethodVerifier15,0,0.216769,0,0,0,0.297559,0.079123,0,0,23.46264,0,0,13.21,0,0,29,0,0,7.682383,0,0.026305,13.21,24,648,4,28,2,1,0,0,378,1.02,97,0.290665,0,1.070258,12.31,17.3,24,26.82,0,0,3.03,0,12.31,1.227263,8.09,0.275477,0.150254,0.721304,19,2,0.285308,41.91,0.363941,0.290655
org.eclipse.jdt.internal.compiler.lookup.MissingTypeBinding,0,0,0,0,0,0.045691,0,0,0,1.920461,0,0,0,0,0,5,0,0,1.562389,0,0.332954,0,13,36,57,4,5,10,0,0,6,1.02,11,0,0,0,0,0,22,0,0,0,0,0,0,0.480789,1.01,0,0.31604,0,130,3,0,0,0.294104,0
org.eclipse.jdt.internal.compiler.lookup.NestedTypeBinding,0,0,0.024237,0,0,0.002484,0,2.02,0,4.602314,0,0,0,5,2,13,0,0,2.104484,0,0.497381,0,16,142,55,12,5,12,0,0,34,8.33,24,0,0,0,1.01,0,26,0,5,0,0,0,2.02,0.478157,26.45,0.014577,0.903882,0,152,12,0.025771,0,0.293898,0
org.eclipse.jdt.internal.compiler.lookup.PackageBinding,3,0.079429,0.501821,1.01,1.01,0.012416,0.107768,13.16,0,7.550249,0.011473,0,1.02,3,1,20,0,0,2.912495,0,0.423976,1.02,13,143,28,16,2,58,0,0,72,5.16,34,0.107519,0.011263,0.105716,1.01,1.19,65,1.02,6,0,1.01,0,14.17,0.570533,3.03,0.107469,0.13678,0.103786,5,6,0.600154,2.2,0.294104,0.107597
org.eclipse.jdt.internal.compiler.lookup.ParameterizedFieldBinding,0,0,0.02244,0,0,0.007979,0.013807,2.02,0,4.732461,0,0,1.01,1,0,4,0,0,1.099536,0,0.438619,1.01,8,27,35,3,4,4,0,0,0,6.17,9,0.013681,0,0.041679,2.03,0,11,2.03,1,0,1.01,0,4.05,0.064357,3.04,0.021859,0.041912,0.022103,30,3,0.044541,4.09,0,0.013715
org.eclipse.jdt.internal.compiler.lookup.ParameterizedGenericMethodBinding,3,0.044512,0.121927,2.02,1.01,0.167108,0.021644,7.15,0.017241,16.647325,0.028064,2.05,3.06,5,0,13,0.027356,1.01,5.376973,0,0.423976,3.06,21,394,38,11,4,18,0,0,31,5.16,54,0.037674,0.010964,0.38854,7.11,5.64,34,13.29,7,2,2.03,0,13.23,0.828648,9.16,0.225577,0.233379,0.238816,60,8,0.330006,22.07,0.294144,0.037915
org.eclipse.jdt.internal.compiler.lookup.ParameterizedMethodBinding,0,0,0.116413,0,0,0.031221,0.012187,7.1,0,10.537621,0,0,1.01,0,1,7,0,0,3.70797,0,0.423976,2.02,13,203,37,4,3,9,0,0,0,5.16,25,0.026979,0,0.211164,2.02,0,20,6.11,1,0,1.01,0,9.12,0.656754,9.17,0.120971,0.233379,0.076551,60,4,0.238288,10.59,0.294113,0.011954
org.eclipse.jdt.internal.compiler.lookup.ParameterizedTypeBinding,0,0,0.499461,1.01,0,0.199366,0.278635,11.14,0.030529,23.30942,0.026173,0,10.15,8,1,51,0,1.01,7.401412,0,0.43447,10.15,33,789,48,50,4,30,0,0,0,6.27,155,0.586362,0,0.940592,8.11,0,54,22.55,10,2,9.13,0,17.25,1.132178,20.31,0.123842,0.340376,0.774061,86,45,0.568616,33.67,0.353943,0.586502
org.eclipse.jdt.internal.compiler.lookup.ProblemBinding,0,0,0,0,0,0.001763,0,0,0,2.221467,0,0,0,2,0,7,0,0,0.530096,0,0.423976,0,3,28,28,3,2,7,0,0,3,5.16,6,0,0,0,0,0,10,0,3,1,0,0,0,0.034018,2.02,0,0.027211,0,6,3,0,0,0,0
org.eclipse.jdt.internal.compiler.lookup.ProblemFieldBinding,0,0,0.130759,0,0,0.004151,0,1.01,0,2.83119,0,0,0,1,0,3,0,0,0.670458,0,0.438619,1.01,3,16,35,1,4,17,0,0,0,6.17,3,0.016785,0,0.015507,1.01,0,20,2.03,2,1,0,0,2.02,0.041936,4.05,0.017019,0.055934,0.027832,32,1,0.154228,1.03,0,0
org.eclipse.jdt.internal.compiler.lookup.ProblemMethodBinding,0,0,0.402674,0,0,0.001608,0,5.08,0,3.081314,0,0,0,1,0,4,0,0,0.761246,0,0.423976,0,5,25,37,1,3,18,0,0,0,5.16,4,0,0,0.019221,1.01,0,23,0,2,1,0,0,6.09,0.055071,9.16,0.02433,0.233379,0,62,1,0.428322,1.02,0,0
org.eclipse.jdt.internal.compiler.lookup.ProblemPackageBinding,0,0,0,0,0,0.001763,0,0,0,2.221467,0,0,0,0,0,3,0,0,0.530096,0,0.435565,0,1,13,34,1,3,2,0,0,0,6.17,2,0,0,0,0,0,2,0,1,1,0,0,0,0.034018,3.03,0,0.13678,0,17,1,0,0,0,0
org.eclipse.jdt.internal.compiler.lookup.ProblemReasons,0,0,0.581564,0,0,0.001763,0,11.21,0,2.221467,0,0,0,15,0,0,0,0,0.530096,0,0,0,0,17,0,0,0,52,0,0,0,0,0,0,0,0,0,0,52,0,15,0,0,0,11.21,0.034018,0,0,0,0,0,0,0.593039,0,0,0
org.eclipse.jdt.internal.compiler.lookup.ProblemReferenceBinding,0,0.150457,0.590878,2.02,1.01,0.065022,0.191965,10.12,0.132667,5.282221,0.034032,0,3.04,0,0,7,0,2.02,2.423192,0,0.43447,3.05,4,51,48,6,4,28,0,0,7,6.27,22,0.097117,0.01248,0.087919,2.03,3.06,32,4.19,2,1,3.04,0,12.15,0.556864,23.38,0.174776,0.843948,0.188861,122,6,0.765742,3.4,0.294107,0.19235
org.eclipse.jdt.internal.compiler.lookup.RawTypeBinding,0,0.024496,0.103104,0,0,0.028371,0.033354,6.14,0,13.314978,0,0,3.03,0,0,13,0,0,4.471904,0,0.466675,3.03,12,126,56,12,5,14,0,0,66,7.28,47,0.032887,0,0.202109,2.03,3.31,24,9.21,0,0,3.03,0,8.14,0.732431,27.45,0.024924,0.908484,0.114939,124,11,0.123659,11.11,0.293936,0.032961
org.eclipse.jdt.internal.compiler.lookup.ReferenceBinding,1,0.207581,0.557829,1.01,3.04,0.154087,0.318578,18.28,0.027085,22.936772,0.011236,1.01,16.28,5,7,81,0.014514,2.03,7.01973,0,0.423976,16.28,27,890,40,80,3,156,0,0,2754,5.26,131,0.292864,0.036265,0.43406,4.11,35.3,166,18.59,11,3,17.22,0,18.32,0.98146,15.2,0.046352,0.740636,0.312665,46,72,0.551982,32.77,0.294712,0.292624
org.eclipse.jdt.internal.compiler.lookup.Scope,4,0.261105,0.684841,1.03,1.03,1.016607,0.230136,18.33,0,34.142805,0.013133,3.03,9.1,13,3,85,0.032033,0,10.809727,0,0,9.1,59,3087,0,84,1,148,0,0,2892,0,245,0.237009,0.013349,1.951355,9.1,24.24,178,32.63,13,0,8.11,0,19.28,1.649436,0,0.243065,0,1.224224,0,68,0.732254,67.05,0.387125,0.239592
org.eclipse.jdt.internal.compiler.lookup.SignatureWrapper,0,0,0.116826,0,0,0.001763,0,1.01,0,2.221467,0,0,0,4,0,5,0,0,0.530096,0,0,0,1,49,0,4,1,3,0,0,0,0,8,0,0,0,0,0,4,0,4,0,0,0,1.01,0.034018,0,0,0,0,0,4,0.113349,0,0,0
org.eclipse.jdt.internal.compiler.lookup.SourceTypeBinding,2,0.329126,0.429223,2.06,2.02,0.189119,0.108361,14.22,0.064654,23.156913,0.062831,1.01,8.13,5,1,54,0.030409,3.08,7.369055,0,0.43447,8.13,47,1414,48,53,4,75,0,0,620,6.27,200,0.406945,0.060435,0.786141,7.08,15.88,101,17.58,15,8,7.1,0,16.22,1.131539,21.35,0.108322,0.516501,0.525521,104,45,0.479443,32.26,0.356333,0.40666
org.eclipse.jdt.internal.compiler.lookup.Substitution,0,0.006753,0.068436,0,0,0.002035,0.010464,4.05,0,1.644882,0,0,1.02,0,0,3,0,0,0.367016,0,0,1.02,3,5,0,3,0,10,0,0,3,0,3,0.010215,0,0.008618,1.02,1.03,12,1.02,0,0,1.02,0,4.06,0.018613,0,0.010346,0,0.010056,0,3,0.068154,1.02,0,0.010215
org.eclipse.jdt.internal.compiler.lookup.SyntheticArgumentBinding,0,0,0.06215,0,0,0.000881,0,2.02,0,2.004756,0,0,0,2,0,2,0,0,0.466667,0,0.454724,0,9,25,43,0,4,13,0,0,0,7.18,7,0,0,0,1.01,0,21,0,2,0,0,0,3.03,0.027485,4.05,0.011754,0.055934,0,19,0,0.066296,0,0,0
org.eclipse.jdt.internal.compiler.lookup.SyntheticFieldBinding,0,0,0,0,0,0.002616,0,0,0,3.413386,0,0,0,1,0,1,0,0,0.821797,0,0.438619,0,6,8,35,0,4,1,0,0,0,6.17,2,0,0,0.009796,1.02,0,7,0,1,0,0,0,1.02,0.054641,4.05,0.0112,0.055934,0,33,0,0.011247,1.01,0,0
org.eclipse.jdt.internal.compiler.lookup.SyntheticMethodBinding,0,0,0.026275,1.02,1.02,0.039927,0,2.02,0,9.127401,0.01101,0,0,16,0,8,0,0,2.348586,0,0.423976,1.01,21,324,37,3,3,15,0,0,0,5.16,27,0.011044,0.011411,0.109914,2.02,0,33,4.07,16,0,0,0,4.04,0.204497,9.16,0.078508,0.233379,0.090256,63,2,0.110363,6.76,0.000003,0
org.eclipse.jdt.internal.compiler.lookup.TagBits,0,0,0.883523,11.13,11.13,0.014686,0,22.48,0,10.189083,0.184739,0,0,60,0,0,0,0,3.600663,0,0,0,1,66,0,0,0,72,0,0,0,0,0,0,0.188315,0.147387,0,0,72,0,60,0,0,0,22.48,0.627202,0,0,0,0,0,0,0.878311,11.13,0.294104,0
org.eclipse.jdt.internal.compiler.lookup.TypeBinding,2,0.53463,0.517679,1.1,1.1,0.392747,0.385089,19.33,0,20.638384,0.013133,1.02,13.19,12,3,59,0.048819,0,6.724428,0,0.423976,13.19,22,829,28,58,2,219,0,0,1551,5.16,82,0.688434,0.013349,0.828798,5.08,23.39,223,19.38,12,0,12.18,0,19.32,1.072268,2.03,0.07747,0.027211,0.759679,8,55,0.517629,33.22,0.353945,0.688499
org.eclipse.jdt.internal.compiler.lookup.TypeConstants,0,0,0.350602,8.28,8.28,0.00633,0,13.31,0,6.052082,0.107527,0,0,125,0,0,0,0,1.415179,0,0,0,0,127,0,0,0,63,0,0,0,0,1,0,0.108043,0.087666,1.05,0,63,0,125,0,0,0,13.32,0.085626,0,0.014577,0,0,0,0,0.344343,8.28,0,0
org.eclipse.jdt.internal.compiler.lookup.TypeIds,0,0,0.38128,3.06,3.06,0.002028,0,14.17,0,3.155396,0.045979,0,0,124,0,0,0,0,0.755948,0,0,0,0,126,0,0,0,83,0,0,0,0,0,0,0.046687,0.033538,0,0,83,0,124,0,0,0,14.17,0.049519,0,0,0,0,0,0,0.391186,3.06,0,0
org.eclipse.jdt.internal.compiler.lookup.TypeVariableBinding,0,0.103336,0.295262,0,0,0.157233,0.180551,12.17,0,15.900893,0,0,7.1,6,1,23,0,0,3.969071,1.01,0.43447,7.1,18,321,48,22,4,53,0,0,79,6.27,60,0.178723,0,0.322937,3.04,8.89,61,16.38,6,0,7.08,0,12.17,0.310912,24.39,0.043525,0.858878,0.329058,112,21,0.297988,22.41,0,0.178709
org.eclipse.jdt.internal.compiler.lookup.UnresolvedAnnotationBinding,0,0,0,0,1.01,0.008072,0,0,0,1.63585,0,0,0,0,0,3,0,1.01,0.406208,0,0,0,7,36,2,2,2,1,0,0,0,0,11,0,0.021277,0.013774,1.02,0,7,1.05,2,2,0,0,1.02,0.029289,4.05,0.020431,0.265144,0.020158,4,2,0.020633,1.16,0,0
org.eclipse.jdt.internal.compiler.lookup.UnresolvedReferenceBinding,0,0.016075,0.058922,0,0,0.013529,0,2.02,0,6.425969,0,0,0,0,0,6,0,0,2.700194,0,0.43447,0,9,60,48,5,4,10,0,0,4,6.27,15,0,0,0.154064,2.04,1.02,17,2.04,2,0,0,0,5.07,0.570176,24.39,0.119607,0.858878,0.115178,124,2,0.198919,4.23,0.294104,0
org.eclipse.jdt.internal.compiler.lookup.UpdatedMethodBinding,0,0,0,0,0,0.001763,0,0,0,2.221467,0,0,0,1,0,2,0,0,0.530096,0,0.423976,0,3,10,37,1,3,1,0,0,0,5.16,3,0,0,0,0,0,4,0,1,0,0,0,0,0.034018,9.16,0,0.233379,0,62,1,0,0,0,0
org.eclipse.jdt.internal.compiler.lookup.VariableBinding,0,0.100766,0.357187,0,0,0.004751,0.028107,14.2,0.01318,5.043102,0,0,2.02,5,2,8,0,1.01,2.273488,0,0.423976,2.02,8,44,28,7,2,78,0,0,11,5.16,14,0.027601,0,0.115442,2.03,3.12,85,3.06,6,0,2.02,0,15.22,0.518688,2.02,0.122046,0.027211,0.129344,8,7,0.443617,3.12,0.294104,0.027633
org.eclipse.jdt.internal.compiler.lookup.WildcardBinding,0,0,0.097116,1.01,1.01,0.137094,0.343108,5.05,0,16.714806,0.011236,0,9.1,3,0,27,0,0,5.341248,0,0.43447,9.1,20,475,48,26,4,22,0,0,0,6.27,67,0.330891,0.010287,0.363163,5.07,0,34,12.25,10,0,9.1,0,8.09,0.813544,22.35,0.066159,0.729883,0.337576,104,24,0.140787,18.39,0.294681,0.330626
org.eclipse.jdt.internal.compiler.parser.AbstractCommentParser,4,0.122575,0.239801,5.3,8.36,0.147123,0,5.11,0,14.787204,0.187137,3.06,4.06,10,2,42,0.038915,0,4.408872,0,0,4.06,11,1296,0,41,1,23,0,0,466,0,82,0.188159,0.244027,0.662429,3.04,5.93,33,6.09,58,3,0,0,7.15,0.626797,0,0.057829,0,0.246661,0,1,0.275711,21.51,0.091571,0.188129
org.eclipse.jdt.internal.compiler.parser.JavadocParser,0,0.228697,0.224581,1.01,3.04,0.096005,0,4.1,0.035137,12.807366,0.0451,0,3.05,2,4,21,0,2.03,3.769522,3.04,0.281328,3.05,33,714,55,20,2,19,0.225641,0,178,8.36,72,0.274923,0.078176,0.565188,4.04,5.95,51,8.15,6,4,0,0,8.14,0.519183,6.14,0.065938,0.297423,0.347834,22,2,0.282363,18.81,0.033718,0.275856
org.eclipse.jdt.internal.compiler.parser.JavadocTagConstants,0,0,0.236384,6.42,6.42,0.021834,0,2.04,0,6.642729,0.396919,0,0,78,0,0,0,0,3.005325,0,0,0,0,154,0,0,0,12,0,0,0,0,1,0,0.414908,0.379581,0,0,12,0,78,0,0,0,2.04,0.699884,0,0,0,0,0,0,0.229755,8.45,0.318188,0
org.eclipse.jdt.internal.compiler.parser.NLSTag,0,0,0.024058,1.01,1.01,0.016057,0.027143,2.02,0,3.46505,0.0114,0,2.03,4,0,2,0,0,0.827946,0,0,2.04,0,15,0,1,1,4,0,0,0,0,2,0.026391,0.011929,0.021909,0,0,4,2.04,4,0,2.03,0,2.02,0.052991,0,0,0,0.024275,0,1,0.02496,2.19,0,0.026399
org.eclipse.jdt.internal.compiler.parser.Parser,14,0.65365,0.931609,3.07,6.17,0.903344,0.111087,10.12,0.023089,27.528208,0.171691,1.04,14.28,45,5,420,0.014503,1.01,7.991557,0,0,14.28,133,7824,0,419,1,53,0,0,50657,0,661,0.356026,0.370529,1.321828,10.16,127.85,167,22.75,129,9,4.05,0,14.22,1.028313,0,0.3567,0,0.633023,0,53,1.004589,52.23,0.091609,0.355137
org.eclipse.jdt.internal.compiler.parser.ParserBasicInformation,0,0,0.01862,0,0,0.024915,0,1.01,0,9.194755,0,0,0,17,0,0,0,0,3.302829,0,0,0,0,19,0,0,0,5,0,0,0,0,0,0,0,0,0,0,5,0,17,0,0,0,1.01,0.593694,0,0,0,0,0,0,0.019795,0,0.293927,0
org.eclipse.jdt.internal.compiler.parser.RecoveredAnnotation,0,0,0,1.02,1.02,0.060387,0,0,0,1.081037,0.333333,0,0,6,0,13,0,0,0.665388,0,0,0,13,165,4,12,2,8,0,0,22,0,30,0,0.325562,0.292469,1.02,0,20,1.02,10,4,0,0,1.02,0.20438,0,0.323746,0,0.313252,23,12,0.325837,1.32,0.059262,0
org.eclipse.jdt.internal.compiler.parser.RecoveredBlock,0,0.082198,0,0,1.04,0.028662,0.099336,0,0,6.677967,0,0,2.05,5,0,23,0,0,2.898177,0,0,2.05,25,310,5,22,3,6,0,0,127,0,55,0.099884,0.083149,0.125163,3.04,2.69,27,3.1,9,0,2.04,0,3.04,0.650031,2.02,0.112717,0.030637,0.115195,18,20,0.113728,6.28,0.316836,0.099884
org.eclipse.jdt.internal.compiler.parser.RecoveredElement,0,0.087555,0.087593,0,0,0.008041,0.085515,1.01,0,4.541809,0,0,2.04,3,6,34,0,0,2.202458,1.01,0,2.04,16,209,0,32,1,17,0,0,222,0,40,0.099466,0,0.081957,1.01,2.86,28,2.05,4,0,1.03,0,2.02,0.521992,0,0.029246,0,0.094993,0,30,0.116787,2.26,0.293927,0.099293
org.eclipse.jdt.internal.compiler.parser.RecoveredField,0,0,0.014493,1.04,1.04,0.021883,0.085515,1.01,0,4.838778,0.084074,0,1.01,7,1,13,0,0,2.202626,0,0,1.01,15,200,4,11,2,6,0,0,0,0,31,0.085116,0.083149,0.104466,2.03,0,19,1.03,8,0,1.01,0,3.04,0.504478,2.04,0.105193,0.101417,0.080374,23,11,0.118268,4.73,0.293927,0.085116
org.eclipse.jdt.internal.compiler.parser.RecoveredImport,0,0,0,0,0,0.001763,0,0,0,2.221467,0,0,0,1,0,7,0,0,0.530096,0,0,0,3,28,4,6,2,1,0,0,0,0,10,0,0,0,0,0,4,0,1,0,0,0,0,0.034018,2.04,0,0.101417,0,27,6,0,0,0,0
org.eclipse.jdt.internal.compiler.parser.RecoveredInitializer,0,0.080382,0,0,1.04,0.025287,0.085515,0,0,4.969457,0,0,1.03,3,0,15,0,0,2.530851,0,0.090615,1.03,20,237,12,13,3,6,0,0,26,1.04,42,0.085116,0.083149,0.117825,2.02,1.11,22,1.07,7,0,1.03,0,2.02,0.64112,2.02,0.100963,0.101417,0.080374,21,13,0.100088,2.82,0.316836,0.085116
org.eclipse.jdt.internal.compiler.parser.RecoveredLocalVariable,0,0,0,1.04,1.04,0.015758,0.085515,0,0,2.853716,0.084074,0,1.01,5,0,11,0,0,1.740504,0,0,1.01,12,109,5,10,3,3,0,0,0,0,20,0.085116,0.083149,0.071674,2.03,0,15,1.03,6,0,1.01,0,2.03,0.477226,2.04,0.105193,0.101417,0.080374,24,10,0.104627,1.47,0.293927,0.085116
org.eclipse.jdt.internal.compiler.parser.RecoveredMethod,0,0,0,1.04,1.08,0.060345,0.085515,0,0,9.769767,0.084074,0,2.05,9,0,22,0,0,3.971482,0,0,2.05,29,491,4,21,2,6,0,0,0,0,63,0.099108,0.083149,0.322432,6.09,0,31,2.11,13,0,1.04,0,6.09,0.83649,1.01,0.165877,0.015549,0.092125,15,20,0.16622,10.72,0.318217,0.099108
org.eclipse.jdt.internal.compiler.parser.RecoveredStatement,0,0,0.32529,0,0,0.001763,0,1.01,0,2.221467,0,0,0,1,3,7,0,0,0.530096,0,0,0,3,26,4,6,2,4,0,0,0,0,11,0,0,0,0,0,7,0,1,0,0,0,1.01,0.034018,2.04,0,0.101417,0,27,6,0.325837,0,0,0
org.eclipse.jdt.internal.compiler.parser.RecoveredType,0,0.266333,0,2.06,2.1,0.050982,0.32768,0,0,6.901947,0.095776,0,3.06,16,0,26,0,0,2.972103,0,0,3.06,25,599,5,25,3,10,0,0,20,0,65,0.313293,0.095465,0.296752,5.06,3.43,30,3.12,20,0,3.06,0,5.06,0.661026,1.01,0.152756,0.015549,0.295222,15,25,0.154055,9.79,0.316836,0.314218
org.eclipse.jdt.internal.compiler.parser.RecoveredUnit,0,0.080382,0,0,1.04,0.020132,0.085515,0,0,5.122139,0,0,1.03,5,0,14,0,0,2.526425,0,0,1.03,14,211,4,13,2,3,0,0,26,0,35,0.085116,0.083149,0.089295,1.01,1.23,16,2.06,9,0,1.03,0,1.01,0.626402,1.01,0.088174,0.015549,0.100576,20,13,0.088057,2.52,0.316836,0.085116
org.eclipse.jdt.internal.compiler.parser.RecoveryScanner,1,0.02469,0.355647,1.01,2.02,0.016274,0.035284,3.05,0.012129,2.460098,0.00773,0,2.02,2,0,18,0,1.01,0.611603,0,0.285413,2.02,6,199,105,17,2,9,0,0,60,3.04,26,0.035286,0.023879,0.042571,1.01,2.27,14,3.03,9,7,2.02,0,3.06,0.044398,2.05,0.015794,0.038609,0.051222,47,16,0.356924,3.3,0,0.035286
org.eclipse.jdt.internal.compiler.parser.RecoveryScannerData,0,0,0.014493,0,0,0.004375,0,1.01,0,0.606235,0,0,0,13,0,2,0,0,0.146317,0,0,0,0,55,0,1,1,7,0,0,0,0,2,0,0,0,0,0,7,0,13,0,0,0,1.01,0.009623,0,0,0,0,0,1,0.01364,0,0,0
org.eclipse.jdt.internal.compiler.parser.Scanner,3,0,0.351099,8.25,9.28,0.331417,0.067249,13.16,0.023669,14.939341,0.222182,6.09,9.16,68,4,57,0.086774,2.02,3.93395,1.01,0,9.19,9,3367,0,54,1,56,0.015873,0,0,0,83,0.118665,0.317973,0.378837,4.05,0,64,13.46,107,2,5.08,0,14.16,0.389832,0,0.058922,0,0.20449,0,45,0.370246,27.64,0.009437,0.118444
org.eclipse.jdt.internal.compiler.parser.ScannerHelper,2,0.009842,0.354328,2.69,2.69,0.034232,0.014247,6.38,0,3.6364,0.01913,0,1.12,12,0,17,0,0,1.844848,0,0,1.12,3,317,0,16,1,38,0,0,0,0,35,0.014832,0.021382,0.024737,1.02,1.04,40,2.23,15,3,1.12,0,6.4,0.451242,0,0.015794,0,0.051798,0,14,0.353735,3.33,0.293898,0.014759
org.eclipse.jdt.internal.compiler.parser.SourceTypeConverter,9,0.208854,0.11168,0,3.05,0.146971,0,2.02,0.228148,11.076264,0,3.16,3.16,8,0,11,0.128317,3.04,4.043632,0,0.152868,3.16,59,446,3,10,2,6,0,1.01,31,1.03,87,0.167893,0.22099,0.250485,9.3,6.76,65,7.38,13,5,0,0.162602,11.32,0.74596,1.04,0.777494,0.158227,0.267528,4,1,0.904987,19.91,0.297459,0.167893
org.eclipse.jdt.internal.compiler.parser.TerminalTokens,0,0,0.281255,1.02,1.02,0.011638,0,7.09,0,6.42252,0.010883,0,0,114,0,0,0,0,2.582634,0,0,0,0,116,0,0,0,46,0,0,0,0,0,0,0.010971,0.009334,0,0,46,0,114,0,0,0,7.09,0.530433,0,0,0,0,0,0,0.274581,1.02,0.293927,0
org.eclipse.jdt.internal.compiler.parser.TypeConverter,6,0.121612,0,0,1.01,0.094774,0,0,0.459148,1.241769,0,0,0,0,2,11,0,1.01,1.391273,0,0,0,21,490,0,10,1,2,0,0,13,0,31,0,0.473197,0.317117,0,1.02,23,0,4,1,0,0,0,0.47326,0,0,0,0,0,0,0,1.05,0.296882,0
org.eclipse.jdt.internal.compiler.parser.diagnose.DiagnoseParser,25,0,0,0,2.03,0.045746,0,0,0.037912,6.080346,0,2.02,2.02,0,0,29,0.125857,2.03,2.571308,0,0,2.02,14,1753,0,27,1,1,0,0,0,0,89,0.126723,0.038252,0.143555,3.03,0,14,2.07,45,40,0,0,3.03,0.553707,0,0.0546,0,0.114847,0,2,0.050845,7.66,0.294474,0.126135
org.eclipse.jdt.internal.compiler.parser.diagnose.LexStream,1,0,0,0,1.01,0.006233,0,0,0.017241,4.539655,0,0,0,2,0,18,0,1.01,1.175607,0,0,0,6,211,0,17,1,1,0,0,110,0,32,0,0.017241,0.031416,1.01,0,7,1.02,12,10,0,0,1.01,0.098314,0,0.029246,0,0.015819,0,16,0.02873,2.17,0,0
org.eclipse.jdt.internal.compiler.parser.diagnose.RangeUtil,1,0.011752,0,0,0,0.005386,0.016742,0,0,3.860535,0,0,1.02,3,0,5,0,0,0.970954,0,0,1.02,7,61,0,4,1,2,0,0,6,0,11,0.016785,0,0.015507,0,1.09,9,1.02,3,0,1.02,0,0,0.074791,0,0,0,0.015819,0,3,0,1.2,0,0.016744
org.eclipse.jdt.internal.compiler.problem.AbortCompilation,0,0,0.84515,0,0,0.003085,0,10.11,0,4.186943,0,0,0,5,1,6,0,0,1.059917,0,0,0,6,43,0,2,4,37,0,0,0,0,17,0,0,0.025131,1.01,0,43,1.01,6,1,0,0,12.13,0.083684,0,0.016293,0,0.010568,0,2,0.869931,1.02,0,0
org.eclipse.jdt.internal.compiler.problem.AbortCompilationUnit,0,0,0.100571,1.01,1.01,0.001445,0,2.04,0,2.508756,0.00773,0,0,1,1,2,0,0,0.595433,0,0,1.01,3,11,5,0,5,10,0,0,0,0,4,0.014832,0.009452,0.013849,0,0,13,1.02,2,1,0,0,2.04,0.037431,0,0,0,0.015013,2,0,0.102355,1.05,0,0
org.eclipse.jdt.internal.compiler.problem.AbortMethod,0,0,0,0,0,0.00094,0,0,0,1.953727,0,0,0,0,0,1,0,0,0.459879,0,0.016593,0,3,6,6,0,7,7,0,0,0,1.01,2,0,0,0,0,0,10,0,1,1,0,0,0,0.02818,0,0,0,0,2,0,0,0,0,0
org.eclipse.jdt.internal.compiler.problem.AbortType,0,0,0,0,0,0.00094,0,0,0,1.953727,0,0,0,0,1,1,0,0,0.459879,0,0.016593,0,3,6,6,0,6,5,0,0,0,1.01,2,0,0,0,0,0,8,0,1,1,0,0,0,0.02818,0,0,0,0,2,0,0,0,0,0
org.eclipse.jdt.internal.compiler.problem.DefaultProblem,0,0.045295,0.009624,1.01,4.05,0.059188,0.073987,1.01,0.044927,6.797607,0.015787,0,5.06,1,0,20,0,3.04,1.685035,0,0.045457,5.06,6,160,16,19,2,3,0,1.01,129,3.16,28,0.076486,0.058042,0.09971,4.05,5.9,8,7.09,12,11,5.06,0.010168,4.05,0.124669,1.02,0.061501,0.01435,0.108154,2,19,0.06778,7.66,0,0.076354
org.eclipse.jdt.internal.compiler.problem.DefaultProblemFactory,1,0.038217,0.133625,0,1.01,0.038345,0.074042,4.04,0.048054,5.515466,0,0,2.03,1,2,11,0,1.01,1.497583,0,0,2.03,7,163,0,9,1,17,0,0,32,0,38,0.070507,0.051758,0.12916,1.01,2.17,24,3.04,6,5,2.03,0,5.05,0.149566,0,0.016293,0,0.085058,0,8,0.146043,4.44,0,0.070507
org.eclipse.jdt.internal.compiler.problem.ProblemHandler,0,0.026474,0.062752,0,0,0.018883,0.066901,4.04,0,7.506433,0,0,2.02,4,1,7,0,0,1.941282,0,0,2.02,10,136,0,6,1,6,0,0,13,0,18,0.065786,0,0.11192,2.02,2.08,16,3.04,4,0,2.02,0,5.05,0.165511,0,0.043065,0,0.082166,0,6,0.084473,5.44,0,0.065711
org.eclipse.jdt.internal.compiler.problem.ProblemReporter,22,0.550002,0.662909,0,2.04,0.956412,0.836605,17.2,0.072077,32.755388,0,9.12,36.74,1,0,426,0.218591,2.04,9.960945,0,0,36.74,108,6852,4,425,2,142,0,0,89938,0,531,0.852873,0.075635,1.137371,13.2,323.62,193,40.97,5,4,35.64,0,14.21,1.365435,2.02,0.316869,0.070456,0.885475,5,403,0.578361,69.42,0.296074,0.853211
org.eclipse.jdt.internal.compiler.problem.ProblemSeverities,0,0,0.11131,2.02,2.02,0.0007,0,6.09,0,2.377612,0.027186,0,0,11,0,0,0,0,0.559648,0,0,0,0,13,0,0,0,24,0,0,0,0,0,0,0.025755,0.023337,0,0,24,0,11,0,0,0,6.09,0.034236,0,0,0,0,0,0,0.113681,2.02,0,0
org.eclipse.jdt.internal.compiler.problem.ShouldNotImplement,0,0,0.087593,0,0,0.001763,0,1.01,0,2.221467,0,0,0,0,0,1,0,0,0.530096,0,0,0,0,6,0,0,4,3,0,0,0,0,2,0,0,0,0,0,3,0,1,1,0,0,1.01,0.034018,0,0,0,0,0,0,0.088057,0,0,0
org.eclipse.jdt.internal.compiler.util.CompoundNameVector,0,0,0,0,0,0.001763,0,0,0,2.221467,0,0,0,1,0,8,0,0,0.530096,0,0,0,1,54,0,7,1,1,0,0,0,0,14,0,0,0,0,0,2,0,4,0,0,0,0,0.034018,0,0,0,0,0,7,0,0,0,0
org.eclipse.jdt.internal.compiler.util.FloatUtil,1,0,0,0,0,0.001763,0,0,0,2.221467,0,0,0,0,0,4,0,0,0.530096,0,0,0,0,271,0,3,1,2,0,0,3,0,9,0,0,0,0,0,2,0,14,14,0,0,0,0.034018,0,0,0,0,0,2,0,0,0,0
org.eclipse.jdt.internal.compiler.util.GenericXMLWriter,4,0.015433,0,0,0,0.031818,0,0,0,1.733855,0,0,0,0,1,10,0,0,0.454747,0,0,0,0,99,0,8,3,4,0,0,14,0,29,0,0,0.033522,0,1.02,4,2.04,3,3,0,0,0,0.038383,0,0,0,0.042465,0,4,0,2.04,0,0
org.eclipse.jdt.internal.compiler.util.HashSetOfInt,1,0,0,0,0,0.142452,0,0,0,1.32861,0,0,0,2,0,9,0,0,1.357431,0,0,0,0,95,0,7,1,1,0,0,0,0,15,0,0,0,0,0,1,0,3,0,0,0,0,0.443591,0,0,0,0,0,6,0,0,0.293907,0
org.eclipse.jdt.internal.compiler.util.HashtableOfInt,1,0,0,0,0,0.00136,0,0,0,1.966488,0,0,0,3,0,8,0,0,0.463528,0,0,0,0,77,0,6,1,1,0,0,0,0,9,0,0,0.013849,0,0,1,0,4,0,0,0,0,0.028541,0,0,0,0,0,5,0,1.06,0,0
org.eclipse.jdt.internal.compiler.util.HashtableOfIntValues,1,0,0.162404,0,0,0.001949,0,1.01,0,1.966488,0,0,0,4,0,10,0,0,0.463528,0,0,0,1,118,0,8,1,2,0,0,0,0,15,0,0,0.013849,0,0,3,0,5,0,0,0,1.01,0.028541,0,0,0,0,0,7,0.155412,1.12,0,0
org.eclipse.jdt.internal.compiler.util.HashtableOfLong,1,0,0,0,0,0.001486,0,0,0,1.966488,0,0,0,3,0,8,0,0,0.463528,0,0,0,0,80,0,6,1,1,0,0,0,0,9,0,0,0.013849,0,0,1,0,4,0,0,0,0,0.028541,0,0,0,0,0,5,0,1.09,0,0
org.eclipse.jdt.internal.compiler.util.HashtableOfObject,1,0,0.025431,0,0,0.002271,0.0162,2.02,0,2.418286,0,0,1.01,3,0,11,0,0,0.574325,0,0,1.01,1,124,0,9,1,17,0,0,0,0,17,0.015686,0,0.026082,0,0,18,1.01,4,0,1.01,0,2.02,0.036199,0,0,0,0.015448,0,8,0.025457,2.19,0,0.015686
org.eclipse.jdt.internal.compiler.util.HashtableOfObjectToInt,1,0,0.19115,0,0,0.003891,0.010464,4.07,0,3.413018,0,0,1.01,3,0,11,0,0,0.785742,0,0,1.01,0,119,0,9,1,8,0,0,0,0,15,0.010215,0,0.022468,0,0,8,1.01,4,0,1.01,0,4.07,0.044785,0,0,0,0.010056,0,8,0.186814,2.19,0,0.010215
org.eclipse.jdt.internal.compiler.util.HashtableOfObjectToIntArray,1,0,0,0,0,0.014301,0,0,0,1.791715,0,0,0,3,0,11,0,0,0.437314,0,0,0,0,119,0,9,1,1,0,0,0,0,15,0,0,0.013849,0,0,1,0,4,0,0,0,0,0.029791,0,0,0,0,0,8,0,1.12,0,0
org.eclipse.jdt.internal.compiler.util.HashtableOfPackage,1,0,0,0,0,0.001486,0,0,0,1.966488,0,0,0,3,0,8,0,0,0.463528,0,0,0,2,85,0,6,1,2,0,0,0,0,11,0,0,0.013849,0,0,3,0,4,0,0,0,0,0.028541,0,0,0,0,0,5,0,1.09,0,0
org.eclipse.jdt.internal.compiler.util.HashtableOfType,1,0,0,0,0,0.001486,0,0,0,1.966488,0,0,0,3,0,8,0,0,0.463528,0,0,0,2,85,0,6,1,2,0,0,0,0,11,0,0,0.013849,0,0,4,0,4,0,0,0,0,0.028541,0,0,0,0,0,5,0,1.09,0,0
org.eclipse.jdt.internal.compiler.util.Messages,1,0,0.304179,4.07,4.07,0.03404,0,2.02,0,6.176874,0.168902,0,0,36,0,8,0,0,2.630629,0,0,0,1,118,0,7,1,13,0,0,21,0,29,0,0.165329,0.196397,0,0,14,1.01,39,3,0,0,2.02,0.569933,0,0,0,0.010568,0,6,0.29367,6.17,0.295279,0
org.eclipse.jdt.internal.compiler.util.ObjectVector,0,0,0.133529,0,0,0.003587,0,2.02,0,3.772343,0,0,0,1,0,15,0,0,1.909075,0,0,1.01,0,85,0,13,1,7,0,0,0,0,18,0.014868,0,0.012823,0,0,7,1.01,4,0,0,0,2.02,0.46655,0,0,0,0.016209,0,13,0.130521,1.03,0.293899,0
org.eclipse.jdt.internal.compiler.util.SimpleLookupTable,1,0,0.44449,0,0,0.00451,0.026123,6.08,0,3.392697,0,0,1.01,4,0,12,0,0,0.82428,0,0,1.01,0,131,0,10,1,24,0,0,0,0,17,0.0261,0,0.019093,0,0,24,1.01,4,0,1.01,0,6.08,0.056751,0,0,0,0.024819,0,9,0.430803,1.1,0,0.026086
org.eclipse.jdt.internal.compiler.util.SimpleNameVector,0,0,0,0,0,0.001763,0,0,0,2.221467,0,0,0,1,0,10,0,0,0.530096,0,0,0,1,60,0,9,1,1,0,0,0,0,16,0,0,0,0,0,2,0,4,0,0,0,0,0.034018,0,0,0,0,0,9,0,0,0,0
org.eclipse.jdt.internal.compiler.util.SimpleSet,1,0,0.073909,0,0,0.007484,0.026123,4.06,0,4.239275,0,0,1.01,3,0,11,0,0,1.052649,0,0,1.01,0,105,0,9,1,25,0,0,0,0,17,0.0261,0,0.019093,0,0,25,1.01,3,0,1.01,0,4.06,0.078111,0,0,0,0.024819,0,8,0.080874,1.12,0,0.026086
org.eclipse.jdt.internal.compiler.util.SimpleSetOfCharArray,1,0,0.064965,0,0,0.034481,0.026123,2.02,0,1.150008,0,0,1.01,3,0,11,0,0,0.312104,0,0,1.01,1,105,0,9,1,3,0,0,0,0,17,0.0261,0,0.019093,0,0,4,1.01,3,0,1.01,0,2.02,0.028915,0,0,0,0.024819,0,8,0.064568,1.12,0,0.026086
org.eclipse.jdt.internal.compiler.util.SuffixConstants,0,0,0.759831,1.12,1.12,0.003908,0,9.15,0,3.53514,0.13553,0,0,12,0,0,0,0,1.993878,0,0,0,0,14,0,0,0,39,0,0,0,0,1,0,0.155913,0.103581,0,0,39,0,12,0,0,0,9.15,0.536422,0,0,0,0,0,0,0.748537,1.12,0.303326,0
org.eclipse.jdt.internal.compiler.util.Util,1,0.161183,0.659887,3.04,6.09,0.105571,0.269473,25.87,0.147883,13.158905,0.048646,1.01,7.14,4,0,24,0.111354,3.04,4.619926,0,0,7.14,7,506,0,23,1,81,0,0,251,0,80,0.259458,0.187854,0.396473,2.05,9.47,86,13.57,6,2,7.13,0,26.9,0.813907,0,0.155288,0,0.484033,0,22,0.770452,17.63,0.303903,0.258954
org.eclipse.jdt.internal.core.ASTHolderCUInfo,0,0,0,0,2.03,0.001137,0,0,0,2.899834,0,0,0,0,0,1,0,0,0.706296,0,0,0,2,7,6,0,4,1,0,0,0,0,1,0,0.026743,0.024817,0,0,3,0,5,0,0,0,0,0.049158,3.05,0,0.08555,0,10,0,0,2.03,0,0
org.eclipse.jdt.internal.core.AnnotatableInfo,0,0,0.116826,0,0,0.003058,0,1.01,0,0.609567,0,0,0,0,3,1,0,0,0.215106,0,0,0,3,3,7,0,4,8,0,0,0,0,1,0,0,0,0,0,11,0,1,0,0,0,1.01,0.035857,0,0,0,0,16,0,0.113349,0,0,0
org.eclipse.jdt.internal.core.Annotation,0,0,0.116826,0,0,0.013342,0,1.02,0,0.609567,0,0,0,2,1,11,0,0,0.215106,1.01,0,0,14,59,20,10,4,10,0.125,0,45,0,24,0,0,0,0,0,23,0,3,0,0,0,1.02,0.035857,3.03,0,0.398471,0,70,8,0.113349,0,0,0
org.eclipse.jdt.internal.core.AnnotationInfo,0,0,0,0,0,0.006118,0,0,0,1.408464,0,0,0,3,0,1,0,0,1.359437,0,0,0,2,5,4,0,3,3,0,0,0,0,1,0,0,0,0,0,5,0,3,0,0,0,0,0.435305,0,0,0,0,10,0,0,0,0.293898,0
org.eclipse.jdt.internal.core.BasicCompilationUnit,1,0.008781,0.128121,0,0,0.00365,0,4.04,0,2.561001,0,0,0,0,0,9,0,0,0.583519,0,0,0,5,81,0,6,1,6,0,0,1,0,22,0,0,0.009385,0,1.06,11,1.01,5,0,0,0,4.04,0.031916,0,0,0,0.012588,0,5,0.127461,1.07,0,0
org.eclipse.jdt.internal.core.BatchInitializationMonitor,1,0,0,0,0,0.017636,0,0,0,0.551229,0,0,0,3,0,11,0,0,0.190676,0,0,0,0,60,0,10,1,2,0,0,37,0,21,0,0,0,0,0,2,0,3,0,0,0,0,0.030624,0,0,0,0,0,9,0,0,0,0
org.eclipse.jdt.internal.core.BatchOperation,0,0.008833,0,0,0,0.002079,0,0,0,2.81708,0,0,1.01,0,0,4,0,0,0.664881,0,0,1.01,4,29,18,3,2,1,0,0,3,0,9,0.011522,0,0.010043,0,1.02,5,1.01,1,0,0,0,0,0.041194,2.02,0,0.130226,0.011132,50,0,0,1.03,0,0.011509
org.eclipse.jdt.internal.core.BecomeWorkingCopyOperation,0,0,0.013887,0,0,0.00208,0,1.01,0,2.72475,0,0,0,0,0,4,0,0,0.649787,0,0,0,11,34,18,3,2,2,0,0,3,0,19,0,0,0,1.01,0,12,0,1,0,0,0,2.02,0.04153,3.03,0.102166,0.141887,0,51,1,0.127082,0,0,0
org.eclipse.jdt.internal.core.BinaryField,0,0.095212,0,0,0,0.016567,0.124505,0,0,7.90816,0,0,7.08,0,1,14,0,0,2.856504,0,0.058557,7.08,23,83,21,13,7,3,0,0,78,1.01,42,0.124113,0,0.113783,4.1,7.75,24,8.58,0,0,7.08,0,5.1,0.520437,28.63,0.084395,0.828336,0.130164,100,11,0.103489,8.67,0.293898,0.124134
org.eclipse.jdt.internal.core.BinaryMember,1,0.093953,0.033152,0,0,0.020539,0.035664,3.03,0,7.039742,0,2.03,5.07,0,3,15,0.119654,0,2.824911,0,0.058557,5.07,27,127,21,14,6,7,0,0,91,1.01,40,0.142706,0,0.140677,4.15,5.77,34,6.26,0,0,3.03,0,6.17,0.57014,25.55,0.134254,0.882729,0.15395,95,11,0.149005,7.97,0.293898,0.142723
org.eclipse.jdt.internal.core.BinaryMethod,4,0.159609,0,0,1.01,0.108916,0.178482,0,0,12.997763,0,3.03,9.12,0,1,34,0.024052,0,4.429225,0,0.058557,9.12,37,499,21,33,7,3,0,0,486,1.01,139,0.191919,0.01435,0.384057,8.19,11.89,38,14.91,4,0,7.09,0,8.17,0.738946,25.54,0.203802,0.96039,0.2647,96,24,0.213815,19.06,0.295279,0.190998
org.eclipse.jdt.internal.core.BinaryType,0,0.201226,0.093188,1.01,2.02,0.063755,0.237801,3.04,0.024023,15.845049,0.013846,0,12.14,1,1,70,0,1.01,5.085484,0,0.058557,12.14,67,765,21,69,7,18,0,0,2346,1.01,202,0.222586,0.038227,0.322266,11.15,22.27,77,17.63,5,4,12.14,0,13.15,0.774659,27.6,0.281317,0.961674,0.320804,95,65,0.3741,21.71,0.294475,0.221963
org.eclipse.jdt.internal.core.BinaryTypeConverter,5,0.18425,0.064524,0,1.02,0.05782,0.065248,1.01,0.160038,5.543101,0,1.01,2.02,0,0,8,0.095426,1.02,2.59325,0,0.152868,2.02,35,261,3,7,2,2,0,1.01,17,1.03,59,0.186951,0.153531,0.195102,4.06,2.07,37,3.13,2,2,1.01,0.162602,4.07,0.606831,1.04,0.706194,0.158227,0.238603,4,2,0.715917,4.92,0.296885,0.186243
org.eclipse.jdt.internal.core.Buffer,0,0,0.034483,0,0,0.021063,0,1.01,0,4.666823,0,0,0,0,1,25,0,0,30.346059,1.01,0,0,8,329,0,24,1,2,0,0,110,0,60,0,0,0.347628,1.01,0,10,2.05,11,0,0,0,2.02,0.734765,0,0.013245,0,0.49105,0,21,0.048215,4.2,0.576033,0
org.eclipse.jdt.internal.core.BufferCache,0,0,0,0,1.01,0.005292,0,0,0.028264,2.912487,0,0,1.01,0,0,5,0,1.01,0.726038,0,0,1.01,5,35,10,3,3,1,0,0,1,0,17,0.026667,0.025994,0.022945,0,0,6,1.08,1,1,0,0,0,0.054342,3.03,0,0.141281,0.02664,33,0,0,1.15,0,0.026667
org.eclipse.jdt.internal.core.BufferFactoryWrapper,0,0,0,0,0,0.001763,0,0,0,2.221467,0,0,0,1,0,6,0,0,0.530096,0,0,0,5,26,0,5,2,3,0,0,0,0,10,0,0,0,0,0,8,0,1,0,0,0,0,0.034018,4.05,0,0.073465,0,4,5,0,0,0,0
org.eclipse.jdt.internal.core.BufferManager,0,0.019843,0.013887,0,0,0.008837,0,1.01,0.028264,4.729337,0,0,1.01,0,0,9,0,1.01,2.288793,0,0,1.01,10,74,0,8,1,8,0,0,16,0,27,0.034483,0,0.053568,2.02,1.07,17,2.03,4,1,1.01,0,3.03,0.546135,0,0.136048,0,0.057929,0,6,0.161564,2.2,0.294474,0.034483
org.eclipse.jdt.internal.core.CancelableNameEnvironment,1,0,0,0,0,0.003501,0,0,0,3.61798,0,0,0,1,0,6,0,0,0.867058,0,0.011111,0,8,30,6,5,2,2,0,0,10,1.01,16,0,0,0,0,0,10,0,1,0,0,0,0,0.056503,2.02,0,0.029632,0,6,4,0,0,0,0
org.eclipse.jdt.internal.core.CancelableProblemFactory,0,0,0,0,0,0.003036,0.053343,0,0,3.01424,0,0,1.01,1,0,3,0,0,0.784334,0,0,1.01,3,17,1,2,2,2,0,0,0,0,9,0.051596,0,0.040714,0,0,5,1.02,1,0,1.01,0,0,0.070121,2.02,0,0.076716,0.05176,6,2,0,1.05,0,0.051596
org.eclipse.jdt.internal.core.ChangeClasspathOperation,0,0,0,0,0,0.023246,0,0,0,4.695521,0,0,0,0,3,5,0,0,2.822057,0,0,0,14,43,18,4,2,3,0,0,4,0,25,0,0,0.608914,2.02,0,17,4.12,1,0,0,0,2.02,0.793181,1.01,0.239238,0.119499,0.302734,50,1,0.251007,6.13,0.355091,0
org.eclipse.jdt.internal.core.ClassFile,3,0.119794,0.208399,0,1.01,0.056774,0.210701,6.06,0.012129,15.521832,0,1.01,7.1,0,0,52,0.015265,1.01,5.270384,0,0.058557,7.1,58,512,19,51,4,26,0,0,1245,1.01,165,0.147167,0.014427,0.527081,4.07,11.31,77,12.25,2,0,8.1,0,7.1,0.884956,20.45,0.082826,0.58952,0.239803,77,38,0.311188,21.27,0.303903,0.146479
org.eclipse.jdt.internal.core.ClassFileInfo,4,0.008553,0.031839,0,1.01,0.008958,0,2.03,0,3.402672,0,0,1.01,0,0,8,0,0,0.811743,0,0,1.01,26,134,3,7,3,2,0,0,15,0,48,0.016445,0.018238,0.025582,1.01,1.01,26,2.04,2,0,0,0,1.01,0.052123,1.03,0.0112,0.016944,0.027011,7,0,0.011247,2.23,0,0.016686
org.eclipse.jdt.internal.core.ClassFileWorkingCopy,0,0.006517,0,0,0,0.09288,0.019856,0,0,5.183585,0,0,2.73,1,0,9,0,0,2.352211,0,0.071728,2.73,27,61,22,8,5,1,0,1.04,0,2.22,37,0.021352,0,0.127851,3.06,31.81,27,3.51,1,0,2.75,0.010168,3.05,0.538439,30.08,0.040793,1.098163,0.125809,158,6,0.041671,6.55,0.294474,0.021278
org.eclipse.jdt.internal.core.ClasspathAccessRule,1,0,0,0,0,0.003874,0,0,0,2.353013,0,0,0,0,0,5,0,0,0.551517,0,0.015182,0,3,32,3,3,2,3,0,0,3,1.01,11,0,0,0.010283,0,0,6,1.01,0,0,0,0,0,0.033265,1.02,0,0.015549,0.014619,5,2,0,1.01,0,0
org.eclipse.jdt.internal.core.ClasspathAttribute,0,0,0,0,0,0.003257,0,0,0,0.877822,0,0,0,0,0,6,0,0,0.196556,0,0,0,2,25,0,5,1,2,0,0,0,0,9,0,0,0,0,0,4,0,2,2,0,0,0,0.01009,0,0,0,0,0,5,0,0,0,0
org.eclipse.jdt.internal.core.ClasspathChange,5,0.015496,0.130759,2.04,2.04,0.102531,0.028139,1.05,0,7.398016,0.138036,0,1.01,4,0,11,0,0,3.455572,0,0,1.01,22,408,0,10,1,7,0,0,15,0,94,0.026668,0.136753,0.544305,3.03,1.01,27,5.17,8,0,1.01,0,3.05,0.808187,0,0.2777,0,0.240025,0,5,0.289468,11.59,0.303937,0.026668
org.eclipse.jdt.internal.core.ClasspathEntry,11,0.078841,0.04664,4.14,4.15,0.113137,0.070874,3.04,0.04289,14.012427,0.046777,7.22,6.26,34,0,46,0.107682,4.08,4.728928,0,0,6.26,28,1259,0,45,1,21,0,0,798,0,179,0.107844,0.046673,0.274579,8.12,16.64,46,13.7,43,8,6.1,0,11.16,0.797999,0,0.296831,0,0.431919,0,28,0.358077,19.06,0.303903,0.107762
org.eclipse.jdt.internal.core.ClasspathValidation,0,0,0,0,0,0.005529,0,0,0,0.465389,0,0,0,0,0,2,0,0,0.117212,0,0,0,9,44,0,1,1,3,0,0,0,0,13,0,0,0,0,0,12,0,1,1,0,0,0,0.008781,0,0,0,0,0,1,0,0,0,0
org.eclipse.jdt.internal.core.CommitWorkingCopyOperation,0,0,0,0,0,0.00283,0,0,0,3.657938,0,0,0,0,0,5,0,0,0.875508,0,0,0,21,117,18,4,2,1,0,0,6,0,58,0,0,0.026602,3.04,0,21,3.05,0,0,0,0,3.04,0.057053,3.03,0.049714,0.141887,0.047878,50,1,0.046931,2.06,0,0
org.eclipse.jdt.internal.core.CompilationUnit,0,0.358345,0.722598,0,2.02,0.094181,0.487051,10.15,0.016321,18.664691,0,0,9.11,1,2,95,0,1.01,5.917431,2.02,0.058557,9.11,83,827,19,94,4,38,0.125,0,4309,1.01,283,0.438155,0.027279,0.566227,11.13,18.49,107,21.52,4,1,9.11,0,15.25,0.894299,23.67,0.30867,0.924221,0.582402,71,82,0.792901,26.74,0.295885,0.44024
org.eclipse.jdt.internal.core.CompilationUnitElementInfo,0,0.008833,0.116826,0,0,0.004874,0.056001,1.02,0,4.225545,0,0,2.02,1,1,4,0,0,2.024318,0,0,2.02,3,14,3,3,3,6,0,0,0,0,5,0.067433,0,0.051907,1.01,1.04,9,2.04,3,0,1.01,0,2.03,0.476499,1.03,0.049743,0.016944,0.063188,7,2,0.166554,2.09,0.293898,0.067443
org.eclipse.jdt.internal.core.CompilationUnitProblemFinder,0,0.023281,0,0,0,0.029517,0,0,0,7.619167,0,1.01,2.02,0,0,8,0.014493,0,2.891267,0,0.512353,2.02,37,145,17,7,2,2,0,0,21,6.07,40,0.030776,0,0.1461,3.03,2.12,38,5.12,0,0,0,0,2.02,0.554614,4.06,0.116221,0.271747,0.1321,17,4,0.025092,8.37,0.293927,0.030736
org.eclipse.jdt.internal.core.CompilationUnitStructureRequestor,2,0.145958,0.116826,0,3.04,0.038505,0,1.01,0,7.708699,0,3.06,3.15,0,1,36,0.184452,0,3.397028,1.01,0,3.15,62,494,0,35,2,3,0.125,0,405,0,108,0.185069,0.051871,0.541107,7.24,6.51,63,8.38,15,0,0,0,7.25,0.773948,1.02,0.580076,0.05538,0.26799,9,16,0.595272,10.87,0.353708,0.184636
org.eclipse.jdt.internal.core.CopyElementsOperation,2,0.008781,0,0,0,0.007515,0,0,0,7.387328,0,1.01,1.01,0,1,10,0.010794,0,2.846951,0,0,1.01,28,135,22,8,3,3,0,0,28,0,54,0.010727,0,0.035261,4.07,1.08,31,5.13,1,1,0,0,4.07,0.565454,3.03,0.052035,0.141887,0.059608,63,0,0.050844,3.24,0.294474,0.010792
org.eclipse.jdt.internal.core.CopyPackageFragmentRootOperation,0,0,0,0,0,0.00635,0,0,0,7.014453,0,0,0,0,1,6,0,0,2.830576,0,0,0,18,181,18,5,2,2,0,0,0,0,64,0,0,0,4.06,0,19,6.08,4,0,0,0,4.05,0.581082,3.03,0.141262,0.141887,0.158584,51,1,0.152208,0,0.294474,0
org.eclipse.jdt.internal.core.CopyResourceElementsOperation,12,0.008781,0,0,1.01,0.048845,0,0,0,8.300951,0,1.01,1.01,0,1,21,0.010794,0,3.108815,0,0,1.01,38,471,22,19,3,3,0,0,157,0,151,0.010727,0.010287,0.134219,3.08,1.24,41,5.09,3,0,0,0,3.08,0.593176,3.03,0.036811,0.141887,0.252532,62,0,0.035145,5.33,0.294474,0.010792
org.eclipse.jdt.internal.core.CreateCompilationUnitOperation,0,0,0,0,0,0.004043,0,0,0,3.9764,0,0,0,0,0,5,0,0,0.952642,0,0,0,17,89,18,4,2,2,0,0,0,0,48,0,0,0.015901,2.03,0,19,3.05,2,0,0,0,2.03,0.062371,3.03,0.034853,0.141887,0.044651,50,1,0.031803,1.01,0,0
org.eclipse.jdt.internal.core.CreateElementInCUOperation,0,0.09753,0,0,1.03,0.021151,0,0,0,4.794163,0,1.01,2.03,0,3,20,0.010794,0,2.294401,0,0,2.03,20,145,18,19,2,8,0,0,159,0,61,0.123101,0.010287,0.098699,3.05,2.58,28,3.12,7,0,0,0,3.05,0.544818,3.03,0.134043,0.141887,0.12914,49,4,0.143473,2.14,0.294474,0.12275
org.eclipse.jdt.internal.core.CreateFieldOperation,2,0.019628,0,0,0,0.010146,0,0,0,5.347704,0,1.01,2.02,0,0,9,0.014337,0,2.349723,0,0.010493,2.02,17,78,28,8,4,2,0,0,28,1.03,34,0.024648,0,0.027579,1.03,2.13,19,4.11,0,0,0,0,1.03,0.529689,3.07,0.010493,0.141887,0.046083,66,1,0.010328,3.26,0.294474,0.02471
org.eclipse.jdt.internal.core.CreateImportOperation,0,0.008781,0,0,1.01,0.012865,0,0,0,6.068971,0,0,1.01,0,0,7,0,0,2.571171,0,0.010493,1.01,25,82,25,6,3,2,0,0,9,1.03,46,0.010727,0.018238,0.050868,4.09,1.05,27,5.23,2,0,0,0,4.09,0.556079,3.06,0.063406,0.141887,0.07048,62,2,0.062061,4.26,0.294474,0.010792
org.eclipse.jdt.internal.core.CreateInitializerOperation,0,0.008781,0,0,0,0.005861,0,0,0,3.60096,0,0,1.01,0,0,6,0,0,1.934191,0,0.010493,1.01,16,59,28,5,4,2,0,0,8,1.03,21,0.010727,0,0.009385,0,1.04,18,1.01,1,0,0,0,0,0.503465,3.07,0,0.141887,0.010996,67,1,0,1.06,0.294474,0.010792
org.eclipse.jdt.internal.core.CreateMethodOperation,1,0.008781,0,0,0,0.013439,0,0,0,4.153977,0,1.02,1.01,0,0,8,0.010794,0,2.059682,0,0.010493,1.01,18,66,28,7,4,2,0,0,21,1.03,32,0.010727,0,0.018917,3.05,1.07,20,3.05,1,0,0,0,3.05,0.510209,3.07,0.033693,0.141887,0.032168,67,1,0.031261,2.22,0.294474,0.010792
org.eclipse.jdt.internal.core.CreatePackageDeclarationOperation,0,0.008781,0,0,0,0.008486,0,0,0,5.505294,0,0,1.01,0,0,7,0,0,2.428519,0,0.010493,1.01,24,57,25,6,3,2,0,0,9,1.03,29,0.010727,0,0.025286,2.05,1.05,26,3.05,1,0,0,0,2.05,0.545239,3.06,0.033605,0.141887,0.043469,62,2,0.031838,2.06,0.294474,0.010792
org.eclipse.jdt.internal.core.CreatePackageFragmentOperation,0,0,0,0,0,0.015193,0,0,0,6.435097,0,0,1.01,0,0,4,0,0,2.741137,0,0,1.01,19,85,18,3,2,1,0,0,0,0,45,0.038586,0,0.068754,4.06,0,19,3.07,1,0,0,0,4.06,0.587259,4.04,0.274091,0.181246,0.069312,50,1,0.28281,3.12,0.294474,0.038586
org.eclipse.jdt.internal.core.CreateTypeHierarchyOperation,0,0,0.010867,0,0,0.000997,0,1.01,0,1.644882,0,0,0,0,0,7,0,0,0.367016,0,0,0,14,54,18,4,2,4,0,0,0,0,18,0,0,0,0,0,18,0,1,0,0,0,1.01,0.018613,3.03,0,0.141887,0,50,3,0.010606,0,0,0
org.eclipse.jdt.internal.core.CreateTypeMemberOperation,1,0.008781,0,0,0,0.022806,0,0,0,7.878933,0,0,1.02,0,4,10,0,0,2.937641,0,0.010493,1.02,26,126,25,9,3,4,0,0,28,1.03,53,0.010727,0,0.03935,5.11,1.09,30,3.21,3,0,0,0,5.11,0.564102,3.06,0.151143,0.141887,0.12183,64,1,0.159485,4.61,0.294474,0.010792
org.eclipse.jdt.internal.core.CreateTypeOperation,1,0.008781,0,0,0,0.007672,0,0,0,3.60096,0,0,1.01,0,0,8,0,0,1.934191,0,0.010493,1.01,14,62,28,7,4,3,0,0,21,1.03,22,0.010727,0,0.009385,1.01,1.06,17,1.01,0,0,0,0,1.01,0.503465,3.07,0.010493,0.141887,0.010996,66,1,0.010328,1.04,0.294474,0.010792
org.eclipse.jdt.internal.core.DefaultWorkingCopyOwner,0,0,0.088622,0,0,0.001963,0,3.03,0,2.673453,0,0,0,2,0,3,0,0,0.659352,0,0,0,3,13,0,2,2,15,0,0,1,0,4,0,0,0,0,0,17,0,2,0,0,0,3.03,0.047715,4.05,0,0.073465,0,4,2,0.087673,0,0,0
org.eclipse.jdt.internal.core.DeleteElementsOperation,2,0,0,0,0,0.010877,0,0,0,6.026464,0,0,0,0,0,9,0,0,2.583368,0,0,0,21,100,22,8,3,2,0,0,20,0,56,0,0,0.098699,2.03,0,23,3.05,2,0,0,0,2.03,0.562536,3.03,0.027512,0.141887,0.121434,62,0,0.026898,2.07,0.294474,0
org.eclipse.jdt.internal.core.DeletePackageFragmentRootOperation,0,0,0,0,0,0.006042,0,0,0,5.200006,0,0,0,0,0,6,0,0,2.41121,0,0,0,14,103,18,5,2,1,0,0,10,0,38,0,0,0.01253,2.03,0,15,1.05,2,0,0,0,2.03,0.55644,3.03,0.117741,0.141887,0.012617,51,0,0.13052,1.03,0.294474,0
org.eclipse.jdt.internal.core.DeleteResourceElementsOperation,1,0,0,0,0,0.003704,0,0,0,4.193934,0,0,0,0,0,5,0,0,2.100497,0,0,0,13,84,22,4,3,1,0,0,6,0,26,0,0,0,1.01,0,14,1.01,0,0,0,0,1.01,0.518958,3.03,0.102166,0.141887,0.010996,64,0,0.113349,0,0.294474,0
org.eclipse.jdt.internal.core.DeltaProcessingState,1,0.167271,0.439405,4.04,5.05,0.043158,0.189348,6.06,0.208728,12.074031,0.057705,1.01,6.13,14,0,23,0.010664,4.05,4.144992,0,0,6.13,17,391,0,22,1,9,0,0,207,0,117,0.181729,0.199262,0.25332,4.05,7.88,23,11.52,21,7,6.12,0,4.07,0.696025,0,0.155805,0,0.298441,0,21,0.3857,14.51,0.294474,0.181209
org.eclipse.jdt.internal.core.DeltaProcessor,42,0.379851,0.424927,3.03,5.05,0.216145,0.058665,4.05,0.16312,23.301812,0.054992,7.1,8.11,10,0,53,0.403514,5.05,8.044675,0,0,8.11,48,1776,0,52,1,9,0,0,750,0,277,0.375371,0.125375,1.325155,5.09,14.96,49,22.49,26,15,3.03,0,5.1,1.399546,0,0.174919,0,0.646357,0,10,0.293864,35.51,0.378061,0.376758
org.eclipse.jdt.internal.core.DiscardWorkingCopyOperation,0,0,0,0,0,0.00149,0,0,0,2.572723,0,0,0,0,0,4,0,0,0.609845,0,0,0,14,39,18,3,2,1,0,0,3,0,23,0,0,0.024132,2.05,0,14,2.05,0,0,0,0,2.05,0.038164,3.03,0.117027,0.141887,0.029632,51,1,0.128477,2.06,0,0
org.eclipse.jdt.internal.core.DocumentAdapter,0,0,0,0,0,0.003847,0,0,0,1.628493,0,0,0,0,0,3,0,0,0.36379,0,0,0,1,15,0,2,2,1,0,0,0,0,9,0,0,0,0,0,2,0,1,1,0,0,0,0.018524,0,0,0,0,0,2,0,0,0,0
org.eclipse.jdt.internal.core.ElementCache,0,0,0.014493,0,0,0.006547,0,1.01,0,3.415154,0,0,0,0,1,6,0,0,1.810105,1.01,0,0,7,40,10,4,3,2,0.016129,0,4,0,13,0,0,0.018238,1.01,0,9,1.01,1,0,0,0,2.02,0.455166,3.03,0.048082,0.141281,0.038135,33,0,0.062021,1.05,0.293898,0
org.eclipse.jdt.internal.core.ExternalFolderChange,0,0.120003,0,0,0,0.018945,0,0,0,1.18947,0,1.02,1.02,0,0,3,0.137021,0,0.590005,0,0,1.02,5,30,0,2,1,3,0,0,0,0,13,0.136912,0,0.120529,0,1.04,8,1.07,2,2,0,0,0,0.158632,0,0,0,0.116857,0,2,0,1.14,0.001958,0.139534
org.eclipse.jdt.internal.core.ExternalFoldersManager,3,0.120003,0.244758,0,0,0.05753,0.140367,1.01,0,2.164385,0,0,1.02,0,0,14,0,0,1.24078,0,0,1.02,8,185,0,13,1,11,0,0,70,0,71,0.136912,0,0.120529,2.05,1.23,16,2.15,5,5,1.02,0,3.05,0.376621,0,0.298793,0,0.266219,0,10,0.561482,1.42,0.034295,0.139534
org.eclipse.jdt.internal.core.ExternalJavaProject,0,0.043037,0.036626,0,0,0.005072,0,2.02,0,3.33305,0,0,1.01,1,0,7,0,0,0.919111,0,0.058557,1.01,10,31,26,6,5,6,0,0,15,2.02,18,0.045281,0,0.018238,2.03,1.05,15,2.03,1,0,0,0,3.05,0.09229,17.28,0.152646,0.839442,0.050752,189,5,0.173805,1.03,0,0.045281
org.eclipse.jdt.internal.core.ExternalPackageFragmentRoot,0,0.129902,0,0,0,0.013729,0,0,0,2.147118,0,0,1.01,0,0,14,0,0,1.156399,0,0,1.01,6,62,22,12,5,2,0,0,46,0,24,0.136468,0,0.196574,0,1.11,6,1.01,1,0,0,0,0,0.335399,3.08,0,0.47633,0.135056,105,8,0,2.11,0.01437,0.136468
org.eclipse.jdt.internal.core.IJavaElementRequestor,0,0,0,0,0,0.001763,0,0,0,2.221467,0,0,0,0,0,7,0,0,0.530096,0,0,0,5,9,0,7,0,4,0,0,21,0,7,0,0,0,0,0,9,0,0,0,0,0,0,0.034018,0,0,0,0,0,7,0,0,0,0
org.eclipse.jdt.internal.core.INamingRequestor,0,0,0,0,0,0.0013,0,0,0,2.114509,0,0,0,0,0,4,0,0,0.498315,0,0,0,0,6,0,4,0,3,0,0,6,0,4,0,0,0,0,0,3,0,0,0,0,0,0,0.03063,0,0,0,0,0,4,0,0,0,0
org.eclipse.jdt.internal.core.IPathRequestor,0,0,0,0,0,0.001763,0,0,0,2.221467,0,0,0,0,0,1,0,0,0.530096,0,0,0,0,3,0,1,0,1,0,0,0,0,1,0,0,0,0,0,1,0,0,0,0,0,0,0.034018,0,0,0,0,0,1,0,0,0,0
org.eclipse.jdt.internal.core.ImportContainer,0,0.095501,0.116826,0,0,0.002906,0.010464,1.03,0,4.289315,0,0,2.02,0,1,12,0,0,2.089064,1.01,0.058557,2.02,15,71,20,11,4,6,0.125,0,55,1.01,36,0.122588,0,0.107728,0,2.2,19,3.05,0,0,1.01,0,1.03,0.511552,25.35,0,0.863012,0.120853,68,7,0.113349,3.1,0.294474,0.122172
org.eclipse.jdt.internal.core.ImportDeclaration,0,0.01648,0.128085,0,1.01,0.003354,0.011271,2.03,0,4.185279,0,0,2.02,0,1,12,0,0,0.971112,1.01,0.058557,2.02,9,59,20,11,4,5,0.125,0,51,1.01,27,0.021966,0.010754,0.019181,2.02,2.22,13,1.04,2,0,1.01,0,3.04,0.056894,24.33,0.027512,0.851964,0.01021,69,8,0.140248,2.1,0,0.022031
org.eclipse.jdt.internal.core.ImportDeclarationElementInfo,0,0.007698,0.011259,0,1.02,0.002395,0.011271,1.01,0,2.838995,0,0,1.03,0,0,1,0,0,0.669092,0,0,1.03,2,2,7,0,4,2,0,0,0,0,1,0.011239,0.010754,0.009796,0,1.01,4,1.03,0,0,1.03,0,1.01,0.041283,1.03,0,0.016944,0.010568,16,0,0.011247,1.11,0,0.011239
org.eclipse.jdt.internal.core.Initializer,0,0.008781,0.116826,0,0,0.003288,0,1.02,0,3.655399,0,0,1.01,0,1,11,0,0,1.946841,1.01,0.058557,1.01,13,67,20,10,5,6,0.125,0,45,1.01,33,0.010727,0,0.009385,1.01,1.1,19,1.06,0,0,0,0,2.03,0.504198,25.37,0.010493,0.708078,0.01021,81,7,0.123677,1.11,0.294474,0.010792
org.eclipse.jdt.internal.core.InitializerElementInfo,0,0,0,0,0,0.001763,0,0,0,2.221467,0,0,0,0,0,1,0,0,0.530096,0,0,0,1,2,7,0,4,3,0,0,0,0,1,0,0,0,0,0,4,0,0,0,0,0,0,0.034018,1.03,0,0.016944,0,16,0,0,0,0,0
org.eclipse.jdt.internal.core.InternalNamingConventions,7,0.009257,0,0,0,0.038681,0.015251,0,0,6.043709,0,1.01,1.02,0,0,12,0.015265,0,2.619466,0,0,1.02,11,342,0,11,1,2,0,0,55,0,41,0.014827,0,0.171834,3.03,1.19,13,3.09,1,1,1.01,0,3.03,0.573249,0,0.071275,0,0.06655,0,4,0.06933,6.92,0.296882,0.014827
org.eclipse.jdt.internal.core.JarEntryDirectory,0,0,0,0,0,0.017532,0,0,0,0.69102,0,0,0,0,0,7,0,0,0.195942,0,0,0,2,35,2,6,3,2,0,0,9,0,12,0,0,0,0,0,3,0,1,1,0,0,0,0.020324,1.01,0,0.029436,0,10,6,0,0,0,0
org.eclipse.jdt.internal.core.JarEntryFile,0,0.015652,0,0,1.02,0.021816,0,0,0.028264,3.928151,0,0,0,0,0,6,0,1.02,0.997946,0,0.028887,0,7,40,2,5,3,1,0,1.01,10,1.02,21,0,0.025994,0.022945,1.03,1.04,8,2.07,1,1,0,0,1.03,0.078879,2.1,0.027186,0.056829,0.043083,10,5,0.028283,1.03,0,0
org.eclipse.jdt.internal.core.JarEntryResource,0,0.020317,0,0,0,0.0105,0.029293,0,0,1.143006,0,0,1.01,0,2,12,0,0,0.325199,0,0,1.01,7,62,0,11,2,4,0,0,7,0,24,0.028861,0,0.019778,0,1.02,9,1.02,2,0,1.01,0,0,0.034021,0,0,0,0.024042,0,9,0,1.09,0,0.028861
org.eclipse.jdt.internal.core.JarPackageFragment,2,0,0.048764,0,0,0.03748,0,1.01,0,5.743572,0,1.02,0,0,0,13,0.048011,0,2.629188,0,0.058557,0,22,122,22,12,5,3,0,0,66,1.01,53,0,0,0.041183,3.07,0,23,3.15,0,0,0,0,2.04,0.60637,23.5,0.23699,0.928189,0.081218,97,7,0.208604,2.49,0.303326,0
org.eclipse.jdt.internal.core.JarPackageFragmentInfo,0,0,0.048764,0,0,0.001763,0,1.01,0,2.221467,0,0,0,0,0,2,0,0,0.530096,0,0,0,1,5,4,1,4,1,0,0,0,0,2,0,0,0,0,0,2,0,0,0,0,0,1.01,0.034018,1.03,0,0.016944,0,10,0,0.04838,0,0,0
org.eclipse.jdt.internal.core.JarPackageFragmentRoot,1,0.239368,0.08893,1.01,0,0.035637,0,4.04,0.036242,8.340152,0.046418,0,2.02,0,0,22,0,1.01,3.787991,0,0.074661,2.02,21,177,22,20,5,12,0,0,176,2.02,71,0.152207,0,0.35434,3.04,3.45,29,8.16,2,1,0,0,5.07,0.897232,26.45,0.09838,1.10361,0.500744,99,13,0.142512,8.38,0.329796,0.152207
org.eclipse.jdt.internal.core.JarPackageFragmentRootInfo,0,0,0.063257,0,1.01,0.003311,0,2.03,0,3.522112,0,0,0,0,0,2,0,0,1.841886,0,0,0,3,7,6,1,4,4,0,0,0,0,2,0,0.047087,0.018238,1.01,0,7,0,1,0,0,0,2.04,0.458554,1.03,0.048082,0.016944,0,14,1,0.062021,1.01,0.293898,0
org.eclipse.jdt.internal.core.JavaCorePreferenceInitializer,0,0.006956,0,0,0,0.016171,0,0,0,10.500329,0,1.01,1.01,0,0,2,0.011905,0,2.517073,0,0,1.01,4,55,0,1,2,0,0,0,0,0,17,0.01075,0,0.128211,0,1.01,4,1.01,0,0,0,0,0,0.165451,0,0,0,0.010996,0,1,0,11.24,0,0.010706
org.eclipse.jdt.internal.core.JavaCorePreferenceModifyListener,0,0,0,0,0,0.00675,0,0,0,0.553017,0,0,0,0,0,4,0,0,0.125491,0,0,0,5,32,0,3,2,0,0,0,3,0,18,0,0,0,0,0,5,0,2,0,0,0,0,0.006744,0,0,0,0,0,1,0,0,0,0
org.eclipse.jdt.internal.core.JavaElement,1,0.192863,0.461382,1.01,2.05,0.048642,0.204411,14.36,0.01209,11.887105,0.057301,1.01,8.16,16,2,63,0.014346,1.04,32.622657,0,0,8.16,32,510,0,62,2,110,0,0,1873,0,145,0.239324,0.068657,0.293216,3.08,16.83,133,12.62,23,4,7.1,0,15.4,1.085765,0,0.040471,0,0.286179,0,42,0.467387,16.31,0.599519,0.238894
org.eclipse.jdt.internal.core.JavaElementDelta,1,0.051975,0.031546,0,2.02,0.02222,0.06161,2.02,0,5.332474,0,0,2.03,0,0,40,0,0,2.356084,0,0,2.03,5,526,2,39,2,16,0,0,663,0,69,0.062431,0.068971,0.107973,1.01,3.09,21,2.03,9,0,2.03,0,3.03,0.517927,0,0.013245,0,0.062625,8,26,0.044412,4.43,0.293898,0.062454
org.eclipse.jdt.internal.core.JavaElementDeltaBuilder,18,0.056988,0.013987,1.01,1.01,0.027348,0,1.01,0,4.914237,0.011702,1.02,1.02,1,0,22,0.056561,0,2.20697,0,0,1.02,21,354,0,20,1,4,0,0,94,0,77,0.055911,0.055308,0.065572,2.05,2.59,24,3.11,9,0,0,0,3.06,0.492286,0,0.062531,0,0.078505,0,2,0.078745,3.73,0.293898,0.055934
org.eclipse.jdt.internal.core.JavaElementInfo,0,0.011752,0.176552,0,0,0.007658,0,5.05,0,3.652759,0,0,1.03,0,2,6,0,0,1.978362,0,0,1.03,2,51,0,5,1,27,0,0,0,0,10,0.016785,0,0.015507,0,1.08,28,1.03,2,0,0,0,5.05,0.512516,0,0,0,0.015819,0,5,0.172766,1.14,0.294474,0.016744
org.eclipse.jdt.internal.core.JavaElementRequestor,0,0,0,0,0,0.001763,0,0,0,2.221467,0,0,0,0,1,16,0,0,0.530096,0,0,0,6,119,0,15,1,3,0,0,61,0,20,0,0,0,0,0,9,0,12,0,0,0,0,0.034018,0,0,0,0,0,15,0,0,0,0
org.eclipse.jdt.internal.core.JavaModel,2,0.163974,0.149281,1.01,1.01,0.014344,0.148197,8.08,0,6.819423,0.01145,2.02,5.09,2,0,33,0.125495,0,2.935715,0,0.058557,5.09,29,231,19,32,4,26,0,0,488,1.01,92,0.200065,0.011509,0.151911,3.06,7.53,50,7.13,2,0,3.06,0,9.1,0.662228,25.32,0.167268,0.904005,0.198784,81,23,0.264294,6.58,0.303903,0.199745
org.eclipse.jdt.internal.core.JavaModelCache,0,0,0.014493,2.03,2.05,0.019076,0.091633,1.02,0,5.280949,0.027792,0,3.06,7,0,10,0,0,2.29287,0,0,3.06,6,180,0,9,1,4,0,0,0,0,38,0.125358,0.02727,0.128385,3.05,0,10,5.16,15,0,2.02,0,3.07,0.501864,0,0.070712,0,0.141088,0,4,0.073062,5.92,0.293929,0.125335
org.eclipse.jdt.internal.core.JavaModelInfo,1,0,0.048764,0,0,0.001763,0,1.01,0,2.221467,0,0,0,0,0,3,0,0,0.530096,0,0,0,3,29,3,2,3,2,0,0,1,0,8,0,0,0,0,0,5,0,1,0,0,0,1.01,0.034018,1.03,0,0.016944,0,7,0,0.04838,0,0,0
org.eclipse.jdt.internal.core.JavaModelManager,38,0.637899,0.447616,16.32,24.53,0.648461,0.463233,16.27,0.629681,30.910486,0.395593,12.3,23.64,48,0,129,0.289016,12.15,38.189465,0,0,23.64,69,2339,0,128,1,72,0,0,7648,0,479,0.833359,0.98361,1.976493,16.21,82.14,114,38.07,97,35,15.29,0,20.34,1.804669,0,0.604205,0,1.00507,0,80,0.746001,58.15,0.610596,0.833856
org.eclipse.jdt.internal.core.JavaModelOperation,0,0.117893,0.092189,1.01,0,0.019857,0,5.08,0,9.408487,0.014925,0,3.03,3,14,59,0,0,31.757693,0,0,3.04,23,537,0,53,1,39,0,0,1160,0,144,0.134623,0,0.908674,5.11,5.8,58,8.17,18,0,0,0,6.14,0.923192,0,0.169105,0,0.091885,0,16,0.190152,9.39,0.57661,0.134258
org.eclipse.jdt.internal.core.JavaModelStatus,0,0,0.110289,0,0,0.030719,0,4.06,0,3.163177,0,0,0,1,0,27,0,0,0.761048,0,0,1.01,12,317,0,14,2,48,0,0,65,0,55,0.0261,0,0.056977,0,0,56,3.04,6,0,0,0,3.04,0.05091,0,0,0,0.051633,0,12,0.079507,4.25,0,0
org.eclipse.jdt.internal.core.JavaProject,12,0.238526,0.486473,1.01,1.02,0.301108,0.159171,12.21,0.0134,22.201186,0.028571,5.06,10.24,4,1,131,0.193883,1.01,35.640656,1.01,0.058557,10.24,57,1898,19,129,4,62,0.015873,0,7364,1.01,406,0.263393,0.019315,0.833463,9.11,39.92,99,23.72,9,2,7.13,0,12.22,1.484335,27.39,0.390538,0.972661,0.900989,78,104,0.338883,33.78,0.61036,0.263092
org.eclipse.jdt.internal.core.JavaProjectElementInfo,3,0.041239,0.049014,1.02,2.03,0.076164,0.047633,2.02,0.012048,10.298878,0.010822,1.01,4.04,0,0,10,0.032099,1.01,3.910588,0,0,4.04,25,230,3,9,3,4,0,0,30,0,57,0.060763,0.039372,0.21623,9.16,4.17,25,11.3,3,1,2.02,0,9.15,0.766324,1.03,0.39176,0.016944,0.483428,7,0,0.428387,10.8,0.303934,0.060747
org.eclipse.jdt.internal.core.JavadocConstants,0,0,0,1.04,1.04,0.004398,0,0,0,2.62406,0.013846,0,0,19,0,0,0,0,0.638053,0,0,0,0,21,0,0,0,4,0,0,0,0,1,0,0.01435,0.012996,0,0,4,0,19,0,0,0,0,0.043041,0,0,0,0,0,0,0,1.04,0,0
org.eclipse.jdt.internal.core.LRUCacheEnumerator,0,0,0,0,0,0.001763,0,0,0,2.221467,0,0,0,0,0,3,0,0,0.530096,0,0,0,0,14,0,2,1,1,0,0,0,0,3,0,0,0,0,0,1,0,1,0,0,0,0,0.034018,0,0,0,0,0,2,0,0,0,0
org.eclipse.jdt.internal.core.LocalVariable,3,0.045458,0.1315,1.01,1.01,0.02653,0.056001,2.02,0,6.449172,0.057301,1.03,1.05,5,0,27,0.056561,0,3.146389,0,0.058557,1.05,31,225,20,26,4,8,0,0,303,1.01,64,0.055911,0.055308,0.526423,5.18,2.13,39,2.18,7,0,1.02,0,6.2,0.775958,17.23,0.59542,0.557057,0.111703,56,17,0.629564,5.95,0.353708,0.055934
org.eclipse.jdt.internal.core.Member,0,0.03314,0.038263,0,0,0.012489,0.037319,3.07,0,5.388991,0,0,3.04,0,2,20,0,0,1.367333,0,0.058557,3.04,31,311,20,19,4,13,0,0,171,1.01,99,0.047655,0,0.102972,4.12,3.67,43,4.23,0,0,2.03,0,6.19,0.114368,24.33,0.09697,0.851964,0.08823,71,14,0.124777,6.93,0,0.047728
org.eclipse.jdt.internal.core.MemberElementInfo,0,0,0.069212,0,0,0.001789,0,2.04,0,2.645352,0,0,0,0,3,7,0,0,0.629865,1.02,0,0,1,23,4,6,3,11,0.05567,0,9,0,7,0,0,0,0,0,12,0,3,0,0,0,2.04,0.040073,1.03,0,0.016944,0,10,3,0.066057,0,0,0
org.eclipse.jdt.internal.core.MemberValuePair,0,0,0.18135,0,0,0.007922,0,2.02,0,0.609567,0,0,0,2,0,6,0,0,0.215106,0,0,0,2,34,0,4,1,6,0,0,0,0,9,0,0,0,0,0,7,0,3,0,0,0,2.02,0.035857,0,0,0,0,0,4,0.176961,0,0,0
org.eclipse.jdt.internal.core.ModelUpdater,0,0,0,0,0,0.003621,0,0,0,4.276178,0,0,0,0,0,9,0,0,2.067552,0,0,0,12,131,0,8,1,1,0,0,22,0,34,0,0,0.013849,0,0,13,2.02,1,0,0,0,0,0.489738,0,0,0,0.064199,0,1,0,1.02,0.293898,0
org.eclipse.jdt.internal.core.MoveElementsOperation,0,0,0,0,0,0.002012,0,0,0,2.762642,0,0,0,0,1,3,0,0,0.652231,0,0,0,3,11,22,2,4,2,0,0,1,0,4,0,0,0,0,0,5,1.01,0,0,0,0,0,0.040461,3.03,0,0.141887,0.010996,67,0,0,0,0,0
org.eclipse.jdt.internal.core.MovePackageFragmentRootOperation,1,0.01145,0,0,0,0.004313,0,0,0,4.376408,0,1.01,1.01,0,0,7,0.014514,0,2.202673,0,0,1.01,14,180,22,6,3,1,0,0,15,0,50,0.015686,0,0.012233,2.05,1.05,15,1.12,0,0,0,0,2.05,0.540589,3.03,0.118431,0.141887,0.015448,55,0,0.129897,1.41,0.294474,0.015686
org.eclipse.jdt.internal.core.MoveResourceElementsOperation,0,0,0,0,0,0.002012,0,0,0,2.762642,0,0,0,0,1,3,0,0,0.652231,0,0.010493,0,3,11,25,2,4,2,0,0,1,1.01,4,0,0,0,0,0,5,1.01,0,0,0,0,0,0.040461,3.03,0,0.141887,0.010996,67,0,0,0,0,0
org.eclipse.jdt.internal.core.MultiOperation,1,0,0,0,0,0.009228,0,0,0,2.915299,0,0,0,0,4,18,0,0,0.719122,0,0,0,13,171,18,16,2,7,0,0,114,0,48,0,0,0.048231,2.03,0,20,2.04,4,0,0,0,2.03,0.053034,3.03,0.033605,0.141887,0.032474,52,2,0.031838,3.08,0,0
org.eclipse.jdt.internal.core.NameLookup,5,0.085234,0.087679,1.01,4.04,0.12804,0.075915,3.03,0.011674,13.898039,0.010461,3.03,6.09,8,0,28,0.039236,1.01,4.495725,0,0,6.09,39,804,0,27,1,22,0,0,325,0,133,0.084829,0.065872,0.198515,8.13,10.98,55,15.5,13,1,4.06,0,9.15,0.697641,0,0.225117,0,0.233526,0,14,0.195752,17.43,0.295279,0.084646
org.eclipse.jdt.internal.core.NamedMember,1,0.06284,0.491053,0,0,0.028712,0.065248,6.11,0,7.651973,0,0,2.05,0,4,13,0,0,2.99962,0,0.058557,2.05,22,193,20,12,5,19,0,0,64,1.01,58,0.061497,0,0.109897,5.13,2.45,41,5.31,1,0,1.02,0,10.24,0.603895,25.35,0.108004,0.875724,0.096695,89,5,0.588517,7.3,0.295279,0.060789
org.eclipse.jdt.internal.core.NonJavaResource,0,0,0,0,0,0.007954,0,0,0,0.632395,0,0,0,0,0,13,0,0,0.303935,0,0,0,5,82,0,12,2,1,0,0,18,0,29,0,0,0,0,0,6,0,3,1,0,0,0,0.079049,0,0,0,0,0,11,0,0,0.000577,0
org.eclipse.jdt.internal.core.NullBuffer,0,0,0,0,0,0.007688,0,0,0,0.385557,0,0,0,0,0,1,0,0,0.114489,0,0,0,2,5,11,0,2,3,0,0,0,0,2,0,0,0,0,0,5,0,0,0,0,0,0,0.013295,0,0,0,0,24,0,0,0,0,0
org.eclipse.jdt.internal.core.Openable,0,0.099239,0.532153,0,0,0.024928,0.13345,11.23,0,8.390861,0,0,2.04,0,6,36,0,0,3.154823,0,0.058557,2.04,32,310,19,35,3,42,0,0,595,1.01,108,0.126054,0,0.201585,5.06,3.3,64,5.25,0,0,2.03,0,14.24,0.602855,17.22,0.207582,0.785733,0.174069,54,20,0.593351,10.02,0.294474,0.125672
org.eclipse.jdt.internal.core.OpenableElementInfo,0,0,0,0,0,0.001763,0,0,0,2.221467,0,0,0,0,6,3,0,0,0.530096,0,0,0,1,9,2,2,2,16,0,0,0,0,3,0,0,0,0,0,17,0,1,0,0,0,0,0.034018,1.03,0,0.016944,0,5,2,0,0,0,0
org.eclipse.jdt.internal.core.OverflowingLRUCache,0,0.009257,0.014493,0,0,0.005334,0.015251,1.01,0,3.921096,0,0,1.01,0,2,21,0,0,0.969098,0,0,1.01,3,193,7,19,2,5,0,0,133,0,47,0.014827,0,0.035767,0,1.19,8,3.04,3,0,1.01,0,1.01,0.070755,3.04,0,0.141281,0.051582,16,13,0.01364,2.11,0,0.014827
org.eclipse.jdt.internal.core.PackageDeclaration,0,0.008781,0.116826,0,0,0.002595,0,1.02,0,3.655399,0,0,1.01,0,1,7,0,0,1.946841,1.01,0.058557,1.01,5,33,20,6,4,4,0.125,0,13,1.01,15,0.010727,0,0.009385,1.01,1.06,8,1.04,1,0,0,0,2.03,0.504198,24.33,0.010493,0.851964,0.01021,71,4,0.123677,1.03,0.294474,0.010792
org.eclipse.jdt.internal.core.PackageFragment,1,0.095215,0.483924,0,0,0.026043,0.031299,10.11,0,9.121336,0,1.01,4.04,1,1,34,0.024537,0,3.347043,0,0.058557,4.04,34,346,19,33,4,33,0,0,438,1.01,131,0.08393,0,0.201094,6.09,5.04,59,10.34,3,0,2.02,0,14.16,0.62076,20.4,0.136357,0.834421,0.248298,74,26,0.571014,9.71,0.294474,0.0837
org.eclipse.jdt.internal.core.PackageFragmentInfo,0,0,0,0,0,0.002868,0,0,0,3.652759,0,0,0,0,1,4,0,0,1.978362,0,0,0,7,27,3,3,3,4,0,0,1,0,7,0,0,0,1.02,0,11,1.01,1,0,0,0,1.02,0.512516,1.03,0.102166,0.016944,0.100228,7,0,0.113349,0,0.294474,0
org.eclipse.jdt.internal.core.PackageFragmentRoot,1,0.239633,0.420587,1.01,1.01,0.072517,0.332746,6.12,0,13.146217,0.026173,1.01,3.06,1,2,45,0.030409,0,5.031803,1.01,0.058557,3.06,35,511,19,44,4,35,0.125,0,882,1.01,155,0.275201,0.014427,0.490082,3.03,5.94,59,11.2,3,0,4.05,0,8.11,1.00763,24.34,0.200015,0.928388,0.716987,74,29,0.391891,11.98,0.328193,0.277408
org.eclipse.jdt.internal.core.PackageFragmentRootInfo,2,0,0.03185,0,0,0.017471,0,1.01,0,5.228709,0,0,0,0,1,10,0,0,2.574416,0,0,0,15,105,3,9,3,5,0,0,30,0,29,0,0,0.105215,3.06,0,19,3.05,3,0,0,0,4.07,0.638437,1.03,0.287,0.016944,0.271853,7,1,0.345879,2.12,0.303903,0
org.eclipse.jdt.internal.core.ProjectReferenceChange,0,0,0,0,0,0.036618,0.028139,0,0,3.346652,0,0,1.01,0,0,3,0,0,1.974775,0,0,1.01,5,27,0,2,1,3,0,0,0,0,14,0.026668,0,0.089255,1.01,0,8,2.14,2,2,1.01,0,1.01,0.526506,0,0.088174,0,0.106546,0,2,0.088057,2.41,0.293958,0.026668
org.eclipse.jdt.internal.core.ReconcileWorkingCopyOperation,2,0.043376,0.025032,4.08,5.06,0.062628,0.028152,2.02,0,11.185453,0.082331,2.02,3.05,8,0,8,0.04239,0,3.864189,0,0,3.05,26,162,18,7,2,3,0,0,15,0,54,0.057058,0.096785,0.292272,3.1,3.13,26,7.36,9,0,2.03,0,4.1,0.65398,3.03,0.039363,0.141887,0.163119,50,2,0.051408,15.16,0.293927,0.057194
org.eclipse.jdt.internal.core.Region,1,0,0.101295,0,0,0.005843,0,4.05,0,3.250533,0,1.01,0,0,0,8,0.01747,0,0.789959,0,0,0,3,85,0,7,1,8,0,0,1,0,22,0,0,0.028316,2.06,0,11,2.08,1,0,0,0,5.09,0.053639,0,0.034175,0,0.029059,0,5,0.115123,2.2,0,0
org.eclipse.jdt.internal.core.RenameElementsOperation,0,0,0,0,0,0.00192,0,0,0,2.860689,0,0,0,0,0,5,0,0,0.681867,0,0,0,10,32,22,4,5,1,0,0,6,0,15,0,0,0.009385,1.01,0,11,2.02,0,0,0,0,1.01,0.045291,3.03,0.010493,0.141887,0.021205,65,0,0.010328,1.04,0,0
org.eclipse.jdt.internal.core.RenameResourceElementsOperation,0,0,0,0,0,0.002012,0,0,0,2.762642,0,0,0,0,0,4,0,0,0.652231,0,0.010493,0,8,26,25,3,5,2,0,0,3,1.01,12,0,0,0,0,0,10,1.01,0,0,0,0,0,0.040461,3.03,0,0.141887,0.010996,66,0,0,0,0,0
org.eclipse.jdt.internal.core.ResolvedBinaryField,0,0.011752,0.011046,0,0,0.008358,0.016742,1.02,0,4.247221,0,0,1.01,0,0,5,0,0,0.983869,0,0.058557,1.01,4,26,21,4,8,3,0,0,4,1.01,8,0.016785,0,0.02555,1.02,1.03,6,1.01,1,1,1.01,0,2.03,0.05735,27.62,0.017019,0.817998,0.015819,109,3,0.027134,2.07,0,0.016744
org.eclipse.jdt.internal.core.ResolvedBinaryMethod,0,0.011752,0.011046,0,0,0.011105,0.016742,1.02,0,4.247221,0,0,1.01,0,0,5,0,0,0.983869,0,0.073708,1.01,4,26,25,4,8,3,0,0,4,2.02,8,0.016785,0,0.02555,1.02,1.03,6,1.01,1,1,1.01,0,2.03,0.05735,23.54,0.017019,0.933108,0.015819,121,3,0.027134,2.07,0,0.016744
org.eclipse.jdt.internal.core.ResolvedBinaryType,0,0.011752,0.011046,0,0,0.0098,0.016742,1.03,0,5.603193,0,0,1.01,0,0,6,0,0,2.41427,0,0.073708,1.01,5,29,22,5,8,4,0,0,4,2.02,11,0.016785,0,0.02555,1.01,1.04,8,1.01,1,1,1.01,0,2.03,0.53638,28.58,0.017019,0.972462,0.015819,159,4,0.027134,2.07,0.295279,0.016744
org.eclipse.jdt.internal.core.ResolvedSourceField,0,0.1005,0.127871,0,0,0.009464,0.016742,2.02,0,5.678513,0,0,1.01,0,1,5,0,0,2.432135,1.01,0.058557,1.01,4,26,21,4,7,3,0.125,0,6,1.01,8,0.016785,0,0.02555,1.02,2.05,6,1.01,1,1,1.01,0,2.03,0.535848,26.35,0.017019,0.931799,0.015819,102,3,0.129919,2.07,0.294474,0.016744
org.eclipse.jdt.internal.core.ResolvedSourceMethod,0,0.1005,0.127871,0,0,0.012124,0.016742,2.02,0,5.678513,0,0,1.01,0,1,5,0,0,2.432135,1.01,0.058557,1.01,4,26,22,4,7,3,0.125,0,6,1.01,8,0.016785,0,0.02555,1.02,2.05,6,1.01,1,1,1.01,0,2.03,0.535848,25.36,0.017019,0.920377,0.015819,113,3,0.129919,2.07,0.294474,0.016744
org.eclipse.jdt.internal.core.ResolvedSourceType,0,0.1005,0.127871,0,0,0.010564,0.016742,2.02,0,6.235588,0,0,1.01,0,1,6,0,0,2.718205,1.01,0.058557,1.01,5,29,21,5,7,3,0.125,0,8,1.01,11,0.016785,0,0.02555,1.01,2.08,7,1.01,1,1,1.01,0,2.02,0.61543,24.33,0.017019,0.864997,0.015819,146,4,0.129919,2.07,0.295855,0.016744
org.eclipse.jdt.internal.core.SearchableEnvironment,4,0.242796,0.083144,0,1.01,0.048448,0.027858,2.02,0,10.810406,0,3.03,4.05,1,1,16,0.359882,0,3.90371,0,0,4.05,32,273,0,14,1,19,0,0,51,0,56,0.359379,0.008856,0.386735,3.06,4.22,48,7.19,6,0,2.02,0,5.08,0.723374,0,0.036407,0,0.401666,0,7,0.120389,10.05,0.353131,0.359263
org.eclipse.jdt.internal.core.SearchableEnvironmentRequestor,0,0,0,0,0,0.0064,0,0,0,3.436476,0,0,0,0,0,5,0,0,0.773574,0,0,0,19,52,12,3,2,1,0,0,1,0,23,0,0,0.018414,1.01,0,20,3.06,5,0,0,0,1.01,0.040468,0,0.0112,0,0.032016,12,3,0.011247,2.03,0,0
org.eclipse.jdt.internal.core.SelectionRequestor,2,0.038724,0,0,0,0.122254,0.024728,0,0,11.980734,0,1.02,3.08,0,0,24,0.021578,0,4.308568,0,0,3.08,55,811,0,23,1,3,0,0,223,0,104,0.047002,0,0.172987,10.14,5.72,56,10.23,5,0,2.05,0,10.14,0.787306,0,0.488603,0,0.510041,0,14,0.494593,13.03,0.353132,0.047002
org.eclipse.jdt.internal.core.SetClasspathOperation,0,0.032404,0,2.04,2.12,0.065997,0.018139,0,0,8.40799,0.028436,1.02,3.17,0,0,4,0.018377,0,3.167053,0,0.0149,3.17,11,47,19,3,3,1,0,1.01,0,1.01,21,0.040942,0.025413,0.193671,3.19,3.74,11,5.02,3,0,1.01,0,3.19,0.60546,4.07,0.164387,0.161242,0.051639,52,2,0.165122,11.34,0.295279,0.040962
org.eclipse.jdt.internal.core.SetContainerOperation,4,0,0,0,0,0.037657,0,0,0,5.081644,0,2.04,2.04,0,0,6,0.044802,0,30.712521,0,0,2.04,14,136,19,5,3,1,0,0,0,0,41,0.044647,0,0.075651,2.02,0,15,4.07,3,0,0,0,2.02,0.846205,1.01,0.155672,0.119499,0.088494,53,0,0.156634,4.19,0.577414,0.044647
org.eclipse.jdt.internal.core.SetVariablesOperation,3,0.017596,0,0,0,0.032803,0,0,0,3.235583,0,2.04,2.04,0,0,5,0.052104,0,30.225168,0,0,2.04,13,131,19,4,3,1,0,0,4,0,48,0.052403,0,0.048077,1.01,1.04,14,2.04,3,0,0,0,1.01,0.804054,1.01,0.137072,0.119499,0.052214,53,0,0.137658,2.21,0.577414,0.052403
org.eclipse.jdt.internal.core.SimpleDelta,0,0,0,0,0,0.001763,0,0,0,2.221467,0,0,0,0,1,11,0,0,0.530096,0,0,0,1,68,0,10,1,3,0,0,29,0,15,0,0,0,0,0,4,0,2,0,0,0,0,0.034018,0,0,0,0,0,8,0,0,0,0
org.eclipse.jdt.internal.core.SingleTypeRequestor,0,0,0,0,0,0.001763,0,0,0,2.221467,0,0,0,0,0,10,0,0,0.530096,0,0,0,6,26,0,9,1,1,0,0,16,0,10,0,0,0,0,0,7,0,1,0,0,0,0,0.034018,0,0,0,0,0,9,0,0,0,0
org.eclipse.jdt.internal.core.SortElementsOperation,3,0.040112,0,1.01,2.02,0.074199,0.037394,0,0,7.825055,0.011702,2.02,3.06,1,0,11,0.035888,0,1.929372,0,0,3.06,21,153,18,10,2,1,0,0,45,0,57,0.051331,0.021609,0.059231,2.02,3.39,22,5.28,4,0,2.02,0,2.02,0.141919,3.03,0.036529,0.141887,0.080538,51,3,0.037353,5.81,0,0.051317
org.eclipse.jdt.internal.core.SourceAnnotationMethodInfo,0,0.007297,0.064524,2.03,1.01,0.009062,0.017492,1.01,0,4.515719,0.055879,0,1.01,3,0,2,0,0,2.197518,0,0.069482,1.01,2,8,12,1,7,3,0,1.01,0,2.03,2,0.014868,0.047918,0.06234,2.02,1.01,5,1.02,3,0,1.01,0.058824,2.03,0.52319,2.07,0.077301,0.028367,0.016209,25,1,0.080784,2.06,0.293907,0.014642
org.eclipse.jdt.internal.core.SourceConstructorInfo,0,0,0,0,0,0.001763,0,0,0,2.221467,0,0,0,0,0,5,0,0,0.530096,0,0.069482,0,1,14,11,4,6,1,0,1.01,6,2.03,5,0,0,0,0,0,2,0,1,1,0,0.058824,0,0.034018,2.07,0,0.028367,0,22,3,0,0,0,0
org.eclipse.jdt.internal.core.SourceField,0,0.025022,0.116826,0,0,0.012308,0.044545,1.01,0,5.738406,0,0,3.04,0,1,13,0,0,1.32919,0,0.058557,3.04,16,116,21,12,6,6,0,0,66,1.01,47,0.033775,0,0.06377,2.04,3.38,21,4.09,0,0,4.05,0,3.04,0.077572,27.39,0.02115,0.941892,0.052972,94,10,0.13516,6.31,0,0.033762
org.eclipse.jdt.internal.core.SourceFieldElementInfo,0,0.007698,0,0,1.01,0.003182,0.011271,0,0,4.247459,0,0,1.01,0,0,5,0,0,2.028528,0,0.058557,1.01,3,16,8,4,5,4,0,1.01,0,1.01,6,0.011239,0.010754,0.009796,0,1.04,7,1.01,2,0,1.01,0.058824,0,0.476588,1.03,0,0.016944,0.010568,16,2,0,1.04,0.293898,0.011239
org.eclipse.jdt.internal.core.SourceMapper,10,0.296394,0.443557,0,2.02,0.182668,0,7.07,0.125,13.361273,0,3.03,3.03,2,0,42,0.12408,1.01,4.982812,0,0,3.03,48,943,0,40,2,14,0,0,694,0,162,0.145054,0.139814,0.593667,8.11,6.19,57,12.34,27,3,0,0,10.15,0.972091,1.02,0.289141,0.05538,0.586183,9,26,0.54835,20,0.326842,0.144646
org.eclipse.jdt.internal.core.SourceMethod,0,0.098643,0.140373,0,0,0.015047,0.101626,3.03,0,8.240075,0,0,5.07,0,1,29,0,0,3.176501,0,0.058557,5.07,23,221,21,28,6,8,0,0,306,1.01,84,0.097427,0,0.126716,5.09,7.64,29,7.21,1,0,4.05,0,8.11,0.636249,27.38,0.259092,0.941892,0.13608,89,22,0.417669,7.71,0.303327,0.096804
org.eclipse.jdt.internal.core.SourceMethodElementInfo,0,0.007698,0.011259,0,1.02,0.004259,0.011271,1.01,0,4.247459,0,0,1.04,0,2,11,0,0,2.028528,0,0.058557,1.04,9,42,8,10,5,7,0,1.01,39,1.01,14,0.011239,0.010754,0.009796,1.01,1.4,16,1.06,3,0,1.02,0.058824,0,0.476588,1.03,0.0112,0.016944,0.010568,16,7,0,1.18,0.293898,0.011239
org.eclipse.jdt.internal.core.SourceMethodInfo,0,0,0.251878,0,0,0.001763,0,2.02,0,2.221467,0,0,0,0,1,5,0,0,0.530096,0,0.069482,0,1,15,11,4,6,2,0,1.01,4,2.03,5,0,0,0,0,0,3,0,1,0,0,0.058824,2.02,0.034018,2.07,0,0.028367,0,22,3,0.243933,0,0,0
org.eclipse.jdt.internal.core.SourceRange,0,0,0.067305,0,0,0.003033,0.020699,2.03,0,2.73075,0,0,1.02,0,0,6,0,0,0.663875,0,0,1.02,1,31,0,5,1,13,0,0,0,0,12,0.018911,0,0.019279,0,0,14,1.04,2,0,1.02,0,2.03,0.045335,0,0,0,0.019837,0,5,0.063812,1.09,0,0.018911
org.eclipse.jdt.internal.core.SourceRefElement,0,0.06577,0.246981,0,0,0.006425,0.08111,7.15,0,6.80593,0,0,3.04,1,7,27,0,0,2.806116,1.01,0.058557,3.04,22,170,19,26,3,38,0.05567,0,305,1.01,66,0.080844,0,0.070568,2.06,3.86,57,4.08,1,0,3.04,0,7.19,0.591145,23.32,0.060236,0.837372,0.08585,50,21,0.240226,4.19,0.294475,0.081068
org.eclipse.jdt.internal.core.SourceRefElementInfo,0,0,0.056439,0,0,0.001763,0,1.01,0,2.221467,0,0,0,0,3,6,0,0,0.530096,1.01,0,0,3,18,2,5,2,6,0.05567,0,0,0,7,0,0,0,0,0,9,0,2,0,0,0,1.01,0.034018,1.03,0,0.016944,0,5,2,0.053205,0,0,0
org.eclipse.jdt.internal.core.SourceType,0,0.135419,0.116826,0,0,0.026227,0.168333,1.02,0,12.098416,0,0,6.09,0,1,62,0,0,4.092224,0,0.058557,6.09,59,578,21,61,6,14,0,0,1830,1.01,160,0.153119,0,0.197963,7.11,11.4,66,9.29,0,0,6.08,0,7.11,0.686211,27.37,0.26183,0.941892,0.183985,90,59,0.280481,13.22,0.294475,0.152493
org.eclipse.jdt.internal.core.SourceTypeElementInfo,0,0.038138,0.023073,0,2.04,0.006939,0.056676,2.02,0.010599,5.565958,0,0,4.08,0,0,24,0,1.01,2.345549,0,0.058557,4.08,19,200,8,23,5,13,0,1.01,187,1.01,39,0.053021,0.022683,0.043754,2.07,5.67,31,4.1,10,0,4.05,0.058824,3.07,0.497305,1.03,0.02375,0.016944,0.046745,16,19,0.036129,4.54,0.293898,0.053029
org.eclipse.jdt.internal.core.TypeParameter,0,0.040215,0.1315,0,0,0.01088,0.012187,2.03,0,5.182468,0,0,3.04,0,1,11,0,0,2.248812,1.01,0.058557,3.04,14,59,20,10,4,12,0.125,0,45,1.01,25,0.076123,0,0.092639,4.14,3.37,26,5.26,2,0,1.02,0,6.15,0.488535,19.28,0.096411,0.804987,0.10647,70,8,0.222007,5.48,0.293898,0.076132
org.eclipse.jdt.internal.core.TypeParameterElementInfo,0,0,0,0,0,0.001763,0,0,0,2.221467,0,0,0,3,0,1,0,0,0.530096,0,0,0,1,5,4,0,3,7,0,0,0,0,1,0,0,0,0,0,8,0,3,0,0,0,0,0.034018,1.03,0,0.016944,0,10,0,0,0,0,0
org.eclipse.jdt.internal.core.TypeVector,0,0,0,0,0,0.001763,0,0,0,2.221467,0,0,0,2,0,13,0,0,0.530096,0,0,0,1,91,0,10,1,2,0,0,0,0,19,0,0,0,0,0,3,0,5,0,0,0,0,0.034018,0,0,0,0,0,10,0,0,0,0
org.eclipse.jdt.internal.core.UserLibrary,0,0.02723,0,0,0,0.012086,0.044046,0,0,6.243498,0,0,0,0,0,8,0,0,2.45599,0,0,0,9,134,0,7,1,3,0,0,3,0,63,0,0,0.019489,3.06,1.03,12,3.08,10,10,1.02,0,3.06,0.489492,0,0.047132,0,0.032084,0,7,0.047223,2.18,0.293898,0
org.eclipse.jdt.internal.core.UserLibraryClasspathContainer,2,0.02723,0,0,0,0.01664,0,0,0,3.764466,0,1.01,1.01,0,0,7,0.043647,0,30.178217,0,0,1.01,7,38,0,6,1,2,0,0,9,0,14,0.043708,0,0.036458,1.02,1.05,8,1.03,1,1,0,0,1.02,0.7366,0,0.043111,0,0.041432,0,4,0.043882,1.09,0.576033,0.043708
org.eclipse.jdt.internal.core.UserLibraryClasspathContainerInitializer,3,0.02723,0,0,0,0.040101,0,0,0,3.764466,0,1.02,1.02,0,0,9,0.043647,0,30.178217,0,0.030303,1.02,11,53,2,8,2,0,0,0,28,1.02,23,0.043708,0,0.036458,1.03,1.13,11,1.05,0,0,0,0,1.03,0.7366,2.04,0.043111,0.044367,0.041432,9,5,0.043882,1.15,0.576033,0.043708
org.eclipse.jdt.internal.core.UserLibraryManager,1,0.02723,0.044392,1.01,2.05,0.076465,0.044046,1.01,0.067518,4.73558,0.045455,0,1.02,1,0,7,0,2.04,1.242476,0,0,1.02,10,122,0,6,1,4,0,0,0,0,44,0.043708,0.066677,0.10749,2.02,1.22,11,3.18,2,1,1.01,0,2.02,0.111143,0,0.026969,0,0.076407,0,5,0.027134,5.51,0,0.043708
org.eclipse.jdt.internal.core.VerboseElementCache,0,0,0,0,0,0.00497,0,0,0,0.703049,0,0,0,0,0,3,0,0,0.170341,0,0,0,4,31,11,2,4,1,0,0,0,0,19,0,0,0,0,0,5,0,2,2,0,0,0,0.011339,2.02,0,0.127393,0,35,1,0,0,0,0
org.eclipse.jdt.internal.core.XMLWriter,0,0.023892,0,0,2.04,0.02039,0.031567,0,0.027691,3.495261,0,1.04,2.09,0,0,1,0.01747,2.04,0.819614,0,0,2.09,3,5,0,0,4,3,0,1.01,0,0,3,0.029027,0.029951,0.067342,2.03,3.29,6,2.24,0,0,2.05,0,2.03,0.049758,1.04,0.030739,0.018283,0.0275,4,0,0.030364,7.01,0,0.029268
org.eclipse.jdt.internal.core.builder.AbortIncrementalBuildException,0,0,0,0,0,0.001763,0,0,0,2.221467,0,0,0,0,0,1,0,0,0.530096,0,0,0,0,7,0,0,4,2,0,0,0,0,1,0,0,0,0,0,2,0,2,1,0,0,0,0.034018,0,0,0,0,0,0,0,0,0,0
org.eclipse.jdt.internal.core.builder.AbstractImageBuilder,0,0.211562,0,2.07,4.09,0.181057,0.026693,0,0,16.974902,0.023055,0,6.13,8,2,28,0,0,5.634356,0,0,6.13,45,593,0,27,1,3,0,0,223,0,159,0.132989,0.062924,0.413845,10.18,12.19,46,18.58,20,1,1.01,0,10.17,0.907427,0,0.304137,0,0.453426,0,2,0.326459,22.77,0.304707,0.132774
org.eclipse.jdt.internal.core.builder.AdditionalTypeCollection,0,0,0,0,0,0.001763,0,0,0,2.221467,0,0,0,0,0,1,0,0,0.530096,0,0,0,1,7,10,0,2,1,0,0,0,0,2,0,0,0,0,0,2,0,1,0,0,0,0,0.034018,1.01,0,0.014815,0,7,0,0,0,0,0
org.eclipse.jdt.internal.core.builder.BatchImageBuilder,1,0.14792,0.014777,0,2.03,0.076781,0,1.02,0,10.700579,0,1.01,6.09,0,0,13,0.151355,0,4.01409,0,0.063652,6.09,22,191,19,12,2,3,0,0,34,4.09,68,0.238057,0.028275,0.31251,5.1,6.59,22,8.31,3,0,0,0,5.1,0.770387,7.14,0.220879,0.151263,0.244341,22,2,0.237416,9.09,0.304707,0.238085
org.eclipse.jdt.internal.core.builder.BuildNotifier,0,0,0.034483,0,2.02,0.0059,0,1.01,0,4.109074,0,0,0,4,0,16,0,0,1.996769,0,0,0,5,196,0,15,1,5,0,0,55,0,42,0,0.089678,0.036504,3.03,0,10,2.02,15,0,0,0,2.02,0.474089,0,0.090508,0,0.049067,0,12,0.045935,2.06,0.293898,0
org.eclipse.jdt.internal.core.builder.ClasspathDirectory,0,0.019411,0,0,1.01,0.01146,0.012187,0,0,4.644079,0,0,1.01,0,1,13,0,0,1.073085,0,0,1.01,10,102,0,12,2,7,0,0,30,0,36,0.011945,0.01435,0.031705,3.04,2.17,16,2.04,5,0,1.01,0,3.04,0.061722,1.01,0.037126,0.012521,0.024852,5,9,0.037152,3.23,0,0.011954
org.eclipse.jdt.internal.core.builder.ClasspathJar,0,0.024677,0,0,1.01,0.016562,0.024845,0,0,6.775157,0,0,2.02,0,0,12,0,0,1.654152,0,0,2.02,10,133,0,9,2,4,0,0,0,0,47,0.024039,0.012151,0.091878,3.03,3.09,13,4.06,8,0,2.02,0,3.03,0.11702,1.01,0.038199,0.012521,0.062646,7,8,0.037763,7.25,0,0.024049
org.eclipse.jdt.internal.core.builder.ClasspathLocation,0,0.017924,0,0,0,0.004651,0.012187,0,0,4.06549,0,0,2.02,0,3,13,0,0,0.949376,0,0,2.02,5,28,0,12,1,8,0,0,66,0,17,0.024039,0,0.020795,0,2.21,11,2.03,0,0,1.01,0,0,0.05671,0,0,0,0.023208,0,8,0,2.04,0,0.024049
org.eclipse.jdt.internal.core.builder.ClasspathMultiDirectory,0,0,0,0,0,0.000789,0,0,0,1.644882,0,0,0,0,0,4,0,0,0.367016,0,0.015152,0,3,35,5,3,3,8,0,0,0,1.01,11,0,0,0,0,0,11,1.01,4,0,0,0,0,0.018613,2.02,0,0.024679,0.010056,14,2,0,0,0,0
org.eclipse.jdt.internal.core.builder.CompilationParticipantResult,0,0.021221,0.009624,0,1.01,0.022557,0.028882,1.01,0,2.912199,0,0,2.09,0,1,3,0,0,0.704275,1.01,0,2.09,2,26,0,2,1,4,0,0,1,0,4,0.028955,0.013349,0.020554,1.01,2.24,6,2.11,6,0,2.08,0,0,0.046632,0,0.016293,0,0.028259,0,1,0,2.61,0,0.028896
org.eclipse.jdt.internal.core.builder.ICompilationUnitLocator,0,0,0,0,0,0.001269,0,0,0,0.363681,0,0,0,0,0,1,0,0,0.101479,0,0,0,1,3,0,1,0,1,0,0,0,0,1,0,0,0,0,0,2,0,0,0,0,0,0,0.010102,0,0,0,0,0,1,0,0,0,0
org.eclipse.jdt.internal.core.builder.ImageBuilderInternalException,0,0,0,0,0,0.005657,0.037938,0,0,3.522736,0,0,1.01,0,0,3,0,0,1.830478,0,0,1.01,0,19,0,2,4,2,0,0,0,0,7,0.038586,0,0.029908,0,0,2,1.06,2,1,1.01,0,0,0.453561,0,0,0,0.036053,0,2,0,1.09,0.293898,0.038586
org.eclipse.jdt.internal.core.builder.IncrementalImageBuilder,0,0.182152,0.014777,0,1.01,0.117953,0,1.01,0,11.800646,0,2.02,4.07,1,0,27,0.032963,0,4.648565,0,0.063652,5.09,32,735,19,24,2,2,0,0,198,4.09,163,0.197252,0.017241,0.744305,5.06,7.2,32,10.32,9,0,0,0,5.06,0.951619,7.14,0.229464,0.151263,0.427406,19,2,0.246701,16.01,0.36394,0.183025
org.eclipse.jdt.internal.core.builder.JavaBuilder,15,0.195916,0.152615,3.03,5.05,0.098437,0,5.06,0,16.685682,0.184893,3.03,6.06,4,0,32,0.067334,0,5.528319,0,0,6.06,27,632,0,31,2,11,0,0,231,0,142,0.145752,0.281827,0.524115,8.11,12.18,31,16.35,14,0,0,0,10.13,0.893849,0,0.209604,0,0.391306,0,11,0.261389,23.78,0.303903,0.145575
org.eclipse.jdt.internal.core.builder.MissingSourceFileException,0,0,0,0,0,0.001763,0,0,0,2.221467,0,0,0,0,0,1,0,0,0.530096,0,0,0,0,7,0,0,4,2,0,0,0,0,1,0,0,0,0,0,2,0,2,1,0,0,0,0.034018,0,0,0,0,0,0,0,0,0,0
org.eclipse.jdt.internal.core.builder.NameEnvironment,4,0.019843,0,0,1.01,0.016585,0,0,0,8.267281,0,1.01,1.01,0,0,12,0.034483,0,3.363178,0,0,1.01,21,268,0,10,1,6,0,0,25,0,81,0.034483,0.032634,0.179554,2.02,1.09,27,5.08,6,0,0,0,2.02,0.706362,0,0.195603,0,0.238079,0,5,0.214804,6.32,0.303903,0.034483
org.eclipse.jdt.internal.core.builder.NameSet,1,0,0,0,0,0.001763,0,0,0,2.221467,0,0,0,3,0,4,0,0,0.530096,0,0,0,1,43,0,3,1,1,0,0,0,0,7,0,0,0,0,0,2,0,3,0,0,0,0,0.034018,0,0,0,0,0,2,0,0,0,0
org.eclipse.jdt.internal.core.builder.ProblemFactory,0,0,0.011259,0,0,0.001763,0,1.01,0,2.221467,0,0,0,0,0,2,0,0,0.530096,0,0,0,2,12,1,1,2,2,0,0,0,0,6,0,0,0,0,0,4,0,1,0,0,0,1.01,0.034018,2.03,0,0.076716,0,8,1,0.011247,0,0,0
org.eclipse.jdt.internal.core.builder.QualifiedNameSet,1,0,0,0,0,0.001763,0,0,0,2.221467,0,0,0,3,0,4,0,0,0.530096,0,0,0,1,45,0,3,1,1,0,0,0,0,7,0,0,0,0,0,2,0,3,0,0,0,0,0.034018,0,0,0,0,0,2,0,0,0,0
org.eclipse.jdt.internal.core.builder.ReferenceCollection,0,0.017623,0.014777,0,0,0.013843,0.076383,1.01,0,4.166257,0,0,1.01,0,1,9,0,0,1.994252,0,0,1.01,6,189,0,8,1,4,0,0,16,0,20,0.013694,0,0.036044,0,2.07,10,1.02,10,0,1.08,0,1.01,0.471409,0,0,0,0.013461,0,8,0.014517,3.32,0.293929,0.013687
org.eclipse.jdt.internal.core.builder.SourceFile,0,0,0.024401,1.01,0,0.001021,0.010549,2.02,0,2.494902,0.015787,0,1.01,1,0,11,0,0,0.582014,0,0,1.01,6,75,0,9,1,8,0,0,0,0,31,0.01075,0,0.00938,0,0,14,1.02,4,0,1.01,0,2.02,0.034623,0,0,0,0.010996,0,7,0.025969,1.03,0,0.010706
org.eclipse.jdt.internal.core.builder.State,6,0.107634,0.014154,2.02,0,0.030428,0.105676,1.01,0,9.445908,0.041215,1.02,4.05,3,0,30,0.010592,0,3.334482,0,0,4.05,16,530,0,28,1,6,0,0,202,0,102,0.16178,0,0.236272,2.03,4.97,20,7.11,17,3,2.05,0,2.03,0.582378,0,0.026995,0,0.193095,0,6,0.025202,10.67,0.293929,0.16178
org.eclipse.jdt.internal.core.builder.StringSet,1,0,0.017559,0,0,0.001763,0,1.01,0,2.221467,0,0,0,3,0,6,0,0,0.530096,0,0,0,0,58,0,5,1,4,0,0,0,0,8,0,0,0,0,0,4,0,3,0,0,0,1.01,0.034018,0,0,0,0,0,4,0.017171,0,0,0
org.eclipse.jdt.internal.core.builder.WorkQueue,0,0,0,0,0,0.003292,0,0,0.011697,3.14772,0,0,0,0,0,8,0,1.02,0.74789,0,0,0,2,32,0,7,1,3,0,0,0,0,13,0,0,0,1.01,0,5,0,2,2,0,0,1.01,0.047337,0,0.011741,0,0,0,7,0.010293,0,0,0
org.eclipse.jdt.internal.core.dom.NaiveASTFlattener,5,0,0,0,0,0.096579,0,0,0,0.643359,0,0,0,0,0,94,0,0,0.2682,0,0,0,93,1181,0,93,2,1,0,0,0,0,308,0,0,0,0,0,93,0,3,2,0,0,0,0.058487,0,0,0,0,85,85,0,0,0.000029,0
org.eclipse.jdt.internal.core.dom.rewrite.ASTRewriteAnalyzer,39,0.092328,0,0,3.03,0.147461,0.023509,0,0.029303,15.607131,0,5.06,6.1,0,0,150,0.077337,2.02,3.865431,0,0,6.1,106,2293,0,149,2,2,0,0,10418,0,293,0.104804,0.041253,0.208937,4.05,24.3,108,11.24,12,9,1.02,0,4.05,0.291408,0,0.059089,0,0.166332,85,85,0.058865,15.25,0,0.10494
org.eclipse.jdt.internal.core.dom.rewrite.ASTRewriteFlattener,0,0,0,0,2.02,0.01206,0,0,0.024023,4.474813,0,0,0,0,0,95,0,1.01,1.077872,0,0,0,93,917,0,94,2,2,0,0,0,0,126,0,0.03463,0.029017,1.01,0,95,0,3,1,0,0,1.01,0.071738,0,0.023945,0,0,85,87,0.021418,2.07,0,0
org.eclipse.jdt.internal.core.dom.rewrite.ASTRewriteFormatter,3,0.017127,0,3.03,3.03,0.094324,0.029477,0,0,7.885034,0.081963,0,2.04,22,0,16,0,1.06,2.874107,0,0,2.04,12,245,0,15,1,1,0,0,67,0,56,0.02997,0.082323,0.094424,1.01,2.18,13,2.08,28,6,2.04,0,1.01,0.526842,0,0.02,0,0.029398,0,12,0.019394,5.37,0.293898,0.029925
org.eclipse.jdt.internal.core.dom.rewrite.ImportRewriteAnalyzer,16,0.030285,0,0,2.02,0.215131,0,0,0.047111,3.917754,0,2.02,2.02,0,0,27,0.045729,2.02,1.337099,0,0,2.02,20,545,0,26,1,1,0,0,231,0,122,0.043925,0.045705,0.089436,3.03,2.42,21,3.12,13,13,0,0,3.03,0.237099,0,0.063351,0,0.05906,0,8,0.05438,4.26,0.059233,0.043925
org.eclipse.jdt.internal.core.dom.rewrite.LineCommentEndOffsets,1,0,0,0,0,0.010713,0,0,0,1.829125,0,0,0,0,0,5,0,0,0.468506,0,0,0,4,54,0,4,1,1,0,0,6,0,12,0,0,0,1.01,0,5,0,2,2,0,0,1.01,0.037068,0,0.023945,0,0,0,3,0.021418,0,0,0
org.eclipse.jdt.internal.core.dom.rewrite.LineInformation,0,0,0,0,0,0.006256,0,0,0,1.846928,0,0,0,0,0,5,0,0,0.453231,0,0,0,1,12,0,4,1,3,0,0,6,0,6,0,0,0,0,0,4,0,0,0,0,0,0,0.03144,0,0,0,0,0,4,0,0,0,0
org.eclipse.jdt.internal.core.dom.rewrite.ListRewriteEvent,1,0,0,0,0,0.004389,0,0,0,3.387265,0,0,0,3,0,16,0,0,1.813416,0,0,0,3,138,5,14,2,3,0,0,87,0,39,0,0,0.045999,0,0,6,1.02,5,2,0,0,0,0.459674,0,0,0,0.055472,0,13,0,1.04,0.293899,0
org.eclipse.jdt.internal.core.dom.rewrite.NodeInfoStore,1,0,0,0,0,0.001698,0,0,0,3.33386,0,0,0,0,0,9,0,0,0.773158,0,0,0,11,79,0,8,1,5,0,0,14,0,30,0,0,0.009385,1.02,0,16,1.02,3,3,0,0,1.02,0.04509,0,0.010493,0,0.01021,0,7,0.010328,1.03,0,0
org.eclipse.jdt.internal.core.dom.rewrite.NodeRewriteEvent,0,0,0,0,0,0.001646,0,0,0,2.221467,0,0,0,0,0,8,0,0,0.530096,0,0,0,1,63,5,7,2,4,0,0,13,0,14,0,0,0,0,0,5,0,2,2,0,0,0,0.034018,0,0,0,0,0,7,0,0,0,0
org.eclipse.jdt.internal.core.dom.rewrite.RewriteEvent,0,0,0,0,0,0.001646,0,0,0,2.221467,0,0,0,5,2,6,0,0,0.530096,0,0,0,0,12,0,5,1,7,0,0,10,0,6,0,0,0,0,0,7,0,5,0,0,0,0,0.034018,0,0,0,0,0,5,0,0,0,0
org.eclipse.jdt.internal.core.dom.rewrite.RewriteEventStore,13,0.016604,0,0,1.01,0.057437,0,0,0.012195,4.635619,0,1.06,1.06,3,0,43,0.009937,1.01,1.180413,0,0,1.06,9,453,0,42,1,6,0,0,755,0,124,0.01142,0.011509,0.061192,1.03,4.19,15,3.32,12,5,0,0,1.03,0.099348,0,0.011459,0,0.073588,0,29,0.01064,4.26,0,0.01142
org.eclipse.jdt.internal.core.dom.rewrite.SourceModifier,0,0,0,0,1.01,0.002675,0,0,0.011697,3.297758,0,0,0,0,0,3,0,1.01,0.771072,0,0,0,1,23,0,2,1,1,0,0,1,0,8,0,0.010452,0.00938,0,0,2,0,4,4,0,0,0,0.046116,0,0,0,0,0,2,0,1.02,0,0
org.eclipse.jdt.internal.core.dom.rewrite.TokenScanner,0,0.01153,0,0,1.01,0.019404,0.014406,0,0.011446,3.34145,0,1.03,1.05,3,0,18,0.014141,1.01,0.792184,0,0,1.07,4,105,0,17,1,1,0,0,116,0,25,0.014206,0.012643,0.010701,1.02,1.83,5,1.17,5,2,1.02,0,1.02,0.049644,0,0.013868,0,0.012588,0,17,0.014061,2.19,0,0.014342
org.eclipse.jdt.internal.core.dom.rewrite.TrackedNodePosition,0,0,0,0,0,0.003129,0,0,0,2.839439,0,0,0,0,0,3,0,0,0.671116,0,0,0,3,28,0,2,1,1,0,0,0,0,10,0,0,0.01009,1.01,0,4,0,2,2,0,0,1.01,0.041743,0,0.012138,0,0,0,2,0.011388,1.08,0,0
org.eclipse.jdt.internal.core.eval.EvaluationContextWrapper,0,0.017596,0,0,0,0.006028,0.024776,0,0,4.7359,0,0,1.01,0,0,27,0,0,2.256237,0,0,1.01,40,244,0,26,1,1,0,0,105,0,70,0.025736,0,0.114445,0,1.03,40,1.02,2,0,1.01,0,0,0.535342,0,0,0,0.025573,0,21,0,2.04,0.294474,0.025736
org.eclipse.jdt.internal.core.eval.GlobalVariableWrapper,0,0,0,0,0,0.001763,0,0,0,2.221467,0,0,0,0,0,4,0,0,0.530096,0,0,0,2,20,0,3,1,1,0,0,0,0,8,0,0,0,0,0,3,0,1,0,0,0,0,0.034018,0,0,0,0,0,3,0,0,0,0
org.eclipse.jdt.internal.core.eval.RequestorWrapper,0,0,0,0,0,0.002195,0,0,0,3.400163,0,0,0,0,0,3,0,0,0.831434,0,0,0,7,38,0,2,1,1,0,0,0,0,19,0,0,0.015617,2.02,0,8,0,1,0,0,0,2.02,0.058343,0,0.040623,0,0,0,2,0.035942,1.01,0,0
org.eclipse.jdt.internal.core.hierarchy.ChangeCollector,12,0,0,0,0,0.002051,0,0,0,2.839439,0,0,0,0,0,16,0,0,0.671116,0,0,0,12,351,0,15,1,1,0,0,0,0,70,0,0,0.01009,0,0,12,1.01,2,0,0,0,0,0.041743,0,0,0,0.011391,0,3,0,1.01,0,0
org.eclipse.jdt.internal.core.hierarchy.HierarchyBinaryType,0,0.10988,0,0,2.02,0.009425,0.152267,0,0.03094,4.826837,0,0,4.04,0,0,22,0,2.02,2.220554,0,0,4.04,10,158,0,21,1,0,0,0,186,0,38,0.150806,0.030084,0.138906,1.01,4.73,10,3.03,8,8,4.04,0,1.01,0.515075,0,0.014577,0,0.133091,0,21,0.014524,5.31,0.294104,0.150841
org.eclipse.jdt.internal.core.hierarchy.HierarchyBuilder,0,0,0,0,0,0.015278,0,0,0,5.126848,0,0,0,0,2,11,0,0,1.225648,0,0,0,31,230,0,10,1,5,0,0,33,0,67,0,0,0.052601,2.02,0,34,3.05,5,0,0,0,2.02,0.079034,0,0.0225,0,0.042353,0,2,0.023416,4.52,0,0
org.eclipse.jdt.internal.core.hierarchy.HierarchyResolver,11,0.021634,0,0,1.01,0.106313,0,0,0.083333,13.116518,0,1.01,1.01,0,0,21,0.018377,1.01,4.843724,0,0,1.01,62,620,0,19,1,4,0,0,29,0,120,0.015739,0.083333,0.480483,6.08,2.18,65,9.15,10,8,0,0,6.08,0.901478,0,0.30882,0,0.348696,0,7,0.30302,14.14,0.29472,0.015739
org.eclipse.jdt.internal.core.hierarchy.HierarchyType,0,0.007852,0,1.01,1.01,0.002364,0.013457,0,0,2.650692,0.012761,0,1.01,5,0,4,0,0,0.630134,0,0,1.01,5,28,0,3,1,2,0,0,3,0,7,0.012582,0.012843,0.010541,0,1.03,7,1.01,5,0,1.01,0,0,0.039898,0,0,0,0.011058,0,3,0,1.06,0,0.012582
org.eclipse.jdt.internal.core.hierarchy.IndexBasedHierarchyBuilder,3,0,0,0,1.01,0.024155,0,0,0,11.114538,0,0,0,1,0,9,0,0,2.784034,0,0,0,48,310,5,8,2,1,0,0,18,0,101,0,0.013663,0.093244,3.04,0,48,6.13,4,0,0,0,3.04,0.21842,5.06,0.041302,0.442967,0.090381,8,2,0.043833,7.28,0.000001,0
org.eclipse.jdt.internal.core.hierarchy.RegionBasedHierarchyBuilder,5,0,0,0,0,0.014082,0,0,0,4.598966,0,0,0,0,0,7,0,0,1.14668,0,0,0,20,153,5,6,2,1,0,0,15,0,47,0,0,0.062006,1.02,0,20,3.12,0,0,0,0,1.02,0.086532,0,0.011754,0,0.044204,9,1,0.01364,4.17,0,0
org.eclipse.jdt.internal.core.hierarchy.RegionBasedTypeHierarchy,2,0,0,0,0,0.008714,0,0,0,3.536163,0,0,0,0,0,9,0,0,0.92177,0,0,0,17,90,33,8,2,2,0,0,22,0,33,0,0,0.024405,1.01,0,18,2.03,1,0,0,0,1.01,0.083281,0,0.018601,0,0.026499,47,2,0.018976,2.07,0,0
org.eclipse.jdt.internal.core.hierarchy.TypeHierarchy,19,0.008961,0,0,0,0.027971,0,0,0,7.851976,0,0,0,4,1,73,0,0,2.013044,0,0,0,35,1104,0,70,1,12,0,0,1989,0,188,0,0,0.053942,1.01,1.2,44,6.08,33,0,0,0,1.01,0.168438,0,0.011741,0,0.119216,0,32,0.010293,3.19,0,0
org.eclipse.jdt.internal.core.index.DiskIndex,24,0.092186,0.026503,0,5.13,0.322253,0,1.01,0.064172,17.64207,0,3.07,4.08,2,0,33,0.064589,4.12,4.500272,0,0,4.08,13,1068,0,32,1,3,0,0,8,0,94,0.090186,0.104513,0.191322,3.03,7.55,14,7.2,28,24,0,0,3.04,0.373412,0,0.052864,0,0.176478,0,0,0.050697,14.97,0,0.090128
org.eclipse.jdt.internal.core.index.EntryResult,0,0,0.025933,0,0,0.003931,0,2.02,0,3.78176,0,0,0,0,0,6,0,0,0.918615,0,0,0,5,58,0,5,1,12,0,0,0,0,12,0,0,0.00938,1.01,0,15,0,3,3,0,0,3.03,0.062801,0,0.023945,0,0,0,5,0.046726,1.09,0,0
org.eclipse.jdt.internal.core.index.Index,0,0.016322,0.036144,1.01,2.03,0.031781,0,3.03,0.080465,7.50088,0,0,0,3,0,13,0,2.02,1.928713,0,0,0,10,140,0,12,1,27,0,0,8,0,41,0,0.053012,0.199168,2.02,2.04,34,4.09,7,0,0,0,4.04,0.165158,0,0.022689,0,0.05928,0,12,0.046853,10.36,0,0
org.eclipse.jdt.internal.core.index.MemoryIndex,0,0,0,0,1.02,0.002394,0,0,0,3.316626,0,0,0,1,0,7,0,0,0.781092,0,0,0,7,100,0,6,1,2,0,0,0,0,22,0,0.009452,0.023229,1.01,0,8,2.02,5,0,0,0,1.01,0.047915,0,0.011741,0,0.026008,0,0,0.010293,2.17,0,0
org.eclipse.jdt.internal.core.jdom.AbstractDOMBuilder,0,0,0,0,0,0.001763,0,0,0,2.221467,0,0,0,0,2,10,0,0,0.530096,0,0,0,9,92,0,9,2,3,0,0,4,0,23,0,0,0,0,0,12,0,8,0,0,0,0,0.034018,1.02,0,0.05538,0,9,6,0,0,0,0
org.eclipse.jdt.internal.core.jdom.CompilationUnit,0,0,0,0,0,0.001763,0,0,0,2.221467,0,0,0,0,0,6,0,0,0.530096,0,0,0,1,32,0,5,1,2,0,0,8,0,11,0,0,0,0,0,3,0,3,0,0,0,0,0.034018,0,0,0,0,0,5,0,0,0,0
org.eclipse.jdt.internal.core.jdom.DOMBuilder,0,0,0,0,0,0.002088,0,0,0,3.75694,0,0,0,0,0,32,0,0,0.933939,0,0,0,26,399,8,31,3,2,0,0,365,0,76,0,0,0.017581,0,0,27,1.01,4,0,0,0,0,0.069903,1.02,0,0.05538,0.010568,16,25,0,1.03,0,0
org.eclipse.jdt.internal.core.jdom.DOMCompilationUnit,0,0,0,0,0,0.002049,0,0,0,3.38017,0,0,0,0,0,16,0,0,0.791227,0,0,0,14,93,24,14,2,5,0,0,85,0,34,0,0,0,2.02,0,18,2.02,1,0,0,0,2.02,0.047726,0,0.022941,0,0.021564,42,9,0.02154,0,0,0
org.eclipse.jdt.internal.core.jdom.DOMField,0,0,0,0,0,0.003624,0,0,0,3.998142,0,0,0,0,0,41,0,0,0.932248,0,0,0,19,325,29,38,3,2,0,0,625,0,96,0,0,0,2.02,0,20,3.04,4,0,0,0,2.02,0.05545,0,0.023879,0,0.032955,48,13,0.021681,0,0,0
org.eclipse.jdt.internal.core.jdom.DOMImport,0,0,0,0,0,0.002674,0,0,0,3.380614,0,0,0,0,0,14,0,0,0.793252,0,0,0,12,75,24,11,2,2,0,0,51,0,31,0,0,0,2.02,0,14,2.03,2,0,0,0,2.02,0.048185,0,0.023879,0,0.022387,45,8,0.021681,0,0,0
org.eclipse.jdt.internal.core.jdom.DOMInitializer,0,0,0,0,0,0.002649,0,0,0,3.998142,0,0,0,0,0,18,0,0,0.932248,0,0,0,12,97,29,15,3,2,0,0,81,0,41,0,0,0,3.03,0,14,3.04,2,0,0,0,3.03,0.05545,0,0.035079,0,0.032955,56,7,0.032928,0,0,0
org.eclipse.jdt.internal.core.jdom.DOMMember,0,0,0,0,0,0.001963,0,0,0,3.26288,0,0,0,0,4,22,0,0,0.768861,0,0,0,6,151,24,20,2,5,0,0,148,0,44,0,0,0,0,0,11,0,5,0,0,0,0,0.047338,0,0,0,0,47,4,0,0,0,0
org.eclipse.jdt.internal.core.jdom.DOMMethod,0,0,0,0,0,0.003873,0,0,0,4.632182,0,0,0,0,0,42,0,0,1.102972,0,0,0,15,413,29,39,3,2,0,0,599,0,86,0,0,0,2.02,0,17,3.03,13,0,0,0,2.02,0.070915,0,0.023879,0,0.032955,53,23,0.021681,0,0,0
org.eclipse.jdt.internal.core.jdom.DOMNode,1,0,0.010211,0,0,0.003258,0,1.03,0,2.762642,0,0,0,0,4,54,0,0,0.652231,0,0,0,12,463,0,52,1,11,0,0,1124,0,76,0,0,0,0,0,21,1.01,24,0,0,0,1.03,0.040461,0,0,0,0.010996,0,21,0.010328,0,0,0
org.eclipse.jdt.internal.core.jdom.DOMPackage,0,0,0,0,0,0.002963,0,0,0,3.380614,0,0,0,0,0,11,0,0,0.793252,0,0,0,11,59,24,8,2,2,0,0,28,0,27,0,0,0.01009,2.02,0,13,2.03,0,0,0,0,2.02,0.048185,0,0.023879,0,0.022387,45,5,0.021681,1.01,0,0
org.eclipse.jdt.internal.core.jdom.DOMType,0,0,0,0,1.01,0.004801,0,0,0.024023,4.479598,0,0,0,0,0,40,0,1.01,1.079164,0,0,0,17,427,29,37,3,5,0,0,532,0,85,0,0.023876,0.031751,2.02,0,21,2.02,14,0,0,0,2.02,0.071971,0,0.035145,0,0.021564,52,20,0.032665,2.04,0,0
org.eclipse.jdt.internal.core.jdom.ILineStartFinder,0,0,0,0,0,0.001763,0,0,0,2.221467,0,0,0,0,0,1,0,0,0.530096,0,0,0,0,3,0,1,0,6,0,0,0,0,1,0,0,0,0,0,6,0,0,0,0,0,0,0.034018,0,0,0,0,0,1,0,0,0,0
org.eclipse.jdt.internal.core.jdom.SiblingEnumeration,0,0,0,0,0,0.001763,0,0,0,2.221467,0,0,0,0,0,3,0,0,0.530096,0,0,0,1,16,0,2,1,2,0,0,0,0,4,0,0,0,0,0,3,0,1,0,0,0,0,0.034018,0,0,0,0,0,2,0,0,0,0
org.eclipse.jdt.internal.core.jdom.SimpleDOMBuilder,0,0,0,0,0,0.004619,0,0,0,6.11711,0,0,0,0,0,19,0,0,2.66018,0,0,0,23,99,8,18,3,1,0,0,153,0,48,0,0,0.041864,2.02,0,24,3.03,0,0,0,0,2.02,0.582165,1.02,0.109651,0.05538,0.078127,17,15,0.116817,1.01,0.293928,0
org.eclipse.jdt.internal.core.search.AbstractJavaSearchScope,0,0,0.32529,0,0,0.003901,0,1.01,0,0.460139,0,0,0,0,2,3,0,0,0.331323,0,0,0,3,4,0,2,2,4,0,0,1,0,3,0,0,0,0,0,7,0,0,0,0,0,1.01,0.115035,0,0,0,0,5,2,0.325837,0,0.022909,0
org.eclipse.jdt.internal.core.search.AbstractSearchScope,0,0,0.012288,0,0,0.003119,0,1.01,0,3.656948,0,0,0,0,2,6,0,0,1.890586,0,0,0,2,13,0,5,1,4,0,0,10,0,6,0,0,0,0,0,6,0,0,0,0,0,1.01,0.466971,0,0,0,0,0,5,0.011677,0,0.293898,0
org.eclipse.jdt.internal.core.search.BasicSearchEngine,3,0.049267,0.277543,0,0,0.18345,0.039235,3.03,0,21.98816,0,3.03,6.08,1,0,28,0.044337,0,7.015212,0,0,6.08,67,801,0,25,1,8,0,0,224,0,143,0.080962,0,0.743429,9.13,7.67,70,19.43,5,4,3.04,0,10.14,1.075196,0,0.220021,0,0.767557,0,18,0.249562,29.3,0.353738,0.081271
org.eclipse.jdt.internal.core.search.HierarchyScope,3,0,0,0,0,0.008651,0,0,0,5.959382,0,0,0,2,0,12,0,0,2.664301,0,0,0,23,263,0,11,2,2,0,0,7,0,65,0,0,0.115545,1.01,0,25,2.04,10,6,0,0,1.01,0.59435,0,0.102166,0,0.128265,4,6,0.113349,2.04,0.294474,0
org.eclipse.jdt.internal.core.search.IRestrictedAccessTypeRequestor,0,0.009366,0.036332,0,0,0.003465,0.010871,2.02,0,2.768208,0,0,1.03,0,0,1,0,0,0.652836,0,0,1.03,1,3,0,1,0,6,0,0,0,0,1,0.011146,0,0.010495,0,1.06,7,1.03,0,0,1.03,0,2.02,0.040375,0,0,0,0.010556,0,1,0.035164,1.03,0,0.011131
org.eclipse.jdt.internal.core.search.IndexQueryRequestor,0,0,0.010211,0,0,0.001896,0,1.01,0,2.838995,0,0,0,0,1,2,0,0,0.669092,0,0,0,3,3,0,1,1,12,0,0,0,0,2,0,0,0,0,0,15,0,0,0,0,0,1.01,0.041283,0,0,0,0,0,1,0.010328,0,0,0
org.eclipse.jdt.internal.core.search.IndexSelector,2,0.008833,0,0,0,0.02149,0.011391,0,0,7.058921,0,0,1.01,0,0,6,0,0,2.884262,0,0,1.01,16,168,0,5,1,2,0,0,8,0,34,0.011522,0,0.125588,2.03,1.04,17,5.13,3,0,1.01,0,2.03,0.594814,0,0.030381,0,0.184374,0,3,0.031198,3.61,0.294474,0.011509
org.eclipse.jdt.internal.core.search.JavaSearchDocument,1,0.007172,0,0,0,0.002312,0,0,0,3.309541,0,1.01,1.01,0,0,7,0.014503,0,0.76366,0,0.016593,2.02,7,57,2,5,3,3,0,0,10,1.01,19,0.025101,0,0.019663,1.01,1.05,9,2.06,3,1,0,0,1.01,0.04379,0,0.014861,0,0.025615,4,4,0.015128,2.1,0,0.014177
org.eclipse.jdt.internal.core.search.JavaSearchParticipant,0,0,0,0,0,0.004606,0,0,0,4.745581,0,0,0,0,0,8,0,0,2.258263,0,0,0,12,46,0,7,2,3,0,0,15,0,25,0,0,0.071674,0,0,15,2.02,1,0,0,0,0,0.527097,6.09,0,0.180948,0.105948,2,7,0,1.02,0.293927,0
org.eclipse.jdt.internal.core.search.JavaSearchScope,8,0.030593,0.276626,0,2.04,0.262511,0.031248,3.04,0.032728,17.018303,0,2.03,2.03,1,0,21,0.024694,2.03,6.201204,1.01,0,3.04,22,498,0,19,3,4,0,1.01,87,0,103,0.042844,0.031484,0.948227,4.06,3.43,26,9.34,11,9,2.02,0,6.1,1.165026,0,0.271611,0,0.272903,4,9,0.539215,21.72,0.376686,0.032094
org.eclipse.jdt.internal.core.search.JavaSearchTypeNameMatch,0,0,0,0,0,0.012995,0,0,0,0.60229,0,0,0,0,0,8,0,0,0.15915,0,0,0,2,39,0,7,2,2,0,0,0,0,13,0,0,0,0,0,4,0,2,2,0,0,0,0.013688,0,0,0,0,6,7,0,0,0,0
org.eclipse.jdt.internal.core.search.JavaWorkspaceScope,0,0.203757,0.068616,0,2.02,0.027957,0.033371,4.04,0.248653,6.427942,0,0,3.03,0,0,10,0,3.03,2.746393,0,0.259872,3.03,16,150,0,9,3,4,0,0,34,2.03,46,0.033317,0.022374,0.178706,3.07,4.3,17,4.27,1,1,3.03,0,6.08,0.610214,3.07,0.254643,0.258788,0.235256,4,9,0.321908,5.84,0.316807,0.033235
org.eclipse.jdt.internal.core.search.PathCollector,0,0,0,0,0,0.001896,0,0,0,2.838995,0,0,0,1,0,3,0,0,0.669092,0,0,0,4,15,0,2,2,2,0,0,0,0,9,0,0,0,0,0,6,0,1,0,0,0,0,0.041283,0,0,0,0,0,2,0,0,0,0
org.eclipse.jdt.internal.core.search.PatternSearchJob,0,0.023402,0,0,0,0.006552,0.053343,0,0,5.688745,0,0,1.01,0,1,9,0,0,2.566186,0,0,1.01,13,79,0,8,1,4,0,0,18,0,24,0.051596,0,0.140071,1.01,1.07,16,5.07,6,0,1.01,0,1.01,0.580803,0,0.102166,0,0.198872,0,8,0.113349,3.22,0.294474,0.051596
org.eclipse.jdt.internal.core.search.SubTypeSearchJob,0,0,0,0,0,0.004478,0.119643,0,0,5.304474,0,0,1.01,0,0,4,0,0,2.429361,0,0,1.01,8,27,6,3,2,1,0,0,0,0,12,0.112373,0,0.108407,0,0,9,2.04,1,0,1.01,0,0,0.555274,4.04,0,0.208238,0.125047,6,3,0,2.11,0.294474,0.111958
org.eclipse.jdt.internal.core.search.TypeNameMatchRequestorWrapper,2,0.016994,0,0,1.01,0.031699,0,0,0.020957,4.057706,0,0,0,0,0,4,0,1.01,2.36994,0,0,0,21,122,0,3,1,2,0,0,0,0,32,0,0.023979,0.059838,2.03,1.01,23,1.03,6,5,0,0,2.03,0.648965,0,0.043752,0,0.022404,0,1,0.046711,3.29,0.317383,0
org.eclipse.jdt.internal.core.search.TypeNameRequestorWrapper,0,0,0,0,0,0.010634,0.010871,0,0,4.556744,0,0,1.03,0,0,2,0,0,1.097899,0,0,1.03,3,9,0,1,1,1,0,0,0,0,3,0.011146,0,0.010495,0,0,4,1.04,1,0,1.03,0,0,0.074628,0,0,0,0.010556,0,1,0,1.25,0,0.011131
org.eclipse.jdt.internal.core.search.indexing.AbstractIndexer,1,0.069845,0,0,0,0.010954,0.065248,0,0,7.301917,0,0,2.02,0,2,18,0,0,1.833807,0,0,2.02,11,142,0,17,1,3,0,0,134,0,31,0.077151,0,0.098172,1.01,2.29,14,2.05,1,0,1.01,0,1.01,0.148238,0,0.028139,0,0.075359,0,14,0.027751,5.2,0,0.076443
org.eclipse.jdt.internal.core.search.indexing.AddFolderToIndex,0,0,0,0,0,0.000897,0,0,0,1.966488,0,0,0,0,0,3,0,0,0.463528,0,0,0,11,54,3,2,2,1,0,0,0,0,19,0,0,0.013849,1.05,0,11,1.02,4,0,0,0,1.05,0.028541,1.01,0.015794,0.055525,0.015013,5,2,0.014298,1.01,0,0
org.eclipse.jdt.internal.core.search.indexing.AddJarFileToIndex,0,0.023402,0,0,1.01,0.010019,0.053343,0,0.041148,4.865201,0,0,1.01,0,0,8,0,1.01,2.181206,0,0,1.01,14,175,3,6,2,1,0,0,3,0,51,0.051596,0.041749,0.10283,1.01,1.01,14,4.09,2,1,1.01,0,1.01,0.488282,0,0.043478,0,0.105149,3,5,0.043478,5.24,0.293898,0.051596
org.eclipse.jdt.internal.core.search.indexing.BinaryIndexer,18,0.019631,0,0,0,0.044845,0,0,0,8.077846,0,2.05,2.05,0,0,21,0.02985,0,2.196669,0,0,2.05,22,656,1,20,2,1,0,0,184,0,89,0.029861,0,0.155348,3.07,2.85,23,7.23,10,10,0,0,3.07,0.222147,2.02,0.054599,0.083952,0.201661,14,2,0.054935,10.08,0.000001,0.029804
org.eclipse.jdt.internal.core.search.indexing.IIndexConstants,0,0,0.137994,7.09,7.09,0.004842,0,7.08,0,6.059141,0.15269,0,0,39,0,0,0,0,2.497597,0,0,0,1,44,0,0,0,29,0,0,0,0,1,0,0.158678,0.13505,1.01,0,30,0,39,0,0,0,8.09,0.518675,0,0.011459,0,0,0,0,0.148133,7.09,0.293898,0
org.eclipse.jdt.internal.core.search.indexing.IndexAllProject,0,0,0,0,0,0.019472,0,0,0,4.809826,0,0,0,0,0,6,0,0,1.135519,0,0,0,17,138,3,5,2,1,0,0,0,0,50,0,0,0.043555,1.03,0,17,3.05,1,0,0,0,1.03,0.070183,1.01,0.015794,0.055525,0.03714,4,4,0.014298,4.27,0,0
org.eclipse.jdt.internal.core.search.indexing.IndexBinaryFolder,0,0,0,0,0,0.00553,0,0,0,3.944467,0,0,0,0,0,6,0,0,0.915201,0,0,0,9,85,3,5,2,1,0,0,0,0,30,0,0,0.010283,0,0,9,0,1,0,0,0,0,0.05341,1.01,0,0.055525,0,4,4,0,1.01,0,0
org.eclipse.jdt.internal.core.search.indexing.IndexManager,9,0.165825,0.025266,0,0,0.09117,0.187826,2.02,0,11.700594,0,2.04,7.09,5,0,42,0.039641,0,3.971694,0,0.01219,7.09,41,584,8,41,2,19,0,0,632,1.01,149,0.219383,0,0.234251,3.11,9.66,49,11.3,11,6,5.05,0,4.13,0.659154,0,0.052864,0,0.271678,11,30,0.061261,12.08,0.294474,0.219036
org.eclipse.jdt.internal.core.search.indexing.IndexRequest,0,0,0,0,0,0.003353,0.053343,0,0,3.571593,0,0,1.01,0,7,6,0,0,1.865102,0,0,1.01,2,26,0,5,1,8,0,0,0,0,11,0.051596,0,0.040714,0,0,9,1.01,3,0,1.01,0,0,0.46409,0,0,0,0.05176,0,4,0,1.03,0.293898,0.051596
org.eclipse.jdt.internal.core.search.indexing.IndexingParser,0,0,0,0,0,0.004049,0,0,0,1.19582,0,0,0,0,0,4,0,0,0.323937,0,0.522548,0,10,36,131,3,4,1,0,0,3,7.09,8,0,0,0.024087,0,0,11,0,3,0,0,0,0,0.03061,9.16,0,0.507845,0,409,0,0,1.02,0,0
org.eclipse.jdt.internal.core.search.indexing.InternalSearchDocument,1,0.006956,0.02041,0,2.02,0.004867,0,2.03,0.011697,5.426691,0,1.01,1.01,0,1,5,0.011905,1.01,1.335053,0,0,1.01,2,21,0,4,1,3,0,0,0,0,8,0.01075,0.019905,0.051511,3.05,1.01,5,3.06,3,1,0,0,4.07,0.095872,0,0.057801,0,0.049756,0,3,0.066403,4.23,0,0.010706
org.eclipse.jdt.internal.core.search.indexing.ReadWriteMonitor,0,0,0,0,0,0.001763,0,0,0,2.221467,0,0,0,0,0,8,0,0,0.530096,0,0,0,0,50,0,7,1,10,0,0,0,0,14,0,0,0,0,0,10,0,1,1,0,0,0,0.034018,0,0,0,0,0,7,0,0,0,0
org.eclipse.jdt.internal.core.search.indexing.RemoveFolderFromIndex,0,0,0,0,0,0.002222,0,0,0,2.55887,0,0,0,0,0,3,0,0,0.596426,0,0,0,6,50,3,2,2,1,0,0,0,0,18,0,0,0.019663,0,0,6,1.02,4,0,0,0,0,0.035356,1.01,0,0.055525,0.010996,5,2,0,2.04,0,0
org.eclipse.jdt.internal.core.search.indexing.RemoveFromIndex,0,0,0,0,0,0.001763,0,0,0,2.221467,0,0,0,0,0,3,0,0,0.530096,0,0,0,4,24,3,2,2,1,0,0,0,0,9,0,0,0,0,0,4,0,1,0,0,0,0,0.034018,1.01,0,0.055525,0,5,2,0,0,0,0
org.eclipse.jdt.internal.core.search.indexing.SaveIndex,0,0,0,0,0,0.001763,0,0,0,2.221467,0,0,0,0,0,3,0,0,0.530096,0,0,0,6,28,3,2,2,2,0,0,1,0,11,0,0,0,0,0,8,0,0,0,0,0,0,0.034018,1.01,0,0.055525,0,5,2,0,0,0,0
org.eclipse.jdt.internal.core.search.indexing.SourceIndexer,0,0,0,0,1.01,0.00596,0,0,0,6.357801,0,0,0,0,0,2,0,0,2.777765,0,0,0,16,33,1,1,2,2,0,0,0,0,19,0,0.009452,0.035045,0,0,17,3.06,0,0,0,0,0,0.615277,2.02,0,0.083952,0.125797,15,1,0,3.12,0.294504,0
org.eclipse.jdt.internal.core.search.indexing.SourceIndexerRequestor,5,0.073153,0,0,0,0.020375,0.065248,0,0,7.743078,0,1.01,2.03,0,0,34,0.012348,0,3.020717,0,0,2.03,12,243,0,33,1,1,0,0,268,0,61,0.062577,0,0.086601,3.03,3.93,12,5.11,5,0,1.02,0,3.03,0.588508,0,0.125225,0,0.136734,0,28,0.133988,4.46,0.293898,0.061869
org.eclipse.jdt.internal.core.search.matching.AndLocator,0,0,0,0,0,0.076054,0,0,0,1.74414,0,0,0,0,0,20,0,0,1.547324,0,0.052632,0,21,221,29,19,2,1,0,0,0,1.01,43,0,0,0,0,0,21,0,2,0,0,0,0,0.493355,2.02,0,0.213608,0,23,16,0,0,0.296882,0
org.eclipse.jdt.internal.core.search.matching.AndPattern,1,0.023962,0,0,1.02,0.036012,0.037938,0,0,5.343766,0,1.01,1.01,0,0,5,0.04,0,2.358058,1.02,0.134211,1.01,5,49,22,4,5,3,0.036732,1.01,0,4.05,9,0.038586,0.038518,0.049571,1.04,1.03,7,1.11,2,0,1.01,0,1.05,0.516279,19.27,0.036553,0.45207,0.036053,37,0,0.038345,3.04,0.293898,0.038586
org.eclipse.jdt.internal.core.search.matching.ClassFileMatchLocator,8,0.056393,0,0,1.02,0.102251,0,0,0.0676,8.694792,0,3.08,1.05,0,0,17,0.108152,1.02,3.289894,0,0,1.05,52,422,0,16,1,1,0,0,120,0,86,0.064997,0.067601,0.239323,5.2,1.65,52,8.38,2,2,0,0,5.2,0.63073,0,0.130097,0,0.291367,0,2,0.145087,12.18,0.296883,0.064997
org.eclipse.jdt.internal.core.search.matching.ClasspathSourceDirectory,0,0.019411,0,0,2.04,0.016833,0.012187,0,0,5.107257,0,0,2.02,0,0,10,0,0,1.185237,0,0,2.02,6,76,0,9,2,1,0,0,10,0,29,0.025639,0.023206,0.041501,1.01,2.14,7,5.14,5,0,1.01,0,1.01,0.069185,1.01,0.010346,0.012521,0.06049,6,8,0.010606,4.37,0,0.025641
org.eclipse.jdt.internal.core.search.matching.ConstructorLocator,0,0,0,0,0,0.036953,0.010871,0,0,6.346627,0,0,3.04,0,0,22,0,0,1.485752,0,0.157038,3.04,35,276,29,21,2,1,0,0,0,7.14,61,0.037612,0,0.058008,4.1,0,35,6.27,1,0,1.01,0,4.1,0.089496,9.1,0.171957,0.300343,0.073861,29,10,0.193527,6.01,0,0.037662
org.eclipse.jdt.internal.core.search.matching.ConstructorPattern,0,0.029678,0,1.01,2.05,0.04002,0,0,0,9.710696,0.038979,0,3.04,7,0,14,0,0,3.544218,0,0.134211,3.06,15,263,22,10,4,5,0,0,27,4.05,43,0.036079,0.058205,0.270492,4.1,3.37,19,10.28,16,0,0,0,4.1,0.644017,10.18,0.092242,0.292479,0.240873,32,5,0.096168,12.49,0.293899,0.036265
org.eclipse.jdt.internal.core.search.matching.DeclarationOfAccessedFieldsPattern,0,0,0,0,0,0.003296,0,0,0,3.986006,0,0,0,0,0,1,0,0,1.984417,0,0.134211,0,6,10,35,0,6,3,0,0,0,4.06,3,0,0,0,1.01,0,9,0,2,0,0,0,1.01,0.479047,10.18,0.059908,0.292479,0,40,0,0.063612,0,0.293898,0
org.eclipse.jdt.internal.core.search.matching.DeclarationOfReferencedMethodsPattern,0,0,0,0,0,0.00358,0,0,0,4.532748,0,0,0,0,0,1,0,0,2.107157,0,0.169067,0,6,10,44,0,5,3,0,0,0,7.14,3,0,0,0,1.01,0,9,0,2,0,0,0,1.01,0.485405,11.22,0.059908,0.307071,0,42,0,0.063612,0,0.293898,0
org.eclipse.jdt.internal.core.search.matching.DeclarationOfReferencedTypesPattern,0,0,0,0,0,0.001921,0,0,0,2.606545,0,0,0,0,0,1,0,0,0.625755,0,0.069918,0,5,10,28,0,6,3,0,0,0,3.04,3,0,0,0,0,0,8,0,2,0,0,0,0,0.040894,19.27,0,0.43858,0,40,0,0,0,0,0
org.eclipse.jdt.internal.core.search.matching.FieldLocator,0,0.18425,0,0,0,0.026267,0,0,0,9.030558,0,0,2.02,0,0,17,0,0,3.397641,0,0.157038,2.02,48,287,30,16,3,1,0,0,120,7.14,61,0.186951,0,0.165856,2.02,2.29,48,8.09,1,0,0,0,2.02,0.646955,7.1,0.143447,0.234134,0.280814,31,4,0.165976,5.19,0.296882,0.186243
org.eclipse.jdt.internal.core.search.matching.FieldPattern,0,0,0,0,0,0.006417,0,0,0,4.293009,0,0,0,0,1,10,0,0,1.154961,0,0.134211,0,7,91,28,8,5,6,0,0,26,4.06,20,0,0,0.058902,1.01,0,12,3.05,7,0,0,0,1.01,0.115396,10.18,0.010493,0.292479,0.064145,32,6,0.010328,2.07,0,0
org.eclipse.jdt.internal.core.search.matching.ImportMatchLocatorParser,0,0.056393,0,0,1.01,0.010059,0,0,0,1.58954,0,0,0,0,0,5,0,0,0.503944,0,0.475594,0,8,31,123,4,3,1,0,0,0,8.23,11,0,0.067601,0.095517,1.01,1.06,8,2.02,1,0,0,0,1.01,0.073955,14.24,0.059908,0.369268,0.104659,404,0,0.063612,2.14,0.000001,0
org.eclipse.jdt.internal.core.search.matching.InternalReferenceMatch,0,0,0,0,0,0.007705,0,0,0,0.442872,0,0,0,0,4,3,0,0,0.246942,0,0,0,3,12,2,2,3,7,0,0,0,0,4,0,0,0,0,0,10,0,1,0,0,0,0,0.073812,0,0,0,0,25,1,0,0,0.002984,0
org.eclipse.jdt.internal.core.search.matching.InternalSearchPattern,0,0.006956,0.060844,0,0,0.033285,0,3.03,0,3.791627,0,0,2.02,0,1,6,0,0,1.851791,0,0,2.02,9,62,0,5,1,34,0,0,10,0,27,0.01075,0,0.019423,2.02,2.1,42,3.06,3,0,0,0,5.05,0.4461,0,0.055219,0,0.049902,0,0,0.113691,2.11,0.293898,0.010706
org.eclipse.jdt.internal.core.search.matching.IntersectingPattern,0,0,0,0,0,0.028423,0,0,0,1.661861,0,0,0,0,3,4,0,0,1.415369,0,0.109748,0,9,48,22,3,4,3,0,0,3,2.02,20,0,0,0.03241,0,0,12,0,0,0,0,0,0,0.435221,4.06,0,0.210292,0,37,1,0,1.01,0.293898,0
org.eclipse.jdt.internal.core.search.matching.JavaSearchNameEnvironment,2,0,0,0,0,0.004883,0,0,0,4.833574,0,0,0,0,0,8,0,0,2.232013,0,0,0,22,144,0,7,1,1,0,0,9,0,46,0,0,0.018902,1.01,0,23,2.04,2,0,0,0,1.01,0.523199,0,0.010346,0,0.024675,0,5,0.010606,2.13,0.294474,0
org.eclipse.jdt.internal.core.search.matching.JavaSearchPattern,0,0.107625,0.148421,1.01,3.04,0.09207,0.024513,6.08,0.011236,9.256266,0.038979,0,4.08,3,9,18,0,1.02,2.459636,2.02,0.069918,4.08,13,304,13,17,3,31,0.022562,0,120,3.03,47,0.107863,0.070135,0.205827,4.15,6.92,44,7.32,11,2,3.04,0,9.23,0.243949,6.1,0.098173,0.181151,0.178946,21,6,0.247813,10.8,0.000001,0.107874
org.eclipse.jdt.internal.core.search.matching.LocalVariableLocator,1,0,0,0,0,0.006668,0,0,0,5.352851,0,0,0,0,0,10,0,0,2.36139,0,0.157038,0,21,75,30,9,3,1,0,0,36,7.14,17,0,0,0.052359,1.01,0,21,1.01,0,0,0,0,1.01,0.521561,8.1,0.059908,0.289515,0.052057,37,3,0.063612,2.06,0.293898,0
org.eclipse.jdt.internal.core.search.matching.LocalVariablePattern,0,0,0,0,0,0.005559,0,0,0,5.171161,0,0,0,0,0,3,0,0,2.430059,0,0.134211,0,17,43,28,2,5,3,0,0,0,4.06,21,0,0,0.00938,1.01,0,19,2.02,1,0,0,0,1.01,0.572646,17.25,0.011741,0.470995,0.021413,38,1,0.010293,1.03,0.295279,0
org.eclipse.jdt.internal.core.search.matching.MatchLocator,4,0.565276,0.352951,0,4.04,0.419085,0.155433,5.05,0.212182,23.959987,0,2.02,12.16,20,0,69,0.106089,3.03,6.871553,0,0,12.16,162,2166,0,68,1,22,0,0,1412,0,375,0.402688,0.210079,1.131799,15.3,31.54,175,25.79,27,2,4.04,0,15.3,0.856832,0,0.538469,0,0.833139,0,22,0.558697,43.57,0.062856,0.402057
org.eclipse.jdt.internal.core.search.matching.MatchLocatorParser,0,0.110741,0.135953,0,2.07,0.17318,0,2.02,0,9.271299,0,0,7.41,0,1,66,0,0,3.406371,0,0.411301,7.41,47,673,120,65,2,2,0,0,0,6.16,157,0.281605,0.115519,0.259089,7.17,4.1,47,8.85,4,1,0,0,7.17,0.638842,20.65,0.260679,0.613384,0.270011,343,3,0.288489,14.71,0.294476,0.280531
org.eclipse.jdt.internal.core.search.matching.MatchingNodeSet,0,0,0.347942,1.01,1.01,0.031281,0,5.05,0,4.174467,0.012658,0,0,1,0,10,0,0,1.00465,0,0,0,8,142,0,9,1,18,0,0,4,0,34,0,0.012151,0.027812,0,0,25,1.01,8,2,0,0,5.05,0.066294,0,0,0,0.011816,0,6,0.337086,2.19,0,0
org.eclipse.jdt.internal.core.search.matching.MemberDeclarationVisitor,2,0,0,0,0,0.04318,0,0,0,0.442872,0,0,0,0,0,20,0,0,0.246942,0,0,0,22,227,0,19,2,1,0,0,65,0,30,0,0,0,0,0,22,0,16,7,0,0,0,0.073812,0,0,0,0,224,15,0,0,0.002984,0
org.eclipse.jdt.internal.core.search.matching.MethodLocator,4,0.02698,0,0,1.01,0.288176,0.046732,0,0,17.971885,0,3.04,10.13,1,0,28,0.072956,1.01,5.676639,0,0.157038,10.13,56,602,29,27,2,1,0,0,0,7.14,127,0.328873,0,0.35524,6.12,3.09,56,18.7,4,1,4.04,0,6.12,0.83509,6.1,0.187547,0.220331,0.46505,25,10,0.209408,20.84,0.296882,0.328549
org.eclipse.jdt.internal.core.search.matching.MethodPattern,0,0.029678,0.033134,3.03,4.09,0.049528,0,2.02,0,10.409925,0.062647,0,3.04,10,1,15,0,0,3.692811,0,0.134211,3.06,15,306,22,11,4,8,0,0,35,4.05,42,0.036079,0.081767,0.224356,6.13,3.41,22,9.3,22,0,0,0,7.13,0.649805,10.18,0.115959,0.292479,0.134986,31,5,0.140814,13,0.293899,0.036265
org.eclipse.jdt.internal.core.search.matching.MultiTypeDeclarationPattern,0,0,0,0,0,0.035521,0,0,0,5.944891,0,0,0,3,0,7,0,0,2.498565,0,0.122622,0,9,164,22,5,4,1,0,0,4,3.04,21,0,0,0.096253,0,0,10,4.04,4,0,0,0,0,0.522421,8.12,0,0.270924,0.122714,33,3,0,6.12,0.293898,0
org.eclipse.jdt.internal.core.search.matching.OrLocator,0,0,0,0,0,0.021483,0.037938,0,0,5.117315,0,0,1.03,0,0,22,0,0,2.338747,0,0.157038,1.03,26,263,29,21,2,1,0,0,0,7.14,52,0.038586,0,0.038855,2.07,0,26,2.1,1,0,1.03,0,2.07,0.541415,9.13,0.048065,0.328873,0.046084,21,17,0.050021,2.49,0.296882,0.038586
org.eclipse.jdt.internal.core.search.matching.OrPattern,0,0.089748,0,0,1.01,0.017583,0.096218,0,0,4.198056,0,0,3.03,0,0,8,0,0,2.113392,0,0.069918,3.03,9,68,13,7,3,5,0,0,1,3.03,21,0.106989,0.010287,0.091554,2.02,2.05,13,3.04,2,0,2.02,0,2.02,0.521522,12.16,0.098667,0.479111,0.101141,20,4,0.098385,3.21,0.293927,0.107039
org.eclipse.jdt.internal.core.search.matching.PackageDeclarationLocator,0,0,0,0,0,0.001763,0,0,0,2.221467,0,0,0,0,0,3,0,0,0.530096,0,0.157038,0,3,13,29,2,2,1,0,0,1,7.14,5,0,0,0,0,0,3,0,1,0,0,0,0,0.034018,8.1,0,0.289515,0,40,1,0,0,0,0
org.eclipse.jdt.internal.core.search.matching.PackageDeclarationPattern,0,0,0.106659,0,0,0.002359,0,2.02,0,2.728546,0,0,0,0,0,3,0,0,0.661792,0,0.134211,0,4,19,22,2,4,6,0,0,1,4.05,7,0,0,0,0,0,10,0,1,0,0,0,2.02,0.044807,10.18,0,0.292479,0,36,0,0.107033,0,0,0
org.eclipse.jdt.internal.core.search.matching.PackageReferenceLocator,0,0.20682,0.064524,0,0,0.033396,0.070638,1.01,0,10.370155,0,0,2.02,0,0,17,0,0,3.764481,0,0.157038,2.02,43,296,29,16,2,1,0,0,108,7.14,49,0.207106,0,0.283846,3.04,3.37,43,6.07,1,0,1.01,0,4.05,0.686849,9.12,0.211753,0.289515,0.242139,29,8,0.304172,10.46,0.296885,0.207106
org.eclipse.jdt.internal.core.search.matching.PackageReferencePattern,0,0,0,0,0,0.00432,0,0,0,4.915666,0,0,0,0,0,10,0,0,2.211375,0,0.134211,0,6,53,22,8,5,3,0,0,20,4.05,16,0,0,0,0,0,8,2.03,4,0,0,0,0,0.491404,19.27,0,0.45207,0.053935,32,5,0,0,0.293898,0
org.eclipse.jdt.internal.core.search.matching.PatternLocator,0,0.253373,0.185538,2.1,7.14,0.237618,0.033906,4.04,0,15.006917,0.038195,0,8.1,22,11,43,0,0,5.103577,2.02,0,8.1,63,675,0,42,1,18,0.047529,0,465,0,112,0.261217,0.145326,0.425204,6.1,11.86,67,13.21,29,0,3.03,0,8.12,0.848851,0,0.21582,0,0.451157,0,21,0.372351,21.88,0.297089,0.260704
org.eclipse.jdt.internal.core.search.matching.PossibleMatch,2,0.056393,0.071429,1.01,1.02,0.011396,0,1.01,0.0676,6.243294,0.071429,0,1.03,7,0,14,0,1.01,2.486752,0,0,1.03,18,112,0,13,1,3,0,0,30,0,40,0.064997,0.067601,0.058822,0,1.19,20,2.05,11,3,0,0,1.01,0.501736,0,0,0,0.06806,0,8,0.069389,2.19,0.293899,0.064997
org.eclipse.jdt.internal.core.search.matching.PossibleMatchSet,0,0,0,0,0,0.005241,0,0,0,3.387265,0,0,0,0,0,4,0,0,1.813416,0,0,0,7,40,0,3,1,1,0,0,0,0,18,0,0,0.045999,0,0,8,1.02,2,2,0,0,0,0.459674,0,0,0,0.055472,0,3,0,1.07,0.293899,0
org.eclipse.jdt.internal.core.search.matching.QualifiedTypeDeclarationPattern,0,0,0.011259,1.02,2.02,0.031474,0.029382,1.02,0,7.454726,0.010453,0,2.04,2,0,7,0,0,2.960929,0,0.146128,2.03,7,107,30,4,5,5,0,0,0,6.08,21,0.027684,0.028991,0.07497,1.01,0,11,6.1,3,0,2.04,0,2.03,0.60847,11.19,0.018601,0.303902,0.112236,36,3,0.030223,7.27,0.303326,0.027925
org.eclipse.jdt.internal.core.search.matching.SecondaryTypeDeclarationPattern,0,0,0,0,0,0.003732,0,0,0,0.503283,0,0,0,0,0,5,0,0,0.119691,0,0.109748,0,5,19,30,3,5,1,0,0,3,2.02,11,0,0,0,0,0,6,0,1,1,0,0,0,0.007512,5.07,0,0.231194,0,37,1,0,0,0,0
org.eclipse.jdt.internal.core.search.matching.SuperTypeNamesCollector,0,0,0,0,0,0.002957,0,0,0,5.008305,0,0,0,0,0,8,0,0,2.305508,0,0,0,45,172,0,7,1,2,0,0,15,0,51,0,0,0.013849,1.02,0,46,3.12,8,0,0,0,1.02,0.536955,0,0.015794,0,0.036513,0,1,0.014298,1.1,0.294474,0
org.eclipse.jdt.internal.core.search.matching.SuperTypeReferenceLocator,0,0.007172,0,0,0,0.006158,0,0,0,4.290319,0,0,1.01,0,0,8,0,0,2.133577,0,0.157038,1.01,18,74,29,7,2,1,0,0,1,7.14,20,0.01435,0,0.05307,2.04,1.02,18,3.06,1,0,0,0,2.04,0.520486,9.11,0.054901,0.305064,0.158474,35,4,0.056164,3.18,0.294104,0.014177
org.eclipse.jdt.internal.core.search.matching.SuperTypeReferencePattern,0,0,0,2.04,2.04,0.010052,0,0,0,6.783681,0.027484,0,0,13,0,10,0,0,2.68373,0,0.134211,1.01,7,234,22,7,4,6,0,0,9,4.05,30,0.01435,0.027218,0.10286,0,0,12,3.04,15,0,0,0,0,0.530641,10.18,0,0.292479,0.068554,32,5,0,6.43,0.293898,0
org.eclipse.jdt.internal.core.search.matching.TypeDeclarationLocator,0,0,0,0,0,0.003839,0,0,0,3.281563,0,0,0,0,0,6,0,0,0.787283,0,0.157038,0,15,66,29,5,2,1,0,0,0,7.14,19,0,0,0.023306,0,0,15,1.03,1,0,0,0,0,0.051551,8.1,0,0.289515,0.010963,38,4,0,2.15,0,0
org.eclipse.jdt.internal.core.search.matching.TypeDeclarationPattern,0,0.01754,0.025933,2.02,3.03,0.034355,0,2.02,0,9.002454,0.026398,0,1.01,6,2,10,0,0,3.182459,1.01,0.134211,1.01,8,245,22,8,4,10,0,0,8,4.05,32,0.011239,0.034869,0.159457,1.01,2.03,17,7.08,8,0,0,0,2.03,0.556503,10.18,0.0112,0.292479,0.122204,32,5,0.025308,12.45,0.293898,0.011239
org.eclipse.jdt.internal.core.search.matching.TypeParameterLocator,0,0,0,0,0,0.012896,0,0,0,1.628493,0,0,0,0,0,9,0,0,0.36379,0,0.157038,0,17,83,29,8,2,1,0,0,0,7.14,15,0,0,0,0,0,17,0,1,0,0,0,0,0.018524,7.08,0,0.278788,0,35,5,0,0,0,0
org.eclipse.jdt.internal.core.search.matching.TypeParameterPattern,0,0,0,0,0,0.015219,0,0,0,5.341267,0,0,0,0,0,3,0,0,2.382961,0,0.134211,0,18,64,22,2,4,3,0,0,0,4.05,24,0,0,0.00938,1.01,0,20,2.02,7,0,0,0,1.01,0.542376,12.16,0.011741,0.323348,0.021413,37,1,0.010293,1.03,0.295279,0
org.eclipse.jdt.internal.core.search.matching.TypeReferenceLocator,0,0.204687,0,0,1.01,0.069329,0.011812,0,0.061101,14.405602,0,0,4.05,0,0,26,0,1.01,5.041531,0,0.157038,4.05,54,578,29,25,2,1,0,0,118,7.14,91,0.212577,0.047918,0.282027,6.15,5.19,54,11.33,3,1,1.01,0,6.15,0.886366,4.05,0.23963,0.049158,0.40272,28,7,0.265506,12.97,0.297665,0.212005
org.eclipse.jdt.internal.core.search.matching.TypeReferencePattern,0,0.119523,0.071429,0,1.02,0.032372,0,1.01,0.061101,5.798865,0,1.01,3.03,1,1,14,0.010794,1.03,1.666162,0,0.134211,3.05,9,101,22,8,5,5,0,0,16,4.05,31,0.126207,0.047918,0.104901,2.04,3.24,13,5.14,9,3,0,0,3.05,0.195202,19.27,0.070402,0.45207,0.168804,32,5,0.143329,3.54,0.000001,0.125564
org.eclipse.jdt.internal.core.search.matching.VariableLocator,0,0,0,0,0,0.003201,0,0,0,3.055353,0,0,0,0,2,5,0,0,0.854396,0,0.157038,0,13,61,29,4,2,2,0,0,0,7.14,11,0,0,0.088098,0,0,15,0,1,0,0,0,0,0.098054,8.1,0,0.289515,0,39,3,0,1.07,0.000032,0
org.eclipse.jdt.internal.core.search.matching.VariablePattern,0,0,0.1,1.01,1.01,0.010524,0,1.01,0,4.48678,0.038979,0,0,1,2,2,0,0,2.137959,0,0.134211,0,3,43,22,1,4,7,0,0,0,4.05,4,0,0.047918,0.049518,1.01,0,10,2.03,6,0,0,0,2.02,0.499225,10.18,0.059908,0.292479,0.053935,38,0,0.159602,1.25,0.293898,0
org.eclipse.jdt.internal.core.search.processing.IJob,0,0.023402,0,0,0,0.003763,0.053343,0,0,3.571593,0,0,1.01,5,0,5,0,0,1.865102,0,0,1.01,0,12,0,5,0,11,0,0,10,0,5,0.051596,0,0.040714,0,1.04,11,1.01,5,0,1.01,0,0,0.46409,0,0,0,0.05176,0,5,0,1.01,0.293898,0.051596
org.eclipse.jdt.internal.core.search.processing.JobManager,0,0,0.017559,0,1.01,0.037095,0,1.01,0,7.866298,0,0,0,2,1,17,0,0,3.207093,0,0,0,3,329,0,16,1,17,0,0,14,0,59,0,0.011411,0.057025,1.01,0,20,3.03,10,2,0,0,2.02,0.666281,0,0.011741,0,0.101401,0,13,0.027464,3.26,0.295308,0
org.eclipse.jdt.internal.core.util.ASTNodeFinder,0,0,0,0,0,0.001789,0,0,0,2.645352,0,0,0,0,0,5,0,0,0.629865,0,0,0,20,115,0,4,1,3,0,0,6,0,19,0,0,0,0,0,23,0,1,1,0,0,0,0.040073,0,0,0,0,0,4,0,0,0,0
org.eclipse.jdt.internal.core.util.Annotation,0,0,0,0,0,0.001763,0,0,0,2.221467,0,0,0,0,0,6,0,0,0.530096,0,0,0,8,52,0,5,2,4,0,0,10,0,13,0,0,0,0,0,12,0,6,6,0,0,0,0.034018,0,0,0,0,11,4,0,0,0,0
org.eclipse.jdt.internal.core.util.AnnotationComponent,0,0,0,0,0,0.001763,0,0,0,2.221467,0,0,0,0,0,5,0,0,0.530096,0,0,0,8,36,0,4,2,1,0,0,6,0,12,0,0,0,0,0,9,0,4,4,0,0,0,0.034018,0,0,0,0,11,3,0,0,0,0
org.eclipse.jdt.internal.core.util.AnnotationComponentValue,0,0.006753,0,0,0,0.002882,0.010464,0,0,2.945527,0,0,1.01,0,0,14,0,0,1.678807,0,0,1.01,8,150,0,13,2,2,0,0,78,0,22,0.010215,0,0.008618,0,1.11,10,1.01,14,14,1.01,0,0,0.443149,0,0,0,0.010056,11,12,0,1.01,0.293898,0.010215
org.eclipse.jdt.internal.core.util.AnnotationDefaultAttribute,0,0,0,0,0,0.001763,0,0,0,2.221467,0,0,0,0,0,2,0,0,0.530096,0,0,0,6,16,1,1,3,1,0,0,0,0,4,0,0,0,0,0,7,0,1,1,0,0,0,0.034018,0,0,0,0,14,1,0,0,0,0
org.eclipse.jdt.internal.core.util.BindingKeyParser,20,0.095442,0.074086,0,2.02,0.222127,0.111043,2.03,0.012048,12.129644,0,4.08,6.15,0,4,55,0.08923,1.01,4.159844,1.01,0,6.15,3,396,0,53,1,8,0.066667,0,1104,0,84,0.122301,0.032792,0.487879,0,11.83,11,7.23,5,3,5.07,0,2.03,0.695551,0,0,0,0.128394,0,33,0.074252,12.38,0.293927,0.122297
org.eclipse.jdt.internal.core.util.BindingKeyResolver,5,0.134087,0,0,4.05,0.133805,0.111043,0,0,14.171472,0,0,5.06,0,0,38,0,0,4.723791,0,0.02381,5.06,34,378,2,35,2,1,0,0,121,1.01,82,0.110881,0.10653,0.595755,7.07,11.81,35,11.22,17,0,5.06,0,7.07,0.753269,2.02,0.215819,0.023802,0.749994,8,30,0.225908,14.22,0.293938,0.110876
org.eclipse.jdt.internal.core.util.CharArrayBuffer,0,0,0,0,0,0.004709,0,0,0,3.432649,0,0,0,1,0,10,0,0,0.869024,0,0,0,1,82,0,6,1,10,0,0,13,0,15,0,0,0,1.01,0,11,0,5,0,0,0,1.01,0.068031,0,0.026316,0,0,0,6,0.025778,0,0,0
org.eclipse.jdt.internal.core.util.ClassFileAttribute,0,0,0.041668,0,0,0.001763,0,3.04,0,2.221467,0,0,0,1,17,4,0,0,0.530096,2.02,0,0,6,24,0,3,2,20,0.015152,0,3,0,10,0,0,0,0,0,26,0,4,3,0,0,3.04,0.034018,0,0,0,0,11,3,0.041014,0,0,0
org.eclipse.jdt.internal.core.util.ClassFileReader,1,0,0,0,1.01,0.003224,0,0,0.024023,4.554437,0,0,0,0,0,23,0,1.01,2.11945,0,0,0,24,285,0,22,2,2,0,0,231,0,42,0,0.023876,0.043112,1.01,0,26,1.01,23,23,0,0,1.01,0.484966,0,0.023945,0,0.013486,11,21,0.021418,3.05,0.293898,0
org.eclipse.jdt.internal.core.util.ClassFileStruct,0,0,0.041668,0,0,0.001763,0,3.05,0,2.221467,0,0,0,0,16,12,0,0,0.530096,2.03,0,0,0,84,0,11,1,32,0.028902,0,55,0,15,0,0,0,0,0,32,0,0,0,0,0,3.05,0.034018,0,0,0,0,0,0,0.041014,0,0,0
org.eclipse.jdt.internal.core.util.CodeAttribute,0,0,0,0,0,0.001859,0,0,0,4.677535,0,0,0,0,0,12,0,0,1.187047,0,0,0,20,1097,1,11,3,1,0,0,49,0,236,0,0,0.018761,2.02,0,21,2.02,14,14,0,0,2.02,0.095342,0,0.025889,0,0.024368,14,11,0.027059,2.04,0,0
org.eclipse.jdt.internal.core.util.CodeSnippetParsingUtil,1,0,0,0,0,0.005011,0,0,0,4.823093,0,0,0,1,0,9,0,0,2.177235,0,0,0,19,142,0,8,1,4,0,0,16,0,34,0,0,0.02274,0,0,23,3.03,1,0,0,0,0,0.489831,0,0,0,0.04359,0,7,0,2.04,0.293898,0
org.eclipse.jdt.internal.core.util.CommentRecorderParser,1,0.037498,0,0,0,0.013648,0.012576,0,0,7.685299,0,0,4.06,0,1,14,0,0,1.934359,0,0.411301,4.06,13,181,120,13,2,4,0,0,66,6.16,28,0.055681,0,0.139356,5.07,4.74,17,4.08,4,0,1.01,0,5.07,0.154258,14.26,0.076758,0.366939,0.052729,394,7,0.07928,8.51,0,0.055614
org.eclipse.jdt.internal.core.util.CommentRecorderScanner,0,0,0,0,0,0.001763,0,0,0,2.221467,0,0,0,0,0,2,0,0,0.530096,0,0.34654,0,2,18,105,1,2,1,0,0,0,8.28,4,0,0,0,0,0,3,0,0,0,0,0,0,0.034018,6.09,0,0.086057,0,50,1,0,0,0,0
org.eclipse.jdt.internal.core.util.ConstantPool,1,0,0,0,0,0.001763,0,0,0,2.221467,0,0,0,0,0,5,0,0,0.530096,0,0,0,5,77,0,4,2,1,0,0,0,0,38,0,0,0,0,0,6,0,3,3,0,0,0,0.034018,0,0,0,0,11,3,0,0,0,0
org.eclipse.jdt.internal.core.util.ConstantPoolEntry,0,0,0,0,0,0.003972,0,0,0,3.076174,0,0,0,0,0,44,0,0,1.815282,0,0,0,1,191,0,43,1,1,0,0,771,0,45,0,0,0.008618,0,0,2,0,20,20,0,0,0,0.497111,0,0,0,0,0,43,0,1.21,0.294474,0
org.eclipse.jdt.internal.core.util.ConstantValueAttribute,0,0,0,0,0,0.001763,0,0,0,2.221467,0,0,0,0,0,3,0,0,0.530096,0,0,0,6,17,1,2,3,1,0,0,1,0,6,0,0,0,0,0,7,0,2,2,0,0,0,0.034018,0,0,0,0,14,2,0,0,0,0
org.eclipse.jdt.internal.core.util.DOMFinder,0,0,0,0,0,0.021444,0.056001,0,0,3.036958,0,0,1.03,2,0,18,0,0,1.723226,0,0,1.03,35,117,0,17,2,1,0,0,0,0,44,0.055911,0,0.041864,1.05,0,35,1.04,7,5,1.03,0,1.05,0.45383,1.03,0.049743,0.056944,0.052057,153,16,0.053205,1.15,0.293898,0.055934
org.eclipse.jdt.internal.core.util.DefaultBytecodeVisitor,11,0,0,0,3.04,0.226677,0,0,0.031974,6.797204,0,5.11,5.11,0,0,217,0.061301,3.04,2.55044,0,0,5.11,14,1623,0,216,1,1,0,0,0,0,260,0.060984,0.03085,0.060337,5.08,0,14,7.24,17,17,0,0,4.07,0.487365,0,0.060896,0,0.080586,0,205,0.043329,11.62,0.293898,0.060905
org.eclipse.jdt.internal.core.util.DefaultStackMapFrame,0,0,0,0,0,0.003931,0,0,0,2.429416,0,0,0,0,0,8,0,0,1.586302,0,0,0,6,62,0,7,2,1,0,0,21,0,11,0,0,0,0,0,7,0,7,7,0,0,0,0.443036,0,0,0,0,11,6,0,0,0.293898,0
org.eclipse.jdt.internal.core.util.Disassembler,57,0.174542,0.026865,0,2.03,0.375004,0.014247,2.02,0.036112,16.326787,0,9.19,11.22,0,0,66,0.210882,2.03,5.445441,0,0.023399,11.22,49,2032,5,65,2,3,0,0,2080,2.02,258,0.250946,0.03559,0.430774,7.08,22.8,51,15.66,2,2,1.01,0,7.09,0.881612,0,0.122204,0,0.312617,0,6,0.120941,31.8,0.297117,0.251034
org.eclipse.jdt.internal.core.util.EnclosingMethodAttribute,0,0,0,0,0,0.001763,0,0,0,2.221467,0,0,0,0,0,8,0,0,0.530096,0,0,0,7,59,1,7,3,1,0,0,21,0,17,0,0,0,0,0,8,0,7,7,0,0,0,0.034018,0,0,0,0,14,7,0,0,0,0
org.eclipse.jdt.internal.core.util.ExceptionAttribute,0,0,0,0,1.02,0.003492,0,0,0.024023,2.855507,0,0,0,0,0,4,0,1.02,0.70082,0,0,0,9,36,1,3,3,1,0,0,3,0,10,0,0.023876,0.019221,1.01,0,10,0,3,3,0,0,1.01,0.049482,0,0.023945,0,0,14,3,0.021418,1.02,0,0
org.eclipse.jdt.internal.core.util.ExceptionTableEntry,0,0,0,0,0,0.001763,0,0,0,2.221467,0,0,0,0,0,6,0,0,0.530096,0,0,0,6,37,0,5,2,1,0,0,10,0,11,0,0,0,0,0,7,0,5,5,0,0,0,0.034018,0,0,0,0,11,5,0,0,0,0
org.eclipse.jdt.internal.core.util.FieldInfo,0,0,0,0,0,0.001763,0,0,0,2.221467,0,0,0,0,0,13,0,0,0.530096,0,0,0,15,103,0,12,2,1,0,0,64,0,25,0,0,0,0,0,16,0,11,11,0,0,0,0.034018,0,0,0,0,11,11,0,0,0,0
org.eclipse.jdt.internal.core.util.HandleFactory,4,0,0.027313,0,0,0.044994,0,1.01,0,6.446755,0,0,0,0,0,7,0,0,3.286557,0,0,0,37,242,0,6,1,6,0,0,13,0,68,0,0,0.398506,1.01,0,43,4.05,4,4,0,0,2.02,0.846766,0,0.323746,0,0.570399,0,2,0.352753,4.15,0.363145,0
org.eclipse.jdt.internal.core.util.HashSetOfArray,3,0,0,0,0,0.030651,0,0,0,0.640791,0,0,0,2,0,11,0,0,0.188383,0,0,0,1,113,0,9,1,1,0,0,0,0,21,0,0,0,0,0,2,0,3,0,0,0,0,0.02136,0,0,0,0,0,6,0,0,0,0
org.eclipse.jdt.internal.core.util.HashSetOfCharArrayArray,3,0,0.162404,0,0,0.02131,0,1.01,0,0.580565,0,0,0,2,0,11,0,0,0.214332,0,0,0,2,123,0,9,1,2,0,0,0,0,20,0,0,0,0,0,4,0,3,0,0,0,1.01,0.038704,0,0,0,0,0,6,0.155412,0,0,0
org.eclipse.jdt.internal.core.util.HashtableOfArrayToObject,3,0,0.11577,0,0,0.00234,0,4.06,0,2.561622,0,0,0,3,0,13,0,0,0.606622,0,0,0,1,149,0,11,1,9,0,0,0,0,24,0,0,0.013849,0,0,10,0,4,0,0,0,4.06,0.03784,0,0,0,0,0,8,0.114573,1.15,0,0
org.eclipse.jdt.internal.core.util.ICacheEnumeration,0,0,0,0,0,0.001763,0,0,0,2.221467,0,0,0,0,0,1,0,0,0.530096,0,0,0,0,3,0,1,0,1,0,0,0,0,1,0,0,0,0,0,1,0,0,0,0,0,0,0.034018,0,0,0,0,0,1,0,0,0,0
org.eclipse.jdt.internal.core.util.ILRUCacheable,0,0,0,0,0,0.001763,0,0,0,2.221467,0,0,0,0,0,1,0,0,0.530096,0,0,0,0,3,0,1,0,1,0,0,0,0,1,0,0,0,0,0,1,0,0,0,0,0,0,0.034018,0,0,0,0,0,1,0,0,0,0
org.eclipse.jdt.internal.core.util.InnerClassesAttribute,0,0,0,0,0,0.001763,0,0,0,2.221467,0,0,0,0,0,3,0,0,0.530096,0,0,0,7,30,1,2,3,1,0,0,1,0,6,0,0,0,0,0,8,0,3,3,0,0,0,0.034018,0,0,0,0,14,2,0,0,0,0
org.eclipse.jdt.internal.core.util.InnerClassesAttributeEntry,0,0,0,0,0,0.001763,0,0,0,2.221467,0,0,0,0,0,8,0,0,0.530096,0,0,0,6,61,0,7,2,1,0,0,21,0,14,0,0,0,0,0,7,0,7,7,0,0,0,0.034018,0,0,0,0,11,7,0,0,0,0
org.eclipse.jdt.internal.core.util.JavaElementFinder,0,0,0,0,0,0.019312,0,0,0,0.580565,0,0,0,2,0,13,0,0,0.214332,0,0,0,20,101,2,11,2,1,0,0,0,0,43,0,0,0,0,0,20,0,5,3,0,0,0,0.038704,0,0,0,0,22,11,0,0,0,0
org.eclipse.jdt.internal.core.util.KeyKind,0,0,0,2.02,3.03,0.029596,0.035008,0,0.012043,5.754247,0.022273,0,3.04,14,0,18,0,1.01,2.383145,0,0.02381,3.04,1,73,2,16,2,1,0,0,0,1.01,20,0.034511,0.033884,0.038613,0,0,2,3.04,15,1,3.04,0,0,0.501677,3.03,0,0.090639,0.032555,17,16,0,4.17,0.293898,0.034483
org.eclipse.jdt.internal.core.util.KeyToSignature,1,0,0.009561,1.01,3.04,0.058837,0.055042,1.01,0.075137,6.82563,0.021396,1.01,4.08,5,0,26,0.012069,3.03,1.650633,0,0.02381,4.08,5,259,2,24,2,2,0,0,0,1.01,57,0.05497,0.071311,0.106404,2.02,0,7,4.2,13,8,4.07,0,2.03,0.115202,4.05,0.023516,0.092905,0.054649,13,23,0.023472,9.38,0,0.054942
org.eclipse.jdt.internal.core.util.LRUCache,0,0.085144,0.02927,0,0,0.012778,0.091633,2.05,0,3.857747,0,0,3.05,0,1,26,0,0,1.948556,0,0,3.05,4,230,0,24,1,10,0,0,110,0,50,0.141494,0,0.123865,0,3.74,14,3.1,7,0,2.04,0,2.05,0.475735,0,0,0,0.135258,0,16,0.028157,3.3,0.293929,0.141494
org.eclipse.jdt.internal.core.util.LineNumberAttribute,0,0,0,0,0,0.001763,0,0,0,2.221467,0,0,0,0,0,3,0,0,0.530096,0,0,0,5,33,1,2,3,1,0,0,1,0,5,0,0,0,0,0,6,0,3,3,0,0,0,0.034018,0,0,0,0,14,2,0,0,0,0
org.eclipse.jdt.internal.core.util.LocalVariableAttribute,0,0,0,0,0,0.001763,0,0,0,2.221467,0,0,0,0,0,3,0,0,0.530096,0,0,0,7,32,1,2,3,1,0,0,1,0,6,0,0,0,0,0,8,0,3,3,0,0,0,0.034018,0,0,0,0,14,2,0,0,0,0
org.eclipse.jdt.internal.core.util.LocalVariableTableEntry,0,0,0,0,0,0.001763,0,0,0,2.221467,0,0,0,0,0,8,0,0,0.530096,0,0,0,6,50,0,7,2,1,0,0,21,0,13,0,0,0,0,0,7,0,7,7,0,0,0,0.034018,0,0,0,0,11,7,0,0,0,0
org.eclipse.jdt.internal.core.util.LocalVariableTypeAttribute,0,0,0,0,0,0.001763,0,0,0,2.221467,0,0,0,0,0,3,0,0,0.530096,0,0,0,7,32,1,2,3,1,0,0,1,0,6,0,0,0,0,0,8,0,3,3,0,0,0,0.034018,0,0,0,0,14,2,0,0,0,0
org.eclipse.jdt.internal.core.util.LocalVariableTypeTableEntry,0,0,0,0,0,0.001763,0,0,0,2.221467,0,0,0,0,0,8,0,0,0.530096,0,0,0,6,50,0,7,2,1,0,0,21,0,13,0,0,0,0,0,7,0,7,7,0,0,0,0.034018,0,0,0,0,11,7,0,0,0,0
org.eclipse.jdt.internal.core.util.MementoTokenizer,0,0,0,0,1.01,0.003527,0,0,0.055452,4.247459,0,0,0,0,0,3,0,1.01,2.028528,0,0,0,1,100,0,2,1,14,0,0,0,0,10,0,0.055308,0.041864,1.01,0,14,1.01,18,18,0,0,1.01,0.476588,0,0.0112,0,0.010568,0,2,0.011247,1.04,0.293898,0
org.eclipse.jdt.internal.core.util.Messages,0,0,0.329298,14.4,14.4,0.031416,0,5.05,0,10.370313,0.400845,0,0,312,0,5,0,0,3.795325,0,0,0,0,332,0,4,2,62,0,0,6,0,7,0,0.402249,0.373009,0,0,62,0,313,1,0,0,5.05,0.700288,0,0,0,0,0,4,0.337462,14.4,0.295308,0
org.eclipse.jdt.internal.core.util.MethodInfo,2,0,0,0,0,0.001763,0,0,0,2.221467,0,0,0,0,0,17,0,0,0.530096,0,0,0,21,134,0,16,2,1,0,0,108,0,33,0,0,0,0,0,22,0,12,12,0,0,0,0.034018,0,0,0,0,11,13,0,0,0,0
org.eclipse.jdt.internal.core.util.ParameterAnnotation,0,0,0,0,0,0.002217,0,0,0,2.82999,0,0,0,0,0,4,0,0,0.669359,0,0,0,6,33,0,3,2,2,0,0,3,0,7,0,0,0,0,0,8,0,4,4,0,0,0,0.041721,0,0,0,0,11,2,0,0,0,0
org.eclipse.jdt.internal.core.util.PublicScanner,3,0,0,8.25,9.28,0.336729,0.067249,0,0.043318,12.835202,0.087715,6.09,9.16,68,0,57,0.086857,4.1,4.166721,0,0,9.19,10,3367,0,54,1,1,0,0,0,0,83,0.120259,0.634522,0.55574,5.06,0,11,12.44,107,2,5.08,0,5.06,0.6458,0,0.076738,0,0.234067,0,45,0.071718,25.58,0.293927,0.120153
org.eclipse.jdt.internal.core.util.RecordedParsingInformation,0,0,0,0,0,0.00111,0,0,0,1.953727,0,0,0,4,0,2,0,0,0.459879,0,0,0,2,18,0,1,1,3,0,0,0,0,2,0,0,0,0,0,5,0,4,0,0,0,0,0.02818,0,0,0,0,0,0,0,0,0,0
org.eclipse.jdt.internal.core.util.ReferenceInfoAdapter,0,0.054348,0,0,0,0.004336,0.065248,0,0,3.600929,0,0,1.02,0,3,10,0,0,1.888758,0,0,1.02,0,20,0,9,1,3,0,0,36,0,10,0.050483,0,0.049518,0,1.15,3,1.02,0,0,1.02,0,0,0.472171,0,0,0,0.049187,0,9,0,1.04,0.293898,0.049775
org.eclipse.jdt.internal.core.util.ResourceCompilationUnit,0,0,0,0,0,0.008177,0,0,0,2.893504,0,0,0,0,0,2,0,0,0.707481,0,0.021277,0,3,16,5,1,2,2,0,0,0,1.01,7,0,0,0,1.01,0,5,1.01,1,1,0,0,1.01,0.048534,0,0.015794,0,0.015013,4,1,0.014298,0,0,0
org.eclipse.jdt.internal.core.util.RuntimeInvisibleAnnotationsAttribute,0,0,0,0,0,0.001763,0,0,0,2.221467,0,0,0,0,0,3,0,0,0.530096,0,0,0,7,33,1,2,3,3,0,0,1,0,7,0,0,0,0,0,10,0,3,3,0,0,0,0.034018,0,0,0,0,14,2,0,0,0,0
org.eclipse.jdt.internal.core.util.RuntimeInvisibleParameterAnnotationsAttribute,0,0,0,0,0,0.001763,0,0,0,2.221467,0,0,0,0,0,3,0,0,0.530096,0,0,0,7,33,1,2,3,1,0,0,1,0,7,0,0,0,0,0,8,0,3,3,0,0,0,0.034018,0,0,0,0,14,2,0,0,0,0
org.eclipse.jdt.internal.core.util.RuntimeVisibleAnnotationsAttribute,0,0,0,0,0,0.001763,0,0,0,2.221467,0,0,0,0,0,3,0,0,0.530096,0,0,0,7,33,1,2,3,3,0,0,1,0,7,0,0,0,0,0,10,0,3,3,0,0,0,0.034018,0,0,0,0,14,2,0,0,0,0
org.eclipse.jdt.internal.core.util.RuntimeVisibleParameterAnnotationsAttribute,0,0,0,0,0,0.001763,0,0,0,2.221467,0,0,0,0,0,3,0,0,0.530096,0,0,0,7,33,1,2,3,1,0,0,1,0,7,0,0,0,0,0,8,0,3,3,0,0,0,0.034018,0,0,0,0,14,2,0,0,0,0
org.eclipse.jdt.internal.core.util.SignatureAttribute,0,0,0,0,0,0.001763,0,0,0,2.221467,0,0,0,0,0,3,0,0,0.530096,0,0,0,7,20,1,2,3,3,0,0,1,0,9,0,0,0,0,0,10,0,2,2,0,0,0,0.034018,0,0,0,0,14,2,0,0,0,0
org.eclipse.jdt.internal.core.util.SimpleDocument,0,0,0,0,0,0.001763,0,0,0,2.221467,0,0,0,0,0,45,0,0,0.530096,0,0,0,1,126,0,44,1,1,0,0,934,0,50,0,0,0,0,0,2,0,1,1,0,0,0,0.034018,0,0,0,0,0,44,0,0,0,0
org.eclipse.jdt.internal.core.util.SimpleWordSet,1,0,0.022652,0,0,0.001879,0,2.02,0,2.221467,0,0,0,3,0,4,0,0,0.530096,0,0,0,1,45,0,3,1,2,0,0,0,0,6,0,0,0,0,0,3,0,3,0,0,0,2.02,0.034018,0,0,0,0,0,2,0.025421,0,0,0
org.eclipse.jdt.internal.core.util.SourceFileAttribute,0,0,0,0,0,0.001763,0,0,0,2.221467,0,0,0,0,0,3,0,0,0.530096,0,0,0,7,25,1,2,3,1,0,0,1,0,9,0,0,0,0,0,8,0,2,2,0,0,0,0.034018,0,0,0,0,14,2,0,0,0,0
org.eclipse.jdt.internal.core.util.StackMapAttribute,0,0,0,0,0,0.00237,0,0,0,1.128771,0,0,0,0,0,4,0,0,0.274512,0,0,0,7,44,1,3,3,1,0,0,3,0,10,0,0,0,0,0,8,0,5,5,0,0,0,0.0185,0,0,0,0,14,3,0,0,0,0
org.eclipse.jdt.internal.core.util.StackMapFrame,0,0,0,0,0,0.023421,0,0,0,1.992047,0,0,0,0,0,8,0,0,0.479654,0,0,0,6,133,0,7,2,1,0,0,21,0,12,0,0,0.008104,0,0,7,0,8,8,0,0,0,0.031343,0,0,0,0,11,6,0,1.08,0,0
org.eclipse.jdt.internal.core.util.StackMapTableAttribute,0,0.01049,0.014154,0,1.03,0.018559,0.013807,1.01,0.01318,1.26219,0,0,1.02,0,0,4,0,1.03,0.295369,0,0,1.02,7,44,1,3,3,1,0,0,3,0,10,0.013681,0.013525,0.012117,1.03,1.03,8,1.05,5,5,1.02,0,1.02,0.017607,0,0.013502,0,0.012072,14,3,0.013956,1.23,0,0.013715
org.eclipse.jdt.internal.core.util.ToStringSorter,1,0,0,0,0,0.002896,0,0,0,3.432649,0,0,0,0,0,4,0,0,0.869024,0,0,0,0,42,0,3,1,1,0,0,1,0,6,0,0,0,0,0,1,0,2,0,0,0,0,0.068031,0,0,0,0,0,2,0,0,0,0
org.eclipse.jdt.internal.core.util.Util,22,0.334785,1.026316,2.02,4.15,0.333964,0.527542,30.86,0.042181,26.671954,0.023601,6.16,22.6,1,0,138,0.190933,4.14,8.281608,0,0,22.6,73,2243,0,137,1,124,0,0,9310,0,385,0.505605,0.043114,0.674221,13.57,93.45,187,30.02,14,13,22.42,0,34.29,1.198888,0,0.459852,0,0.863354,0,113,1.121916,45.7,0.317422,0.504902
org.eclipse.jdt.internal.core.util.VerificationInfo,0,0,0.014531,0,0,0.006981,0,1.01,0,1.989135,0,0,0,0,0,6,0,0,0.486512,0,0,0,6,47,0,5,2,2,0,0,10,0,12,0,0,0,0,0,8,0,5,5,0,0,1.01,0.033421,0,0,0,0,11,5,0.014524,0,0,0
org.eclipse.jdt.internal.core.util.WeakHashSet,3,0,0,0,0,0.002084,0,0,0,2.608563,0,0,0,1,0,11,0,0,0.61415,0,0,0,1,145,0,9,1,1,0,0,0,0,21,0,0,0.013849,0,0,2,0,4,0,0,0,0,0.037584,0,0,0,0,0,6,0,1.11,0,0
org.eclipse.jdt.internal.core.util.WeakHashSetOfCharArray,3,0,0,0,0,0.008573,0,0,0,2.348268,0,0,0,1,0,11,0,0,0.55659,0,0,0,2,146,0,9,1,1,0,0,0,0,22,0,0,0.013849,0,0,3,0,4,0,0,0,0,0.034759,0,0,0,0,0,6,0,1.11,0,0
org.eclipse.jdt.internal.eval.CodeSnippetAllocationExpression,0,0,0,0,0,0.003815,0,0,0,5.863379,0,0,0,0,0,5,0,0,2.464775,0,0.348372,0,28,175,143,4,5,1,0,0,6,14.39,48,0,0,0.105504,1.02,0,29,1.01,2,0,0,0,1.02,0.530089,7.07,0.014577,0.178418,0.014619,62,4,0.014524,2.13,0.294104,0
org.eclipse.jdt.internal.eval.CodeSnippetClassFile,0,0,0,0,0,0.013181,0,0,0,8.641993,0,0,0,0,0,2,0,0,2.213632,0,0.167959,0,18,139,21,1,2,1,0,0,0,5.05,34,0,0,0.149726,2.05,0,19,4.05,0,0,0,0,2.05,0.185817,7.13,0.024961,0.284527,0.060945,44,1,0.024595,8.35,0,0
org.eclipse.jdt.internal.eval.CodeSnippetCompiler,0,0,0,0,0,0.00589,0,0,0,2.6889,0,0,0,0,0,2,0,0,0.65102,0,0.512353,0,10,36,17,1,2,1,0,0,0,6.07,4,0,0,0.017621,0,0,11,0,3,0,0,0,0,0.043988,4.06,0,0.271747,0,18,1,0,1.03,0,0
org.eclipse.jdt.internal.eval.CodeSnippetEnvironment,0,0,0,0,0,0.001763,0,0,0,2.221467,0,0,0,0,0,5,0,0,0.530096,0,0,0,10,51,0,4,1,1,0,0,0,0,17,0,0,0,0,0,11,0,2,0,0,0,0,0.034018,0,0,0,0,0,4,0,0,0,0
org.eclipse.jdt.internal.eval.CodeSnippetEvaluator,2,0,0,0,0,0.003905,0,0,0,3.516344,0,0,0,0,0,7,0,0,0.832994,0,0,0,28,127,5,6,2,1,0,0,9,0,36,0,0,0.050876,3.04,0,28,2.02,3,0,0,0,3.04,0.052076,0,0.045451,0,0.02721,2,0,0.03941,4.08,0,0
org.eclipse.jdt.internal.eval.CodeSnippetFieldReference,0,0,0,0,0,0.007503,0,0,0,5.365706,0,0,0,0,0,7,0,0,1.274864,0,0.348372,0,32,283,145,6,6,1,0,0,13,14.39,54,0,0,0.021131,2.03,0,33,2.03,2,0,0,0,2.03,0.080728,8.08,0.026036,0.19244,0.026691,63,6,0.025163,2.04,0,0
org.eclipse.jdt.internal.eval.CodeSnippetMessageSend,0,0,0,0,0,0.022347,0,0,0,7.613113,0,0,0,0,0,4,0,0,1.947116,0,0.371628,0,35,271,148,3,5,1,0,0,3,15.4,70,0,0,0.060473,3.07,0,36,3.1,2,0,0,0,3.07,0.166997,7.07,0.037549,0.178418,0.048693,60,3,0.03684,5.58,0,0
org.eclipse.jdt.internal.eval.CodeSnippetParser,2,0.037292,0.010799,0,1.01,0.015107,0,1.01,0,6.060254,0,0,2.03,0,0,41,0,0,1.507975,0,0.411301,2.03,46,541,120,40,2,2,0,0,656,6.16,113,0.023435,0.011714,0.064317,2.02,4.32,48,3.04,7,0,0,0,1.01,0.113973,16.27,0.028431,0.391737,0.062638,367,0,0.011452,4.16,0,0.023094
org.eclipse.jdt.internal.eval.CodeSnippetQualifiedNameReference,0,0,0,0,0,0.010593,0,0,0,6.677977,0,0,0,0,0,13,0,0,2.792557,0,0.348372,0,36,481,148,12,7,1,0,0,46,14.39,71,0,0,0.021131,3.04,0,37,2.02,2,0,0,0,3.04,0.605585,7.08,0.039538,0.178418,0.026691,72,12,0.039119,2.03,0.303326,0
org.eclipse.jdt.internal.eval.CodeSnippetReturnStatement,0,0,0,0,0,0.001084,0,0,0,3.075968,0,0,0,0,0,13,0,0,0.723809,0,0.369205,0,20,79,135,12,4,1,0,0,64,15.37,35,0,0,0,1.02,0,21,0,1,0,0,0,1.02,0.044138,1.01,0.014577,0.015549,0,26,12,0.014524,0,0,0
org.eclipse.jdt.internal.eval.CodeSnippetScope,0,0,0,0,0,0.037326,0,0,0,9.257151,0,0,0,0,0,14,0,0,3.404167,0,0.014345,0,21,379,25,11,3,5,0,0,55,1.03,67,0,0,0.05891,2.03,0,26,4.08,0,0,0,0,2.03,0.623116,11.13,0.029133,0.292867,0.070298,97,11,0.027465,5.78,0.294104,0
org.eclipse.jdt.internal.eval.CodeSnippetSingleNameReference,0,0,0,0,0,0.032759,0,0,0,7.179725,0,0,0,0,0,11,0,0,2.960016,0,0.348372,0,40,532,143,10,7,1,0,0,33,14.39,77,0,0,0.347197,3.04,0,41,2.03,2,0,0,0,3.04,0.630673,7.07,0.039538,0.178418,0.026691,66,10,0.039119,4.15,0.303326,0
org.eclipse.jdt.internal.eval.CodeSnippetSkeleton,0,0.10988,0,0,0,0.014517,0.152267,0,0,5.485002,0,0,4.07,0,0,23,0,0,2.433992,0,0,4.07,10,91,0,22,1,1,0,0,231,0,28,0.150806,0,0.129374,2.03,5.27,11,4.07,1,0,4.07,0,2.03,0.542344,0,0.027128,0,0.144149,0,22,0.027375,4.21,0.294104,0.150841
org.eclipse.jdt.internal.eval.CodeSnippetSuperReference,0,0,0,0,1.01,0.0049,0,0,0,4.04935,0,0,0,0,0,8,0,0,1.011421,0,0.348372,0,8,24,135,7,7,1,0,0,21,14.39,11,0,0.024231,0.013359,1.01,0,9,0,0,0,0,0,1.01,0.076145,7.07,0.026316,0.178418,0,64,7,0.025778,1.02,0,0
org.eclipse.jdt.internal.eval.CodeSnippetThisReference,0,0,0,0,0,0.003981,0,0,0,3.308024,0,0,0,0,0,11,0,0,0.810321,0,0.348372,0,18,68,135,10,6,2,0,0,41,14.39,25,0,0,0.025131,0,0,20,0,3,0,0,0,0,0.057294,7.07,0,0.178418,0,60,10,0,1.03,0,0
org.eclipse.jdt.internal.eval.CodeSnippetToCuMapper,1,0,0,0,0,0.017324,0,0,0,7.605131,0,0,0,3,0,7,0,0,1.907202,0,0,0,4,126,0,6,1,2,0,0,7,0,15,0,0,0,1.01,0,6,0,12,0,0,0,1.01,0.151337,0,0.012138,0,0,0,5,0.011388,0,0,0
org.eclipse.jdt.internal.eval.CodeSnippetTypeDeclaration,0,0,0,0,0,0.007048,0,0,0,4.128895,0,0,0,0,0,2,0,0,1.073819,0,0.386461,0,13,48,161,1,4,1,0,0,0,16.42,18,0,0,0.019093,1.01,0,14,1.02,0,0,0,0,1.01,0.091259,1.01,0.029333,0.014591,0.024819,60,1,0.030699,1.01,0,0
org.eclipse.jdt.internal.eval.EvaluationConstants,0,0,0,0,0,0.001763,0,0,0,2.221467,0,0,0,14,0,0,0,0,0.530096,0,0,0,1,16,0,0,0,16,0,0,0,0,4,0,0,0,0,0,17,0,14,0,0,0,0,0.034018,0,0,0,0,0,0,0,0,0,0
org.eclipse.jdt.internal.eval.EvaluationContext,1,0.026557,0.024166,0,1.01,0.010117,0.036963,1.01,0,6.066656,0,0,2.02,0,0,21,0,0,2.588212,0,0,2.02,39,356,0,20,1,14,0,0,104,0,65,0.03768,0.011714,0.064783,5.12,2.27,50,4.11,17,0,2.02,0,6.13,0.559915,0,0.164578,0,0.071421,0,17,0.198199,4.36,0.294474,0.03769
org.eclipse.jdt.internal.eval.EvaluationResult,0,0,0,0,0,0.001955,0,0,0,1.953727,0,0,0,5,0,14,0,0,0.459879,0,0,0,2,119,0,12,1,5,0,0,24,0,23,0,0,0,1.01,0,7,0,11,0,0,0,1.01,0.02818,0,0.016293,0,0,0,11,0.011452,0,0,0
org.eclipse.jdt.internal.eval.Evaluator,0,0,0,0,0,0.00271,0,0,0,2.898372,0,0,0,0,2,7,0,0,0.691974,0,0,0,14,57,0,6,1,3,0,0,15,0,22,0,0,0.040786,1.01,0,16,1.01,5,0,0,0,1.01,0.044352,0,0.017019,0,0.015819,0,0,0.01657,3.03,0,0
org.eclipse.jdt.internal.eval.GlobalVariable,0,0,0,0,0,0.001763,0,0,0,2.221467,0,0,0,0,0,5,0,0,0.530096,0,0,0,0,33,0,4,1,5,0,0,0,0,9,0,0,0,0,0,5,0,7,0,0,0,0,0.034018,0,0,0,0,0,4,0,0,0,0
org.eclipse.jdt.internal.eval.IRequestor,0,0,0,0,0,0.00094,0,0,0,1.953727,0,0,0,0,0,2,0,0,0.459879,0,0,0,2,4,0,2,0,6,0,0,1,0,2,0,0,0,0,0,8,0,0,0,0,0,0,0.02818,0,0,0,0,0,2,0,0,0,0
org.eclipse.jdt.internal.eval.InstallException,0,0,0,0,0,0.001763,0,0,0,2.221467,0,0,0,0,0,2,0,0,0.530096,0,0,0,0,9,0,0,3,2,0,0,0,0,4,0,0,0,0,0,2,0,1,1,0,0,0,0.034018,0,0,0,0,0,0,0,0,0,0
org.eclipse.jdt.internal.eval.VariablesEvaluator,1,0,0,0,1.01,0.004755,0,0,0,3.782882,0,0,0,0,0,7,0,0,0.939827,0,0,0,21,205,5,6,2,1,0,0,15,0,38,0,0.024231,0.013359,2.02,0,21,0,0,0,0,0,2.02,0.069917,0,0.028431,0,0,2,0,0.02284,1.02,0,0
org.eclipse.jdt.internal.eval.VariablesInfo,0,0,0,0,0,0.001763,0,0,0,2.221467,0,0,0,0,0,3,0,0,0.530096,0,0,0,3,32,0,2,1,4,0,0,0,0,5,0,0,0,0,0,7,0,5,0,0,0,0,0.034018,0,0,0,0,0,0,0,0,0,0
org.eclipse.jdt.internal.formatter.AbortFormatting,0,0,0.040086,0,0,0.000814,0,2.04,0,0.877822,0,0,0,0,0,2,0,0,0.196556,0,0,0,0,11,0,0,4,2,0,0,0,0,4,0,0,0,0,0,2,0,2,1,0,0,2.04,0.01009,0,0,0,0,0,0,0.039767,0,0,0
org.eclipse.jdt.internal.formatter.BinaryExpressionFragmentBuilder,3,0.018662,0,0,0,0.027,0.030109,0,0,3.673232,0,0,2.02,0,0,50,0,0,0.944906,0,0,2.02,47,356,0,49,2,1,0,0,1132,0,58,0.030234,0,0.078438,2.02,2.85,48,2.02,3,1,2.02,0,2.02,0.082829,4.33,0.030893,0.040806,0.028804,198,46,0.030406,4.4,0,0.030234
org.eclipse.jdt.internal.formatter.CascadingMethodInvocationFragmentBuilder,0,0,0,0,0,0.000814,0,0,0,0.877822,0,0,0,0,0,4,0,0,0.196556,0,0,0,5,30,0,3,2,1,0,0,0,0,9,0,0,0,0,0,6,0,1,0,0,0,0,0.01009,3.32,0,0.030018,0,238,3,0,0,0,0
org.eclipse.jdt.internal.formatter.CodeFormatterVisitor,42,0,0.011259,0,0,0.234916,0.26216,1.03,0,22.371176,0,2.02,4.07,4,0,138,0.175745,0,6.200344,0,0,4.07,113,4358,0,137,2,5,0,0,0,0,247,0.192329,0,0.617964,6.06,0,116,14.26,9,5,5.07,0,6.08,0.713459,4.29,0.201858,0.053778,0.679092,152,95,0.212478,32.08,0.032398,0.192254
org.eclipse.jdt.internal.formatter.DefaultCodeFormatter,14,0.141843,0.285613,3.03,5.14,0.111084,0.082523,3.04,0.434383,11.697996,0.25538,3.05,4.08,2,0,23,0.218508,5.13,4.52131,0,0.196412,4.08,24,421,9,19,2,4,0,0,0,2.04,69,0.234109,0.439981,0.571043,10.3,2.16,28,9.64,10,8,3.03,0,11.32,0.908603,1.01,0.555014,0.056944,0.48993,1,5,0.605994,16.87,0.326296,0.234132
org.eclipse.jdt.internal.formatter.DefaultCodeFormatterOptions,2,0.02395,0.051345,12.32,12.32,0.079335,0.010549,3.07,0,12.71577,0.350519,1.01,2.03,262,0,12,0,0,3.509809,0,0,2.03,3,2404,0,10,1,7,0,0,19,0,18,0.037615,0.350705,0.326051,0,2.1,9,2.03,262,0,1.02,0,3.07,0.398534,0,0,0,0.0334,0,8,0.051014,16.11,0.009489,0.037571
org.eclipse.jdt.internal.formatter.FormatJavadoc,0,0,0,0,0,0.005621,0.22842,0,0,0.974915,0,0,1.01,0,0,4,0,0,0.650775,0,0,1.01,2,32,139,3,3,2,0,0,1,0,9,0.214186,0,0.140245,0,0,4,1.05,5,0,1.01,0,0,0.21799,0,0,0,0.203097,24,3,0,1.12,0.032337,0.215111
org.eclipse.jdt.internal.formatter.FormatJavadocBlock,1,0.180118,0.244758,0,1.03,0.038886,0.22842,1.01,0.224561,1.412593,0,0,1.05,0,0,20,0,1.01,1.047963,0,0.25,1.05,5,247,6,19,2,4,0,0,0,1.02,41,0.214186,0.236793,0.432715,0,1.13,8,1.1,15,1,1.03,0,0,0.363882,1.02,0,0.225725,0.203097,3,11,0,2.6,0.091571,0.215111
org.eclipse.jdt.internal.formatter.FormatJavadocNode,0,0.180118,0,0,1.02,0.007625,0.22842,0,0,0.974915,0,0,1.07,0,3,10,0,0,0.650775,0,0,1.07,1,44,0,9,1,5,0,0,30,0,16,0.214186,0.236793,0.140245,0,1.29,6,1.13,6,0,1.04,0,0,0.21799,0,0,0,0.203097,0,5,0,1.31,0.032337,0.215111
org.eclipse.jdt.internal.formatter.FormatJavadocReference,0,0,0,0,1.01,0.006395,0.22842,0,0,0.974915,0,0,0,0,0,4,0,0,0.650775,0,0.25,1.01,1,14,6,2,2,3,0,0,1,1.02,7,0.214186,0.236793,0.140245,0,0,4,1.04,0,0,1.01,0,0,0.21799,1.06,0,0.225725,0.203097,7,0,0,1.09,0.032337,0
org.eclipse.jdt.internal.formatter.FormatJavadocText,1,0.180118,0,0,0,0.030255,0.22842,0,0,0.974915,0,0,1.04,0,0,17,0,0,0.650775,0,0.25,1.04,3,201,6,16,2,3,0,0,8,1.02,31,0.214186,0,0.140245,1.01,1.04,5,1.12,7,1,1.01,0,0,0.21799,1.03,0.23139,0.225725,0.203097,3,6,0,1.97,0.032337,0.215111
org.eclipse.jdt.internal.formatter.FormatterCommentParser,2,0.400224,0,0,1.01,0.092324,0.22842,0,0.224561,2.21149,0,0,2.07,0,0,26,0,1.01,2.192294,0,0,2.07,16,471,57,25,3,1,0,0,286,0,63,0.524461,0.236793,0.749832,2.03,3.45,17,3.15,3,1,1.01,0,2.03,0.763331,2.05,0.73139,0.541765,0.996832,21,3,0.728365,4.45,0.385468,0.525387
org.eclipse.jdt.internal.formatter.ICodeFormatterConstants,0,0,0,0,0,0.002438,0,0,0,0.253321,0,0,0,4,0,0,0,0,0.109968,0,0,0,0,6,0,0,0,2,0,0,0,0,0,0,0,0,0,0,2,0,4,0,0,0,0,0.025332,0,0,0,0,0,0,0,0,0.000031,0
org.eclipse.jdt.internal.formatter.Location,0,0,0,1.01,1.01,0.000939,0,0,0,1.418997,0.010461,0,0,10,0,2,0,0,0.318691,0,0,0,2,30,0,1,1,2,0,0,0,0,3,0,0.010452,0.00938,0,0,3,0,12,0,0,0,0,0.016532,0,0,0,0,0,1,0,1.02,0,0
org.eclipse.jdt.internal.formatter.OptimizedReplaceEdit,0,0,0.040086,0,0,0.001064,0,2.04,0,1.49535,0,0,0,0,0,2,0,0,0.335552,0,0,0,0,13,0,1,1,2,0,0,0,0,2,0,0,0,0,0,2,0,3,0,0,0,2.04,0.017355,0,0,0,0,0,1,0.039767,0,0,0
org.eclipse.jdt.internal.formatter.Scribe,41,0.978276,0.011259,1.02,10.16,1.017228,0.571451,1.01,1.032999,18.254372,0.010461,11.34,12.41,19,0,97,0.674593,8.13,6.779739,0,0,12.41,35,3374,0,96,1,5,0,0,1530,0,185,0.961946,1.370273,1.384854,7.22,28.84,37,14.9,39,19,7.09,0,8.23,1.312606,0,0.36943,0,1.535179,0,44,0.400872,43.7,0.386913,0.963232
org.eclipse.jdt.internal.formatter.align.Alignment,0,0,0.040086,0,0,0.005165,0.013457,2.04,0,4.388716,0,0,1.01,36,0,11,0,0,1.053917,0,0,1.01,3,254,0,10,1,4,0,0,0,0,24,0.012582,0,0.010541,0,0,6,1.01,36,0,1.01,0,2.04,0.070992,0,0,0,0.011058,0,10,0.039767,1.08,0,0.012582
org.eclipse.jdt.internal.formatter.align.AlignmentException,0,0,0.040086,0,0,0.000814,0,2.06,0,0.877822,0,0,0,3,0,3,0,0,0.196556,0,0,0,0,32,0,1,4,3,0,0,0,0,7,0,0,0,0,0,3,0,6,1,0,0,2.06,0.01009,0,0,0,0,0,1,0.039767,0,0,0
org.eclipse.jdt.internal.formatter.comment.CommentFormatterUtil,1,0,0.187354,0,0,0.005493,0,1.01,0,1.961173,0,0,0,0,0,5,0,0,0.472536,0,0,0,3,48,0,4,1,3,0,0,6,0,19,0,0,0,1.01,0,6,0,0,0,0,0,2.02,0.031193,0,0.017019,0,0,0,3,0.196891,0,0,0
org.eclipse.jdt.internal.formatter.comment.CommentLine,0,0.006517,0,0,0,0.011662,0.005609,0,0,2.348268,0,0,1.01,0,2,19,0,0,0.55659,0,0,1.01,4,127,0,18,1,6,0,0,91,0,49,0.006519,0,0.009071,1.01,1.05,9,1.04,4,3,1.01,0,1.01,0.034759,0,0.015794,0,0.010568,0,1,0.014298,1.08,0,0.006519
org.eclipse.jdt.internal.formatter.comment.CommentRange,0,0,0,0,0,0.015915,0,0,0,3.146858,0,0,0,0,0,12,0,0,0.8076,0,0,0,3,122,0,11,2,7,0,0,53,0,24,0,0,0.017581,1.01,0,10,1.03,1,1,0,0,1.01,0.065651,0,0.028139,0,0.026172,0,4,0.027751,1.04,0,0
org.eclipse.jdt.internal.formatter.comment.CommentRegion,3,0.008553,0,0,1.01,0.029194,0,0,0.036558,3.865748,0,0,0,0,1,29,0,2.02,0.968177,0,0,0,12,237,0,28,2,8,0,0,346,0,76,0,0.018238,0.03677,1.01,1.04,17,2.02,12,8,0,0,1.01,0.073425,0,0.015794,0,0.027438,0,1,0.014298,2.07,0,0
org.eclipse.jdt.internal.formatter.comment.HTMLEntity2JavaReader,1,0,0.187354,0,0,0.009331,0,1.01,0,2.066786,0,0,0,0,0,4,0,0,0.520956,0,0,0,2,56,0,3,3,2,0,0,3,0,20,0,0,0,1.01,0,4,1.01,1,1,0,0,2.02,0.041394,0,0.015794,0,0.027774,10,0,0.194619,0,0,0
org.eclipse.jdt.internal.formatter.comment.IBorderAttributes,0,0,0,0,0,0.002162,0,0,0,1.961173,0,0,0,2,0,0,0,0,0.472536,0,0,0,0,4,0,0,0,3,0,0,0,0,0,0,0,0,0,0,3,0,2,0,0,0,0,0.031193,0,0,0,0,0,0,0,0,0,0
org.eclipse.jdt.internal.formatter.comment.ICommentAttributes,0,0,0,0,0,0.00346,0,0,0,1.961173,0,0,0,14,0,0,0,0,0.472536,0,0,0,0,16,0,0,0,5,0,0,0,0,0,0,0,0,0,0,5,0,14,0,0,0,0,0.031193,0,0,0,0,0,0,0,0,0,0
org.eclipse.jdt.internal.formatter.comment.IHtmlTagDelimiters,0,0,0,0,0,0.002831,0,0,0,3.146858,0,0,0,3,0,0,0,0,0.8076,0,0,0,0,5,0,0,0,3,0,0,0,0,1,0,0,0,0,0,3,1.01,3,0,0,0,0,0.065651,0,0,0,0.026172,0,0,0,0,0,0
org.eclipse.jdt.internal.formatter.comment.IJavaDocTagConstants,0,0,0.187354,3.23,3.23,0.022451,0,1.04,0,4.559451,0.382851,0,0,35,0,0,0,0,1.855563,0,0,0,0,94,0,0,0,7,0,0,0,0,2,0,0.412021,0.261407,0,0,7,2.02,35,0,0,0,1.04,0.429533,0,0,0,0.175534,0,0,0.180321,3.8,0.091571,0
org.eclipse.jdt.internal.formatter.comment.Java2HTMLEntityReader,0,0,0.187354,0,1.02,0.127651,0,1.01,0.041148,2.321765,0,0,0,0,0,2,0,1.02,0.587524,0,0,0,2,46,0,1,3,2,0,0,0,0,16,0,0.041749,0.03241,1.01,0,4,1.08,3,3,0,0,2.02,0.046871,0,0.043478,0,0.027774,10,0,0.223799,1.26,0,0
org.eclipse.jdt.internal.formatter.comment.JavaDocLine,0,0,0,0,0,0.003027,0,0,0,1.961173,0,0,0,1,0,3,0,0,0.472536,0,0,0,4,16,4,2,3,1,0,0,1,0,10,0,0,0,0,0,5,0,1,0,0,0,0,0.031193,1.01,0,0.003255,0,17,0,0,0,0,0
org.eclipse.jdt.internal.formatter.comment.JavaDocRegion,5,0,0,0,0,0.020597,0,0,0,5.548074,0,0,0,0,0,14,0,0,2.514737,0,0.027778,0,15,185,4,13,4,1,0,0,74,1.01,72,0,0,0.031689,1.01,0,16,2.04,3,3,0,0,1.01,0.580189,0,0.015794,0,0.037988,23,0,0.014298,2.08,0.303326,0
org.eclipse.jdt.internal.formatter.comment.MultiCommentLine,2,0,0,0,0,0.018301,0,0,0,2.89188,0,0,0,3,1,12,0,0,0.741032,0,0,0,11,229,1,11,2,3,0,0,49,0,52,0,0,0.017581,1.01,0,13,1.01,5,2,0,0,1.01,0.060174,1.01,0.015794,0.003255,0.026172,10,0,0.014298,1.06,0,0
org.eclipse.jdt.internal.formatter.comment.MultiCommentRegion,0,0,0,0,0,0.011354,0,0,0,4.074217,0,0,0,0,1,11,0,0,1.05173,0,0.027778,0,8,113,4,10,3,3,0,0,39,1.01,39,0,0,0.020984,0,0,10,1.01,4,4,0,0,0,0.086593,0,0,0,0.026172,20,0,0,1.01,0,0
org.eclipse.jdt.internal.formatter.comment.SingleCommentLine,0,0,0,0,0,0.005124,0,0,0,1.961173,0,0,0,1,0,9,0,0,0.472536,0,0,0,3,43,1,8,2,1,0,0,20,0,23,0,0,0,0,0,3,0,3,2,0,0,0,0.031193,1.01,0,0.003255,0,10,0,0,0,0,0
org.eclipse.jdt.internal.formatter.comment.SubstitutionTextReader,0,0,0,0,0,0.013857,0,0,0,2.066786,0,0,0,0,2,12,0,0,0.520956,0,0,0,1,107,0,11,2,2,0,0,21,0,25,0,0,0,1.01,0,3,0,7,7,0,0,1.01,0.041394,0,0.015794,0,0,0,6,0.014298,0,0,0
org.eclipse.jdt.internal.formatter.old.CodeFormatter,0,0,0,0,0,0.006108,0,0,0,2.173992,0,0,0,0,0,2,0,0,0.490706,0,0,0,7,130,0,1,1,1,0,0,0,0,17,0,0,0,0,0,8,0,1,1,0,0,0,0.025926,0,0,0,0,0,1,0,0,0,0
