name,ck_oo_numberOfPrivateMethods,LDHH_lcom,LDHH_fanIn,WCHU_numberOfPublicAttributes,WCHU_numberOfAttributes,CvsWEntropy,LDHH_numberOfPublicMethods,WCHU_fanIn,LDHH_numberOfPrivateAttributes,CvsEntropy,LDHH_numberOfPublicAttributes,WCHU_numberOfPrivateMethods,WCHU_numberOfMethods,ck_oo_numberOfPublicAttributes,ck_oo_noc,ck_oo_wmc,LDHH_numberOfPrivateMethods,WCHU_numberOfPrivateAttributes,CvsLogEntropy,WCHU_noc,LDHH_numberOfAttributesInherited,WCHU_wmc,ck_oo_fanOut,ck_oo_numberOfLinesOfCode,ck_oo_numberOfAttributesInherited,ck_oo_numberOfMethods,ck_oo_dit,ck_oo_fanIn,LDHH_noc,WCHU_dit,ck_oo_lcom,WCHU_numberOfAttributesInherited,ck_oo_rfc,LDHH_wmc,LDHH_numberOfAttributes,LDHH_numberOfLinesOfCode,WCHU_fanOut,WCHU_lcom,ck_oo_cbo,WCHU_rfc,ck_oo_numberOfAttributes,ck_oo_numberOfPrivateAttributes,WCHU_numberOfPublicMethods,LDHH_dit,WCHU_cbo,CvsLinEntropy,WCHU_numberOfMethodsInherited,LDHH_fanOut,LDHH_numberOfMethodsInherited,LDHH_rfc,ck_oo_numberOfMethodsInherited,ck_oo_numberOfPublicMethods,LDHH_cbo,WCHU_numberOfLinesOfCode,CvsExpEntropy,LDHH_numberOfMethods
com.sleepycat.db.DbHandleExtractor,0,0,0,0,0,0.001582,0,0,0,1.543304,0,0,0,0,0,3,0,0,1.169512,0,0,0,0,13,0,2,1,1,0,0,1,0,3,0,0,0,0,0,1,0,0,0,0,0,0,0.346995,0,0,0,0,0,2,0,0,0.242286,0
lucli.LuceneMethods,5,0,0,0,1.01,0.029492,0,0,0,1.89848,0,0,0,0,0,13,0,2.07,1.538865,0,0,0,19,209,0,12,1,1,0,0,24,0,89,0,0,0.189127,4.04,0,20,4.07,8,8,0,0,4.04,0.494468,0,0.054807,0,0.708171,0,7,0.053827,3.03,0.273376,0
lucli.Lucli,12,0.009874,0,0,0,0.000385,0,0,0,0.360349,0,1.01,1.01,1,0,14,0,0,0.093588,0,0,1.01,2,196,0,13,1,0,0,0,64,0,50,0,0,0.004904,2.02,1.06,2,1.01,19,0,0,0,2.02,0.007667,0,0.024384,0,0.009301,0,1,0.021122,1.18,0,0
org.apache.lucene.LucenePackage,0,0,0,0,0,0.004501,0,0,0,1.434709,0,0,0,0,0,2,0,0,0.347194,0,0,0,0,6,0,1,1,0,0,0,0,0,3,0,0,0,0,0,0,0,0,0,0,0,0,0.023545,0,0,0,0,0,1,0,0,0,0
org.apache.lucene.SearchTestForDuplicates,1,0,0,0,0,0.005948,0,0,0,2.675379,0,0,0,0,0,3,0,0,1.620602,0,0,0,15,50,0,2,1,0,0,0,0,0,23,0,0,0,3.04,0,15,1.01,5,0,0,0,3.04,0.439869,0,0.121918,0,0.088462,0,1,0.123732,0,0.242369,0
org.apache.lucene.analysis.Analyzer,0,0.037971,0.697581,0,1.01,0.01282,0.052054,25.46,0.02745,3.506037,0,0,3.05,0,20,6,0,1.01,0.91485,5.06,0,3.05,1,17,0,5,1,59,0.108916,0,8,0,9,0.051987,0.023356,0.048217,0,3.11,60,3.08,1,1,3.03,0,25.46,0.080183,0,0,0,0.055976,0,3,0.714495,3.21,0,0.053034
org.apache.lucene.analysis.CachingTokenFilter,1,0,0.081606,0,0,0.059118,0,1.02,0,2.09185,0,0,0,0,0,4,0,0,0.962656,0,0,0,3,30,1,3,3,2,0,0,0,0,12,0,0,0.204349,0,0,5,2.02,2,2,0,0,1.02,0.245237,1.01,0,0.031409,0.256369,2,2,0.081654,2.04,0.031174,0
org.apache.lucene.analysis.CharArraySet,7,0.021858,0.084272,0,1.02,0.029238,0.037188,1.03,0.041868,2.128959,0,1.04,1.11,0,0,19,0.036185,1.02,0.670336,0,0,1.12,0,178,0,17,3,4,0,1.02,80,0,29,0.034888,0.042131,0.082364,0,1.77,4,1.2,4,4,1.07,0,1.03,0.089601,0,0,0,0.036415,0,10,0.084272,2.76,0,0.036341
org.apache.lucene.analysis.CharTokenizer,0,0.020168,0,0,1.01,0.007658,0.029805,0,0.02745,2.274914,0,0,1.01,0,3,5,0,1.01,0.909177,0,0,1.01,2,54,1,4,3,3,0,0,4,0,14,0.028105,0.023356,0.242675,0,1.01,5,3.06,6,6,1.01,0,0,0.202855,2.02,0,0.057725,0.30271,3,2,0,3.11,0.03109,0.029109
org.apache.lucene.analysis.ISOLatin1AccentFilter,0,0,0,0,1.02,0.282896,0,0,0.02745,3.847906,0,2.02,2.02,0,0,3,0.028911,1.02,1.489153,0,0,2.02,3,197,1,2,3,0,0,0,0,0,8,0.028105,0.023356,0.401071,0,1.01,3,3.08,2,2,0,0,0,0.327574,2.02,0,0.057725,0.045289,3,2,0,4.6,0.041603,0.029109
org.apache.lucene.analysis.KeywordAnalyzer,0,0.020168,0,0,0,0.033077,0.029805,0,0,3.345242,0,0,1.01,0,0,3,0,0,0.859463,0,0,1.01,4,16,0,2,2,0,0,0,1,0,7,0.028105,0,0.065291,1.01,1.01,4,2.04,0,0,1.01,0,1.01,0.073655,3.04,0.028465,0.058468,0.072827,3,2,0.028903,2.1,0,0.029109
org.apache.lucene.analysis.KeywordTokenizer,0,0,0,0,1.01,0.028857,0.045655,0,0.02745,4.51037,0,0,1.01,0,0,4,0,1.01,1.459206,0,0,1.01,2,34,1,2,3,1,0,0,0,0,11,0.042421,0.023356,0.259815,0,0,3,4.07,2,2,1.01,0,0,0.245931,3.04,0,0.105344,0.345779,3,2,0,3.06,0.03109,0.045912
org.apache.lucene.analysis.LengthFilter,0,0,0,0,0,0.003145,0,0,0,2.377398,0,0,0,0,0,2,0,0,0.907909,0,0,0,3,22,1,1,3,0,0,0,0,0,5,0,0,0.17703,0,0,3,1.01,2,0,0,0,0,0.195246,2.02,0,0.057725,0.029757,3,1,0,1.01,0.03109,0
org.apache.lucene.analysis.LetterTokenizer,0,0,0,0,0,0.001321,0,0,0,0.884702,0,0,0,0,1,2,0,0,0.226138,0,0,0,1,8,1,1,4,1,0,0,0,0,4,0,0,0,0,0,2,0,0,0,0,0,0,0.017694,2.03,0,0.057725,0,6,0,0,0,0,0
org.apache.lucene.analysis.LowerCaseFilter,0,0,0,0,0,0.003994,0,0,0,2.030119,0,0,0,0,0,2,0,0,0.827475,0,0,0,3,17,1,1,3,6,0,0,0,0,7,0,0,0.201106,0,0,9,2.02,0,0,0,0,0,0.190616,2.02,0,0.057725,0.256715,3,1,0,2.05,0.03109,0
org.apache.lucene.analysis.LowerCaseTokenizer,0,0,0,0,0,0.001321,0,0,0,0.884702,0,0,0,0,0,2,0,0,0.226138,0,0,0,1,8,1,1,5,2,0,0,0,0,4,0,0,0,0,0,3,0,0,0,0,0,0,0.017694,2.03,0,0.057725,0,6,0,0,0,0,0
org.apache.lucene.analysis.PerFieldAnalyzerWrapper,0,0,0.054668,0,0,0.028817,0.029805,2.02,0,3.132638,0,0,3.03,0,0,6,0,0,0.777194,0,0,3.03,2,32,0,5,2,0,0,0,0,0,12,0.057727,0,0.049754,0,0,2,3.05,2,2,3.03,0,2.02,0.057632,4.05,0,0.058468,0.057864,2,5,0.054736,3.15,0,0.046966
org.apache.lucene.analysis.PorterStemFilter,0,0,0,0,0,0.00409,0,0,0,2.030119,0,0,0,0,0,2,0,0,0.827475,0,0,0,4,16,1,1,3,0,0,0,0,0,11,0,0,0.024076,0,0,4,2.05,1,1,0,0,0,0.190616,2.02,0,0.057725,0.256715,3,1,0,1.02,0.03109,0
org.apache.lucene.analysis.PorterStemmer,12,0,0,0,0,0.001481,0,0,0,1.774673,0,0,0,0,0,27,0,0,0.509936,0,0,0,0,336,0,26,1,1,0,0,23,0,40,0,0,0.034334,1.01,0,1,1.01,8,8,0,0,1.01,0.056388,0,0.014711,0,0.036415,0,12,0.014466,1.02,0,0
org.apache.lucene.analysis.SimpleAnalyzer,0,0.020168,0.034068,0,0,0.002643,0.029805,3.03,0,1.405652,0,0,1.01,0,0,3,0,0,0.377828,0,0,1.01,4,14,0,2,2,5,0,0,1,0,7,0.028105,0,0.024076,1.01,1.01,9,1.04,0,0,1.01,0,4.04,0.034499,3.04,0.028465,0.058468,0.029757,3,2,0.062087,1.09,0,0.029109
org.apache.lucene.analysis.SinkTokenizer,0,0,0.042133,0,0,0.01578,0.044018,1.03,0,3.143135,0,0,1.01,0,3,8,0,0,1.993045,1.03,0,1.03,2,37,1,5,3,4,0.044134,0,0,0,15,0.043066,0,0.213136,0,0,6,1.04,2,0,1.01,0,1.03,0.569272,1.01,0,0.043647,0.042913,2,5,0.042133,2.15,0.273376,0.044071
org.apache.lucene.analysis.StopAnalyzer,0,0,0.036798,0,0,0.006449,0.029805,3.03,0,3.591368,0,0,1.01,1,0,7,0,0,0.883684,0,0,4.04,6,40,0,2,2,3,0,0,0,0,16,0.061431,0,0.052717,3.04,0,9,4.1,2,1,1.01,0,5.07,0.063885,3.04,0.052278,0.058468,0.061736,3,2,0.076118,4.21,0,0.029109
org.apache.lucene.analysis.StopFilter,0,0.096776,0.082251,0,3.04,0.108139,0.075523,3.04,0.101801,5.30913,0,2.02,5.1,0,0,11,0.065096,3.04,1.814256,0,0,5.15,4,60,1,7,3,14,0,0,13,0,22,0.137522,0.103532,0.360248,1.01,5.3,18,6.33,3,3,3.08,0,4.05,0.316707,2.02,0.028465,0.057725,0.36558,3,7,0.110117,7.81,0.031092,0.140936
org.apache.lucene.analysis.TeeTokenFilter,0,0,0,0,0,0.007119,0,0,0,2.651119,0,0,0,0,0,2,0,0,1.831463,0,0,0,4,13,1,1,3,0,0,0,0,0,5,0,0,0.17703,0,0,4,0,1,0,0,0,0,0.545843,0,0,0,0,3,1,0,1.01,0.273376,0
org.apache.lucene.analysis.Token,4,0.357275,1.057232,1.01,4.06,0.11359,0.385208,29.56,0.119033,7.525929,0,2.04,8.35,1,0,49,0.028911,3.04,2.544486,0,0,8.41,2,369,0,41,1,83,0,0,74,0,69,0.396659,0.11041,0.343011,2.02,10.19,85,8.6,11,3,8.31,0,30.58,0.425707,0,0.270539,0,0.412688,0,37,1.289842,11.4,0.031118,0.402668
org.apache.lucene.analysis.TokenFilter,0,0,0.406764,0,0,0.004288,0.142857,12.14,0,3.648865,0,0,1.01,0,27,3,0,0,1.31689,12.14,0,2.02,1,13,0,2,2,27,0.212428,0,0,0,5,0.156593,0,0.14327,0,0,28,2.03,1,0,1.01,0,12.14,0.26014,3.03,0,0.200582,0.152186,2,2,0.40984,2.05,0.031858,0.142857
org.apache.lucene.analysis.TokenStream,0,0.036072,0.952747,0,0,0.013504,0.056121,27.49,0,3.69943,0,0,2.02,0,7,5,0,0,1.339915,1.05,0,2.02,2,19,0,4,1,83,0,0,6,0,9,0.052347,0,0.250272,1.01,2.05,85,3.06,0,0,2.02,0,27.5,0.255617,0,0.043478,0,0.086821,0,4,0.929346,4.15,0.03109,0.054398
org.apache.lucene.analysis.Tokenizer,0,0,0.144023,0,0,0.004757,0.045655,5.09,0,2.766931,0,0,1.01,0,9,4,0,0,1.070759,4.05,0,1.01,1,13,0,2,2,13,0.074031,0,0,0,5,0.028105,0,0.024076,0,0,14,1.01,1,0,1.01,0,5.09,0.226285,2.02,0,0.057725,0.029757,3,2,0.1471,1.03,0.03109,0.029109
org.apache.lucene.analysis.WhitespaceAnalyzer,0,0.020168,0.030813,0,0,0.002643,0.029805,3.04,0,1.405652,0,0,1.01,0,0,3,0,0,0.377828,0,0,1.01,4,14,0,2,2,5,0,0,1,0,7,0.028105,0,0.024076,1.01,1.01,9,1.04,0,0,1.01,0,4.05,0.034499,3.04,0.028465,0.058468,0.029757,3,2,0.05978,1.09,0,0.029109
org.apache.lucene.analysis.WhitespaceTokenizer,0,0,0,0,0,0.001321,0,0,0,0.884702,0,0,0,0,0,2,0,0,0.226138,0,0,0,1,8,1,1,4,1,0,0,0,0,4,0,0,0,0,0,2,0,0,0,0,0,0,0.017694,2.03,0,0.057725,0,6,0,0,0,0,0
org.apache.lucene.analysis.WordlistLoader,0,0.021687,0.026696,0,0,0.018471,0.03363,2.03,0,3.262747,0,1.01,2.04,0,0,4,0.011883,0,0.818039,0,0,2.04,0,57,0,3,1,7,0,0,3,0,16,0.025226,0,0.033011,1.01,2.17,7,3.07,0,0,3.05,0,3.04,0.06196,0,0.013632,0,0.036664,0,3,0.037114,3.38,0,0.025395
org.apache.lucene.analysis.br.BrazilianAnalyzer,0,0,0,0,0,0.023199,0,0,0,2.863218,0,0,0,1,0,8,0,0,1.463544,0,0,0,8,53,0,4,2,0,0,0,0,0,18,0,0,0,1.01,0,8,0,3,2,0,0,1.01,0.361822,3.05,0.013632,0.058468,0,4,4,0.01037,0,0.242286,0
org.apache.lucene.analysis.br.BrazilianStemFilter,0,0,0,0,1.01,0.026216,0,0,0.243494,4.907522,0,0,0,0,0,3,0,1.01,2.237448,0,0,1.01,4,26,1,1,3,1,0,0,0,0,11,0.013736,0.244556,0.189205,0,0,5,3.07,2,2,0,0,0,0.535903,2.02,0,0.057725,0.248016,3,1,0,2.06,0.273376,0
org.apache.lucene.analysis.br.BrazilianStemmer,16,0,0,0,0,0.01738,0,0,0,2.204616,0,0,0,0,0,19,0,0,0.520171,0,0,0,0,761,0,18,1,1,0,0,97,0,26,0,0,0,0,0,1,0,5,5,0,0,0,0.032521,0,0,0,0,0,1,0,0,0,0
org.apache.lucene.analysis.cjk.CJKAnalyzer,0,0,0,0,0,0.010521,0,0,0,2.223676,0,0,0,1,0,3,0,0,1.320708,0,0,0,4,22,0,1,2,0,0,0,0,0,6,0,0,0,0,0,4,0,2,1,0,0,0,0.354555,3.05,0,0.058468,0,4,1,0,0,0.242286,0
org.apache.lucene.analysis.cjk.CJKTokenizer,0,0,0,0,0,0.010834,0,0,0,2.848142,0,0,0,0,0,2,0,0,1.770356,0,0,0,2,112,1,1,3,1,0,0,0,0,8,0,0,0.17703,0,0,3,1.01,9,9,0,0,0,0.510671,2.03,0,0.057725,0.226957,4,1,0,1.01,0.273376,0
org.apache.lucene.analysis.cn.ChineseAnalyzer,0,0,0,0,0,0.009963,0,0,0,2.223676,0,0,0,0,0,2,0,0,1.320708,0,0,0,4,9,0,1,2,0,0,0,0,0,4,0,0,0,0,0,4,0,0,0,0,0,0,0.354555,3.05,0,0.058468,0,4,1,0,0,0.242286,0
org.apache.lucene.analysis.cn.ChineseFilter,0,0,0,0,0,0.025252,0,0,0,2.48447,0,0,0,1,0,2,0,0,1.690072,0,0,0,3,35,1,1,3,1,0,0,0,0,11,0,0,0.17703,0,0,4,0,2,1,0,0,0,0.506752,2.02,0,0.057725,0,3,1,0,1.01,0.273376,0
org.apache.lucene.analysis.cn.ChineseTokenizer,2,0,0,0,0,0.013057,0,0,0,3.840352,0,0,0,0,0,4,0,0,2.017468,0,0,0,2,58,1,3,3,1,0,0,0,0,8,0,0,0.186645,0,0,3,1.01,9,9,0,0,0,0.52884,2.03,0,0.057725,0.226957,4,1,0,2.02,0.273376,0
org.apache.lucene.analysis.compound.CompoundWordTokenFilterBase,0,0,0,0,0,0.029005,0,0,0,1.217619,0,0,0,3,2,13,0,0,0.696918,0,0,0,4,90,1,7,3,2,0,0,19,0,35,0,0,0.17703,0,0,6,1.01,9,0,0,0,0,0.21004,0,0,0,0.226957,3,2,0,1.01,0.031117,0
org.apache.lucene.analysis.compound.DictionaryCompoundWordTokenFilter,0,0,0,0,0,0.01901,0,0,0,0.593153,0,0,0,0,0,5,0,0,0.24727,0,0,0,4,46,10,1,4,0,0,0,0,0,15,0,0,0,0,0,4,0,0,0,0,0,0,0.053923,0,0,0,0,9,0,0,0,0.000027,0
org.apache.lucene.analysis.compound.HyphenationCompoundWordTokenFilter,0,0,0,0,0,0.036186,0,0,0,0.593153,0,0,0,0,0,8,0,0,0.24727,0,0,0,6,94,10,4,4,0,0,0,6,0,24,0,0,0,0,0,6,0,1,1,0,0,0,0.053923,0,0,0,0,9,3,0,0,0.000027,0
org.apache.lucene.analysis.compound.hyphenation.ByteVector,0,0,0,0,0,0.021011,0,0,0,0.593153,0,0,0,0,0,11,0,0,0.24727,0,0,0,0,65,0,7,1,1,0,0,0,0,12,0,0,0,0,0,1,0,4,4,0,0,0,0.053923,0,0,0,0,0,7,0,0,0.000027,0
org.apache.lucene.analysis.compound.hyphenation.CharVector,0,0,0,0,0,0.022679,0,0,0,0.593153,0,0,0,0,0,13,0,0,0.24727,0,0,0,0,73,0,9,1,2,0,0,0,0,15,0,0,0,0,0,2,0,4,4,0,0,0,0.053923,0,0,0,0,0,9,0,0,0.000027,0
org.apache.lucene.analysis.compound.hyphenation.Hyphen,0,0,0,0,0,0.011506,0,0,0,0.593153,0,0,0,3,0,3,0,0,0.24727,0,0,0,0,29,0,1,1,1,0,0,0,0,8,0,0,0,0,0,1,0,3,0,0,0,0,0.053923,0,0,0,0,0,1,0,0,0.000027,0
org.apache.lucene.analysis.compound.hyphenation.Hyphenation,0,0,0,0,0,0.009005,0,0,0,0.593153,0,0,0,0,0,3,0,0,0.24727,0,0,0,0,13,0,2,1,2,0,0,0,0,3,0,0,0,0,0,2,0,2,2,0,0,0,0.053923,0,0,0,0,0,2,0,0,0.000027,0
org.apache.lucene.analysis.compound.hyphenation.HyphenationDTDGenerator,0,0,0,0,0,0.087267,0,0,0,0.873038,0,0,0,1,0,2,0,0,28.375556,0,0,0,0,74,0,1,1,1,0,0,0,0,4,0,0,0,0,0,1,0,1,0,0,0,0,0.333809,0,0,0,0,0,1,0,0,0.279913,0
org.apache.lucene.analysis.compound.hyphenation.HyphenationException,0,0,0,0,0,0.005336,0,0,0,0.593153,0,0,0,0,0,1,0,0,0.24727,0,0,0,0,5,0,0,3,2,0,0,0,0,2,0,0,0,0,0,2,0,0,0,0,0,0,0.053923,0,0,0,0,0,0,0,0,0.000027,0
org.apache.lucene.analysis.compound.hyphenation.HyphenationTree,0,0,0,0,0,0.079209,0,0,0,0.593153,0,0,0,0,0,15,0,0,0.24727,0,0,0,7,256,9,14,2,1,0,0,61,0,55,0,0,0,0,0,8,0,5,2,0,0,0,0.053923,0,0,0,0,18,9,0,0,0.000027,0
org.apache.lucene.analysis.compound.hyphenation.PatternConsumer,0,0,0,0,0,0.009172,0,0,0,0.593153,0,0,0,0,0,3,0,0,0.24727,0,0,0,0,5,0,3,0,2,0,0,3,0,3,0,0,0,0,0,2,0,0,0,0,0,0,0.053923,0,0,0,0,0,3,0,0,0.000027,0
org.apache.lucene.analysis.compound.hyphenation.PatternParser,1,0,0,0,0,0.087267,0,0,0,0.873038,0,0,0,0,0,24,0,0,28.375556,0,0,0,4,290,0,22,2,1,0,0,203,0,78,0,0,0.690343,0,0,5,0,11,0,0,0,0,0.333809,0,0,0,0,0,15,0,1.01,0.279913,0
org.apache.lucene.analysis.compound.hyphenation.TernaryTree,3,0,0,0,0,0.110559,0,0,0,0.593153,0,0,0,0,1,23,0,0,0.24727,0,0,0,1,279,0,22,1,1,0,0,117,0,42,0,0,0,0,0,2,0,9,0,0,0,0,0.053923,0,0,0,0,0,17,0,0,0.000027,0
org.apache.lucene.analysis.cz.CzechAnalyzer,0,0,0,0,0,0.018886,0,0,0,3.567267,0,0,0,1,0,6,0,0,1.630982,0,0,1.01,7,63,0,2,2,0,0,0,0,0,18,0.013736,0,0.012175,2.02,0,7,1.03,2,1,0,0,2.02,0.37233,3.05,0.028343,0.058468,0.013676,4,2,0.024835,1.03,0.242286,0
org.apache.lucene.analysis.de.GermanAnalyzer,0,0,0.010102,0,0,0.004811,0,1.01,0,2.064253,0,0,0,1,0,8,0,0,1.321201,0,0,0,8,47,0,4,2,0,0,0,0,0,18,0,0,0,1.01,0,8,0,3,2,0,0,2.02,0.3638,3.05,0.013632,0.058468,0,4,4,0.02047,0,0.242286,0
org.apache.lucene.analysis.de.GermanStemFilter,0,0,0,0,1.01,0.008663,0.014199,0,0.243494,2.734168,0,0,1.01,0,0,5,0,1.01,0.994913,0,0,1.02,4,40,1,3,3,1,0,0,0,0,13,0.013736,0.244556,0.189205,0,0,5,2.07,2,2,1.01,0,0,0.201124,2.02,0,0.057725,0.240633,3,3,0,2.13,0.03109,0.013943
org.apache.lucene.analysis.de.GermanStemmer,6,0,0,0,0,0.006587,0,0,0,2.045194,0,0,0,0,0,8,0,0,0.520664,0,0,0,0,172,0,7,1,1,0,0,19,0,24,0,0,0,0,0,1,0,2,2,0,0,0,0.041766,0,0,0,0,0,0,0,0,0,0
org.apache.lucene.analysis.el.GreekAnalyzer,1,0,0,0,0,0.032576,0,0,0,1.338973,0,0,0,0,0,6,0,0,1.09457,0,0,0,6,148,0,2,2,0,0,0,1,0,16,0,0,0,0,0,6,0,27,27,0,0,0,0.336861,3.05,0,0.058468,0,4,1,0,0,0.242286,0
org.apache.lucene.analysis.el.GreekCharsets,0,0,0,0,0,0.067446,0,0,0,1.338973,0,0,0,3,0,2,0,0,1.09457,0,0,0,0,384,0,1,1,2,0,0,0,0,3,0,0,0,0,0,2,0,3,0,0,0,0,0.336861,0,0,0,0,0,1,0,0,0.242286,0
org.apache.lucene.analysis.el.GreekLowerCaseFilter,0,0,0,0,0,0.009519,0,0,0,1.96344,0,0,0,0,0,2,0,0,1.544218,0,0,0,4,23,1,1,3,1,0,0,0,0,7,0,0,0.17703,0,0,5,1.04,1,0,0,0,0,0.492977,2.02,0,0.057725,0.226957,3,1,0,1.01,0.273376,0
org.apache.lucene.analysis.fr.ElisionFilter,0,0,0,0,0,0.150146,0,0,0,1.541333,0,0,0,0,0,5,0,0,1.466253,0,0,0,3,47,1,2,3,0,0,0,0,0,21,0,0,0.17703,0,0,3,1.07,2,2,0,0,0,0.493014,1.01,0,0.031409,0.226957,3,2,0,1.05,0.273376,0
org.apache.lucene.analysis.fr.FrenchAnalyzer,0,0,0,0,0,0.028966,0,0,0,4.088216,0,0,0,1,0,7,0,0,1.782671,0,0,1.01,8,56,0,4,2,0,0,0,0,0,18,0.013736,0,0.012175,1.01,0,8,1.01,3,2,0,0,1.01,0.389135,3.05,0.013632,0.058468,0.013676,4,4,0.01037,1.03,0.242286,0
org.apache.lucene.analysis.fr.FrenchStemFilter,0,0,0,0,1.01,0.015834,0,0,0.243494,4.26798,0,0,0,0,0,5,0,1.01,2.094611,0,0,1.01,4,34,1,3,3,1,0,0,0,0,15,0.013736,0.244556,0.189205,0,0,5,3.05,2,2,0,0,0,0.528636,2.02,0,0.057725,0.248016,3,3,0,2.07,0.273376,0
org.apache.lucene.analysis.fr.FrenchStemmer,19,0,0,0,0,0.009963,0,0,0,2.223676,0,0,0,0,0,21,0,0,1.320708,0,0,0,0,453,0,20,1,1,0,0,30,0,36,0,0,0,0,0,1,0,8,8,0,0,0,0.354555,0,0,0,0,0,0,0,0,0.242286,0
org.apache.lucene.analysis.miscellaneous.EmptyTokenStream,0,0.207394,0,0,0,0.010192,0.217907,0,0,0.93431,0,0,1.03,0,0,2,0,0,0.608759,0,0,1.03,2,6,0,1,2,1,0,0,0,0,2,0.213074,0,0.17703,0,1.06,3,1.03,0,0,1.03,0,0,0.20038,1.03,0,0.245121,0.226957,3,1,0,1.06,0.031858,0.213252
org.apache.lucene.analysis.miscellaneous.PrefixAndSuffixAwareTokenFilter,0,0,0,0,0,0.015594,0,0,0,0.93431,0,0,0,0,0,6,0,0,0.608759,0,0,0,3,29,0,5,2,0,0,0,4,0,14,0,0,0.17703,0,0,3,0,1,1,0,0,0,0.20038,0,0,0,0,1,5,0,1.01,0.031858,0
org.apache.lucene.analysis.miscellaneous.PrefixAwareTokenFilter,0,0,0,0,0,0.034809,0,0,0,0.93431,0,0,0,0,0,9,0,0,0.608759,0,0,0,3,63,0,8,2,1,0,0,0,0,21,0,0,0.17703,1.01,0,4,1.03,4,4,0,0,1.01,0.20038,0,0.247572,0,0.226957,1,8,0.246652,1.04,0.031858,0
org.apache.lucene.analysis.miscellaneous.SingleTokenTokenStream,0,0,0,0,0,0.013387,0,0,0,0.93431,0,0,0,0,0,5,0,0,0.608759,0,0,0,2,25,0,4,2,0,0,0,0,0,6,0,0,0.17703,0,0,2,1.01,2,2,0,0,0,0.20038,0,0,0,0.226957,2,4,0,1.02,0.031858,0
org.apache.lucene.analysis.ngram.EdgeNGramTokenFilter,1,0,0,0,0,0.029326,0,0,0,1.750899,0,0,0,3,0,5,0,0,0.805069,0,0,0,3,67,1,2,3,0,0,0,0,0,19,0,0,0.17703,0,0,3,1.01,7,4,0,0,0,0.205641,2.02,0,0.057725,0.226957,3,1,0,1.01,0.031091,0
org.apache.lucene.analysis.ngram.EdgeNGramTokenizer,0,0.016435,0,1.03,1.05,0.075891,0,0,0.021864,2.601404,0,0,1.01,3,0,3,0,1.02,1.026089,0,0,1.01,2,54,1,1,3,0,0,0,0,0,13,0.021296,0.019511,0.194961,0,1.01,2,2.02,10,7,0,0,0,0.22376,2.03,0,0.057725,0.036816,4,1,0,2.14,0.031091,0.020774
org.apache.lucene.analysis.ngram.NGramTokenFilter,1,0,0,0,0,0.018392,0,0,0,1.887923,0,0,0,2,0,4,0,0,1.555887,0,0,0,3,48,1,2,3,0,0,0,0,0,14,0,0,0.17703,0,0,3,1.01,5,3,0,0,0,0.50017,2.02,0,0.057725,0.226957,3,1,0,1.02,0.273376,0
org.apache.lucene.analysis.ngram.NGramTokenizer,0,0,0,0,0,0.064609,0,0,0,2.191778,0,0,0,2,0,3,0,0,1.633312,0,0,0,2,46,1,1,3,0,0,0,0,0,10,0,0,0,0,0,2,1.01,9,7,0,0,0,0.506141,2.03,0,0.057725,0.226957,4,1,0,0,0.273376,0
org.apache.lucene.analysis.nl.DutchAnalyzer,0,0,0,0,0,0.028855,0,0,0,2.942403,0,0,0,1,0,9,0,0,1.497108,0,0,0,7,65,0,5,2,0,0,0,0,0,20,0,0,0.011745,1.01,0,7,1.01,4,3,0,0,1.01,0.366714,3.05,0.013632,0.058468,0.011938,4,5,0.01037,1.12,0.242286,0
org.apache.lucene.analysis.nl.DutchStemFilter,0,0,0,0,1.01,0.013609,0,0,0.243494,2.807314,0,0,0,0,0,7,0,1.01,1.761996,0,0,0,4,41,1,4,3,1,0,0,0,0,16,0,0.244556,0.17703,0,0,5,1.03,2,2,0,0,0,0.510379,2.02,0,0.057725,0.226957,3,4,0,1.03,0.273376,0
org.apache.lucene.analysis.nl.DutchStemmer,16,0,0,0,0,0.013413,0,0,0,2.182847,0,0,0,0,0,19,0,0,1.312348,0,0,0,0,287,0,18,1,1,0,0,131,0,37,0,0,0,0,0,1,0,5,5,0,0,0,0.354263,0,0,0,0,0,1,0,0,0.242286,0
org.apache.lucene.analysis.nl.WordlistLoader,1,0,0.015996,0,0,0.00264,0,1.01,0,2.302861,0,0,0,0,0,6,0,0,1.354272,0,0,0,0,64,0,5,1,0,0,0,10,0,16,0,0,0,1.01,0,0,0,0,0,0,0,2.02,0.359447,0,0.013632,0,0,0,4,0.026433,0,0.242286,0
org.apache.lucene.analysis.payloads.NumericPayloadTokenFilter,0,0.035573,0,0,0,0.050402,0.045655,0,0,1.594563,0,0,1.03,0,0,2,0,0,0.765873,0,0,1.03,5,17,1,1,3,0,0,0,0,0,9,0.042421,0,0.218246,1.01,1.06,5,1.04,2,2,1.03,0,1.01,0.201277,0,0.046177,0,0.04307,3,1,0.047109,2.18,0.03109,0.045912
org.apache.lucene.analysis.payloads.PayloadHelper,0,0,0,0,0,0.02964,0,0,0,0.492017,0,0,0,0,0,7,0,0,0.161582,0,0,0,0,25,0,6,1,2,0,0,15,0,9,0,0,0,0,0,2,0,0,0,0,0,0,0.023429,0,0,0,0,0,6,0,0,0,0
org.apache.lucene.analysis.payloads.TokenOffsetPayloadTokenFilter,0,0,0,0,0,0.022744,0,0,0,1.116484,0,0,0,0,0,2,0,0,0.61123,0,0,0,5,17,1,1,3,0,0,0,0,0,9,0,0,0.17703,0,0,5,0,0,0,0,0,0,0.179546,0,0,0,0,3,1,0,1.01,0.03109,0
org.apache.lucene.analysis.payloads.TypeAsPayloadTokenFilter,0,0,0,0,0,0.020006,0,0,0,1.102546,0,0,0,0,0,2,0,0,0.604291,0,0,0,4,13,1,1,3,0,0,0,0,0,9,0,0,0.17703,0,0,4,0,0,0,0,0,0,0.177848,0,0,0,0,3,1,0,1.01,0.03109,0
org.apache.lucene.analysis.query.QueryAutoStopWordAnalyzer,0,0,0,0,0,0.028542,0,0,0,1.081967,0,0,0,1,0,9,0,0,0.607902,0,0,0,6,82,0,8,2,0,0,0,16,0,39,0,0,0,0,0,6,1.01,3,0,0,0,0,0.181533,0,0,0,0.226957,4,8,0,0,0.03109,0
org.apache.lucene.analysis.ru.RussianAnalyzer,1,0,0,0,0,0.003808,0,0,0,2.064253,0,0,0,0,0,6,0,0,1.321201,0,0,0,7,180,0,2,2,0,0,0,1,0,17,0,0,0,0,0,7,0,32,32,0,0,0,0.3638,3.05,0,0.058468,0,4,1,0,0,0.242286,0
org.apache.lucene.analysis.ru.RussianCharsets,0,0,0,0,0,0.008065,0,0,0,1.998804,0,0,0,3,0,2,0,0,0.625098,0,0,0,0,268,0,1,1,2,0,0,0,0,3,0,0,0.077021,0,0,2,0,3,0,0,0,0,0.088422,0,0,0,0,0,1,0,1.3,0.000027,0
org.apache.lucene.analysis.ru.RussianLetterTokenizer,0,0,0,0,0,0.001561,0,0,0,1.405652,0,0,0,0,0,2,0,0,0.377828,0,0,0,1,20,1,1,4,1,0,0,0,0,4,0,0,0,0,0,2,0,1,1,0,0,0,0.034499,2.03,0,0.057725,0,6,0,0,0,0,0
org.apache.lucene.analysis.ru.RussianLowerCaseFilter,0,0,0,0,0,0.002578,0,0,0,2.030119,0,0,0,0,0,2,0,0,0.827475,0,0,0,4,23,1,1,3,1,0,0,0,0,7,0,0,0.17703,0,0,5,1.04,1,0,0,0,0,0.190616,2.02,0,0.057725,0.226957,3,1,0,1.01,0.03109,0
org.apache.lucene.analysis.ru.RussianStemFilter,0,0,0,0,1.01,0.002772,0,0,0.243494,2.030119,0,0,0,0,0,3,0,1.01,0.827475,0,0,0,4,28,1,2,3,1,0,0,0,0,10,0,0.244556,0.17703,0,0,5,1.03,1,1,0,0,0,0.190616,2.02,0,0.057725,0.226957,3,2,0,1.06,0.03109,0
org.apache.lucene.analysis.ru.RussianStemmer,16,0,0,0,0,0.001561,0,0,0,1.405652,0,0,0,0,0,21,0,0,0.377828,0,0,0,0,433,0,19,1,1,0,0,145,0,31,0,0,0,0,0,1,0,40,40,0,0,0,0.034499,0,0,0,0,0,3,0,0,0,0
org.apache.lucene.analysis.shingle.ShingleAnalyzerWrapper,0,0,0,0,0,0.042886,0,0,0,1.10971,0,0,0,0,0,9,0,0,0.442953,0,0,0,4,40,0,5,2,0,0,0,0,0,15,0,0,0,0,0,4,0,3,0,0,0,0,0.09082,0,0,0,0,4,5,0,0,0.000028,0
org.apache.lucene.analysis.shingle.ShingleFilter,3,0,0,0,0,0.089188,0,0,0,1.734177,0,0,0,3,0,10,0,0,0.8926,0,0,0,3,142,1,7,3,1,0,0,9,0,41,0,0,0.17703,0,0,4,1.04,10,7,0,0,0,0.246937,0,0,0,0.226957,3,4,0,1.12,0.031118,0
org.apache.lucene.analysis.shingle.ShingleMatrixFilter,2,0,0,0,0,0.231206,0,0,0,1.926127,0,0,0,3,0,21,0,0,1.854522,0,0,0,3,247,0,16,2,0,0,0,66,0,71,0,0,0.570236,0,0,3,1.02,17,14,0,0,0,0.640753,0,0,0,0.459605,2,14,0,2.08,0.31924,0
org.apache.lucene.analysis.sinks.DateRecognizerSinkTokenizer,0,0,0,0,0,0.034768,0,0,0,1.102546,0,0,0,1,0,5,0,0,0.604291,0,0,0,2,29,3,1,4,0,0,0,0,0,11,0,0,0,0,0,2,1.03,2,0,0,0,0,0.177848,0,0,0,0.226957,6,1,0,0,0.03109,0
org.apache.lucene.analysis.sinks.TokenRangeSinkTokenizer,0,0,0,0,0,0.021857,0,0,0,0.478079,0,0,0,0,0,4,0,0,0.154643,0,0,0,2,23,3,2,4,0,0,0,0,0,6,0,0,0,0,0,2,0,3,3,0,0,0,0.021731,0,0,0,0,5,2,0,0,0,0
org.apache.lucene.analysis.sinks.TokenTypeSinkTokenizer,0,0,0,0,0,0.021557,0,0,0,1.102546,0,0,0,0,0,4,0,0,0.604291,0,0,0,2,19,3,1,4,0,0,0,0,0,9,0,0,0,0,0,2,1.01,1,1,0,0,0,0.177848,0,0,0,0.226957,6,1,0,0,0.03109,0
org.apache.lucene.analysis.snowball.SnowballAnalyzer,0,0,0,0,0,0.001514,0,0,0,1.509169,0,0,0,0,0,3,0,0,0.675786,0,0,0,7,20,0,1,2,0,0,0,0,0,9,0,0,0,0,0,7,0,2,2,0,0,0,0.173811,3.05,0,0.058468,0,4,1,0,0,0.03109,0
org.apache.lucene.analysis.snowball.SnowballFilter,0,0,0,0,1.02,0.035678,0,0,0.243494,1.898262,0,0,0,0,0,3,0,1.02,0.764576,0,0,1.01,4,29,1,1,3,1,0,0,0,0,15,0.213074,0.244556,0.188463,0,0,5,2.06,1,1,0,0,0,0.178674,2.02,0,0.057725,0.239235,3,1,0,2.04,0.03109,0
org.apache.lucene.analysis.standard.StandardAnalyzer,0,0.046002,0.267437,1.01,3.04,0.063157,0.176876,11.17,0.140387,5.341367,0.05,0,4.07,2,0,18,0,3.03,1.659754,0,0,7.15,8,92,0,8,2,11,0,0,4,0,34,0.205487,0.129261,0.225331,2.03,1.04,18,7.26,6,4,4.07,0,10.15,0.248347,3.04,0.023812,0.058468,0.203779,3,8,0.220388,8.75,0.045096,0.176475
org.apache.lucene.analysis.standard.StandardFilter,0,0,0.015996,0,0,0.008251,0,1.01,0,2.030119,0,0,0,0,0,2,0,0,0.827475,0,0,0,4,31,1,1,3,8,0,0,0,0,8,0,0,0.201106,0,0,12,1.08,2,2,0,0,1.01,0.190616,2.02,0,0.057725,0.029757,3,1,0.016064,2.03,0.03109,0
org.apache.lucene.analysis.standard.StandardTokenizer,0,0.095312,0.082251,3.14,5.22,0.142686,0.123508,3.03,0.119783,3.863269,0.115459,1.03,3.11,11,0,10,0.028911,3.08,1.411039,0,0,3.14,5,88,1,8,3,10,0,0,14,0,24,0.118737,0.22954,0.398905,2.05,3.14,13,3.22,14,3,3.09,0,3.06,0.277588,1.01,0.07438,0.026316,0.118822,2,7,0.055648,7.92,0.031093,0.123231
org.apache.lucene.analysis.standard.StandardTokenizerImpl,11,0,0,1.01,1.01,0.254707,0,0,0,2.192823,0,0,0,12,0,24,0,0,0.925585,0,0,0,2,426,0,22,1,2,0,0,149,0,33,0,0.04483,0.297496,1.01,0,3,0,41,29,0,0,0,0.206657,0,0.054568,0,0,0,10,0,3.65,0.045098,0
org.apache.lucene.analysis.th.ThaiAnalyzer,0,0,0,0,0,0.002938,0,0,0,1.418159,0,0,0,0,0,2,0,0,1.128134,0,0,0,7,9,0,1,2,0,0,0,0,0,6,0,0,0,0,0,7,0,0,0,0,0,0,0.341753,1.03,0,0.031409,0,4,1,0,0,0.242286,0
org.apache.lucene.analysis.th.ThaiWordFilter,0,0,0,0,0,0.006417,0,0,0,2.042626,0,0,0,0,0,2,0,0,1.577782,0,0,0,3,40,1,1,3,1,0,0,0,0,23,0,0,0.17703,0,0,4,1.05,2,2,0,0,0,0.497869,2.02,0,0.057725,0.226957,3,1,0,1.04,0.273376,0
org.apache.lucene.ant.ConfigurableDocumentHandler,0,0,0,0,0,0.003555,0,0,0,1.565074,0,0,0,0,0,1,0,0,0.377334,0,0,0,1,3,0,1,0,1,0,0,0,0,1,0,0,0,0,0,2,0,0,0,0,0,0,0.025254,0,0,0,0,0,1,0,0,0,0
org.apache.lucene.ant.DocumentHandler,0,0,0,0,0,0.004653,0,0,0,2.75822,0,0,0,0,0,1,0,0,1.467648,0,0,0,2,4,0,1,0,3,0,0,0,0,1,0,0,0,1.01,0,5,0,0,0,0,0,1.01,0.368622,0,0.013632,0,0,0,1,0.01037,0,0.242286,0
org.apache.lucene.ant.DocumentHandlerException,0,0,0,0,0,0.004339,0,0,0,2.223676,0,0,0,0,0,7,0,0,1.320708,0,0,0,0,37,0,4,3,3,0,0,0,0,14,0,0,0,0,0,3,0,1,1,0,0,0,0.354555,0,0,0,0,0,4,0,0,0.242286,0
org.apache.lucene.ant.DocumentTestCase,0,0,0,0,0,0.003555,0,0,0,1.565074,0,0,0,0,0,2,0,0,0.377334,0,0,0,0,12,0,1,2,0,0,0,0,0,7,0,0,0,1.01,0,0,0,0,0,0,0,1.01,0.025254,0,0.013632,0,0,0,0,0.01037,0,0,0
org.apache.lucene.ant.FileExtensionDocumentHandler,0,0,0,0,0,0.004653,0,0,0,2.75822,0,0,0,0,0,2,0,0,1.467648,0,0,0,5,19,0,1,1,1,0,0,0,0,7,0,0,0,1.01,0,6,0,0,0,0,0,1.01,0.368622,0,0.013632,0,0,0,1,0.01037,0,0.242286,0
org.apache.lucene.ant.HtmlDocument,1,0,0,0,0,0.08146,0,0,0,3.080985,0,0,0,0,0,8,0,0,1.511553,0,0,0,3,98,0,6,1,1,0,0,13,0,37,0,0,0,3.03,0,4,1.01,1,1,0,0,3.03,0.364222,0,0.044358,0,0.007382,0,5,0.040899,0,0.242286,0
org.apache.lucene.ant.IndexTask,1,0,0,0,0,0.016232,0,0,0,4.012375,0,0,0,0,0,12,0,0,1.781624,0,0,0,17,167,0,11,2,0,0,0,33,0,60,0,0,0.018351,3.03,0,17,1.01,10,10,0,0,3.03,0.396478,0,0.04298,0,0.007382,0,10,0.038738,2.05,0.242286,0
org.apache.lucene.ant.TextDocument,0,0,0,0,0,0.008094,0,0,0,3.474009,0,0,0,0,0,3,0,0,1.624466,0,0,0,3,27,0,2,1,1,0,0,1,0,15,0,0,0.00723,2.02,0,4,1.01,1,1,0,0,2.02,0.376078,0,0.029647,0,0.007382,0,2,0.026433,1.01,0.242286,0
org.apache.lucene.demo.DeleteFiles,0,0,0,0,0,0.006001,0,0,0,2.750812,0,0,0,0,0,2,0,0,0.683015,0,0,0,4,23,0,1,1,0,0,0,0,0,12,0,0,0.011121,0,0,4,0,0,0,0,0,0,0.0494,0,0,0,0,0,1,0,1.01,0,0
org.apache.lucene.demo.FileDocument,0,0,0,0,0,0.002366,0,0,0,1.543304,0,0,0,0,0,2,0,0,1.169512,0,0,0,4,13,0,1,1,1,0,0,0,0,10,0,0,0,2.02,0,5,0,0,0,0,0,2.02,0.346995,0,0.029647,0,0,0,1,0.026433,0,0.242286,0
org.apache.lucene.demo.HTMLDocument,0,0,0,0,0,0.008004,0,0,0,2.126527,0,0,0,0,0,4,0,0,1.300786,0,0,0,5,29,0,3,1,1,0,0,1,0,21,0,0,0.009963,2.02,0,6,1.01,1,0,0,0,2.02,0.353856,0,0.029647,0,0.011004,0,3,0.026433,1.06,0.242286,0
org.apache.lucene.demo.IndexFiles,0,0,0,0,0,0.005262,0.009559,0,0,1.849758,0,0,0,0,0,3,0,0,0.490708,0,0,0,4,55,0,2,1,0,0,0,1,0,22,0,0,0.011121,1.01,0,4,0,1,0,1.01,0,1.01,0.045147,0,0.013632,0,0,0,1,0.01037,1.01,0,0
org.apache.lucene.demo.IndexHTML,2,0,0,0,0,0.018772,0,0,0,3.691678,0,0,0,0,0,4,0,0,0.967596,0,0,0,7,102,0,3,1,0,0,0,0,0,39,0,0,0.10095,1.01,0,7,0,4,4,0,0,1.01,0.088631,0,0.013632,0,0,0,1,0.01037,3.03,0,0
org.apache.lucene.demo.SearchFiles,0,0.086326,0,0,0,0.029548,0.096023,0,0,3.580205,0,0,1.02,0,0,4,0,0,1.02954,0,0,1.02,13,174,0,3,1,0,0,0,3,0,36,0.098548,0,0.116512,2.05,1.03,13,2.07,0,0,1.02,0,2.05,0.124752,0,0.10728,0,0.102138,0,3,0.10983,4.78,0.000083,0.098548
org.apache.lucene.demo.html.Entities,0,0,0,0,0,0.002627,0,0,0,1.543304,0,0,0,0,0,4,0,0,1.169512,0,0,0,0,302,0,3,1,1,0,0,0,0,19,0,0,0,0,0,1,0,2,0,0,0,0,0.346995,0,0,0,0,0,1,0,0,0.242286,0
org.apache.lucene.demo.html.HTMLParser,11,0.207394,0,0,0,0.006187,0.217907,0,0,3.272715,0,0,1.01,5,0,39,0,0,1.147196,0,0,3.04,8,655,0,34,1,2,0,0,221,0,89,0.244668,0,0.239254,2.02,1.33,9,4.07,40,19,1.01,0,2.02,0.220174,0,0.028343,0,0.294151,0,19,0.024835,4.18,0.03109,0.213252
org.apache.lucene.demo.html.HTMLParserConstants,0,0,0,0,0,0,0,0,0,0,0,0,0,39,0,0,0,0,0,0,0,0,0,73,0,0,0,2,0,0,0,0,0,0,0,0,0,0,2,0,39,0,0,0,0,0,0,0,0,0,0,0,0,0,0,0
org.apache.lucene.demo.html.HTMLParserTokenManager,46,0,0,0,0,0.000291,0,0,0,0.624467,0,0,0,4,0,54,0,0,0.449648,0,0,0,4,1614,0,52,1,1,0,0,360,0,66,0,0,0.17703,0,0,5,0,18,2,0,0,0,0.156117,0,0,0,0,0,5,0,1.02,0.03109,0
org.apache.lucene.demo.html.ParseException,0,0,0,0,0,0.000635,0,0,0,1.514438,0,0,0,3,0,5,0,0,0.733446,0,0,0,1,109,0,2,3,2,0,0,1,0,17,0,0,0,0,0,3,0,5,0,0,0,0,0.194811,0,0,0,0,0,1,0,0,0.03109,0
org.apache.lucene.demo.html.ParserThread,0,0,0,0,0,0.001321,0,0,0,0.884702,0,0,0,0,0,2,0,0,0.226138,0,0,0,3,26,0,1,2,1,0,0,0,0,10,0,0,0,0,0,3,0,1,0,0,0,0,0.017694,0,0,0,0,0,1,0,0,0,0
org.apache.lucene.demo.html.SimpleCharStream,0,0.207394,0,0,1.01,0.015602,0.251369,0,0,1.824968,0,0,3.09,2,0,36,0,0,0.743344,0,0,3.12,0,352,0,27,1,2,0,0,97,0,45,0.246418,0.244556,0.204695,1.01,1.97,2,3.13,16,0,3.07,0,1.01,0.176359,0,0.014711,0,0.256439,0,22,0.014466,3.43,0.03109,0.246802
org.apache.lucene.demo.html.Tags,0,0,0,0,0,0.001321,0,0,0,0.884702,0,0,0,1,0,1,0,0,0.226138,0,0,0,0,35,0,0,1,1,0,0,0,0,4,0,0,0,0,0,1,0,1,0,0,0,0,0.017694,0,0,0,0,0,0,0,0,0,0
org.apache.lucene.demo.html.Token,0,0,0,0,0,0,0,0,0,0,0,0,0,8,0,3,0,0,0,0,0,0,0,18,0,2,1,3,0,0,1,0,3,0,0,0,0,0,3,0,8,0,0,0,0,0,0,0,0,0,0,2,0,0,0,0
org.apache.lucene.demo.html.TokenMgrError,0,0,0,0,0,0.00015,0,0,0,1.514438,0,0,0,0,0,6,0,0,0.733446,0,0,0,0,71,0,3,3,2,0,0,3,0,17,0,0,0,0,0,2,0,5,0,0,0,0,0.194811,0,0,0,0,0,1,0,0,0.03109,0
org.apache.lucene.document.AbstractField,0,0.47976,0.152136,0,2.03,0.085929,0.417907,5.1,0,3.624377,0,0,2.06,0,1,24,0,0,2.529188,0,0,2.06,2,200,0,22,1,6,0,0,177,0,33,0.408422,0.444556,0.927052,0,4.09,7,2.06,16,0,2.06,0,5.1,0.791191,0,0,0,0.412291,0,21,0.151707,4.37,0.329068,0.4086
org.apache.lucene.document.DateField,0,0,0.029101,0,0,0.007329,0,2.03,0,2.230039,0,0,0,0,0,7,0,0,0.545028,0,0,0,0,39,0,6,1,1,0,0,13,0,19,0,0,0.010238,0,0,1,0,1,1,0,0,2.03,0.037496,0,0,0,0,0,6,0.029172,1.01,0,0
org.apache.lucene.document.DateTools,0,0.013988,0.046712,0,2.08,0.022099,0,3.03,0.013176,2.744278,0,0,0,0,0,7,0,2.08,0.721778,0,0,0,0,137,0,6,1,5,0,0,11,0,21,0,0.009372,0.019717,0,2.08,5,2.04,8,8,0,0,3.03,0.065136,0,0,0,0.029837,0,6,0.046778,2.42,0,0
org.apache.lucene.document.Document,0,0,0.857566,0,1.04,0.019814,0.015564,25.59,0.040537,5.583494,0,0,1.03,0,0,17,0,1.04,2.464102,0,0,1.03,3,134,0,16,1,57,0,0,0,0,37,0.016326,0.063093,0.089496,1.02,0,60,2.05,6,5,1.03,0,25.61,0.540738,0,0.016119,0,0.032745,0,16,0.861385,3.28,0.242371,0.016326
org.apache.lucene.document.Field,0,0.279114,0.490248,0,2.13,0.201752,0.304537,13.47,0.021738,8.845681,0,1.01,6.32,0,0,17,0.011883,2.13,3.344466,0,0.443307,6.37,3,152,16,9,2,21,0,1.01,36,3.16,23,0.295567,0.022841,0.655354,3.04,9.74,23,7.45,0,0,6.31,0,14.48,0.651486,3.22,0.056177,0.256025,0.320183,22,9,0.513659,10.29,0.273377,0.297327
org.apache.lucene.document.FieldSelector,0,0,0.135502,0,0,0.012884,0,4.07,0,2.46057,0,0,0,0,0,1,0,0,0.778943,0,0,0,1,3,0,1,0,16,0,0,0,0,1,0,0,0,0,0,17,0,0,0,0,0,4.07,0.114696,0,0,0,0,0,1,0.135868,0,0.000083,0
org.apache.lucene.document.FieldSelectorResult,0,0,0,2.03,2.03,0.046733,0,0,0,3.716342,0,0,0,7,0,3,0,0,1.07579,0,0,0,0,23,0,2,1,6,0,0,0,0,4,0,0.040584,0.01788,0,0,6,0,8,1,0,0,0,0.130464,0,0,0,0,0,2,0,1.02,0.000083,0
org.apache.lucene.document.Fieldable,0,0.370143,0.582098,0,0,0.065181,0.444223,9.22,0,4.057075,0,0,3.07,0,0,24,0,0,1.714163,0,0,3.07,1,26,0,24,0,34,0,0,276,0,24,0.432664,0,0.359383,1.01,4.4,35,3.07,0,0,3.07,0,10.23,0.40358,0,0.025451,0,0.43294,0,24,0.611898,3.07,0.041686,0.433888
org.apache.lucene.document.LoadFirstFieldSelector,0,0,0,0,0,0.007882,0,0,0,1.434131,0,0,0,0,0,2,0,0,0.477597,0,0,0,2,5,0,1,1,0,0,0,0,0,2,0,0,0,0,0,2,0,0,0,0,0,0,0.079909,0,0,0,0,0,1,0,0,0.000083,0
org.apache.lucene.document.MapFieldSelector,0,0,0,0,0,0.0108,0,0,0,2.667988,0,0,0,0,0,4,0,0,1.47212,0,0,0,2,20,0,1,1,0,0,0,0,0,9,0,0,0,0,0,2,0,1,0,0,0,0,0.374851,0,0,0,0,0,1,0,0,0.242286,0
org.apache.lucene.document.NumberTools,0,0,0,0,0,0.002428,0,0,0,1.334794,0,0,0,3,0,3,0,0,0.36595,0,0,0,0,50,0,2,1,0,0,0,0,0,16,0,0,0,0,0,0,0,6,3,0,0,0,0.035698,0,0,0,0,0,2,0,0,0,0
org.apache.lucene.document.SetBasedFieldSelector,0,0,0,0,0,0.015645,0,0,0,1.434131,0,0,0,0,0,2,0,0,0.477597,0,0,0,2,18,0,1,1,0,0,0,0,0,3,0,0,0,0,0,2,0,2,2,0,0,0,0.079909,0,0,0,0,0,1,0,0,0.000083,0
org.apache.lucene.index.BufferedDeletes,0,0,0,0,0,0.010628,0,0,0,0.521578,0,0,0,0,0,5,0,0,0.192555,0,0,0,3,72,0,4,1,1,0,0,0,0,29,0,0,0,0,0,4,0,4,0,0,0,0,0.034772,0,0,0,0,0,0,0,0,0,0
org.apache.lucene.index.ByteBlockPool,0,0,0.211126,0,0,0.013843,0,2.02,0.090909,1.759594,0,0,0,4,0,5,0,1.01,0.799397,0,0,0,1,67,0,4,1,4,0,0,0,0,10,0,0,0,0,0,5,0,10,2,0,0,2.02,0.196172,0,0,0,0,0,4,0.219387,0,0.004372,0
org.apache.lucene.index.ByteSliceReader,0,0.118844,0.126854,0,0,0.010991,0.161399,1.02,0,1.166442,0,0,1.01,3,0,11,0,0,0.552126,0,0,1.01,4,88,0,10,2,5,0,0,15,0,14,0.126537,0,0.081925,0,1.01,9,1.01,8,0,1.01,0,1.03,0.142249,1.01,0,0.071429,0.082882,10,10,0.135115,1.07,0.004345,0.126537
org.apache.lucene.index.ByteSliceWriter,0,0,0.126854,0,0,0.014841,0,1.01,0,0.593153,0,0,0,0,0,6,0,0,0.24727,0,0,0,2,49,0,5,1,0,0,0,0,0,7,0,0,0,0,0,2,0,4,3,0,0,1.01,0.053923,0,0,0,0,0,5,0.135115,0,0.000027,0
org.apache.lucene.index.CharBlockPool,0,0,0.126854,0,0,0.005251,0,1.01,0,1.166442,0,0,0,4,0,3,0,0,0.552126,0,0,0,1,29,0,2,1,4,0,0,0,0,6,0,0,0,0,0,5,0,7,1,0,0,1.01,0.142249,0,0,0,0,0,2,0.135115,0,0.004345,0
org.apache.lucene.index.CheckIndex,3,0.988209,0.061046,1.01,3.04,0.383287,1.379561,1.01,0.811278,5.53665,0,3.03,5.09,1,0,11,1.5,1.03,30.793706,0,0,5.09,14,391,0,10,1,1,0,0,37,0,81,1.505789,1.040508,1.515186,3.03,4.37,15,8.26,4,3,4.06,0,4.04,0.937583,0,1.543478,0,1.799294,0,7,1.591582,10.56,0.532692,1.416101
org.apache.lucene.index.CompoundFileReader,0,0.031646,0.054064,0,1.01,0.046407,0.03684,3.03,0.025998,3.913338,0,0,2.02,0,0,16,0,1.01,1.077809,0,0.161039,2.03,5,108,2,14,2,2,0,0,61,2.02,36,0.03543,0.026346,0.030032,2.02,2.26,7,2.14,5,5,2.02,0,3.03,0.118765,5.09,0.037192,0.255188,0.032228,7,14,0.070006,2.68,0.000768,0.036246
org.apache.lucene.index.CompoundFileWriter,1,0,0.02985,0,1.01,0.017242,0,1.02,0.045914,3.83464,0,0,0,0,0,7,0,1.01,1.274847,0,0,1.01,4,119,0,5,1,3,0,0,0,0,38,0.042421,0.04483,0.083014,1.01,0,6,2.05,6,6,0,0,1.02,0.211741,0,0.046177,0,0.087545,0,4,0.029554,2.12,0.045096,0
org.apache.lucene.index.ConcurrentMergeScheduler,4,0.130753,0.036735,1.01,2.04,0.239383,0.050428,2.02,0.088054,6.089487,0.036732,1.01,3.06,0,0,20,0,3.06,30.246241,0,0,3.06,5,157,0,19,2,3,0,1.01,111,0,47,0.0975,0.046518,0.384824,0,4.61,7,5.14,11,6,2.02,0.041667,1.01,0.662939,0,0,0,0.165659,0,10,0.038462,7.67,0.325009,0.095522
org.apache.lucene.index.CorruptIndexException,0,0,0.384318,0,0,0.008751,0,7.11,0,0.428222,0,0,0,0,0,1,0,0,0.113845,0,0,0,0,5,0,0,4,31,0,0,0,0,2,0,0,0,0,0,31,0,0,0,0,0,7.11,0.009959,0,0,0,0,0,0,0.389909,0,0,0
org.apache.lucene.index.DefaultSkipListReader,0,0,0,0,0,0.067326,0,0,0,1.990613,0,0,0,0,0,8,0,0,0.661606,0,0,0,2,60,0,7,2,1,0,0,0,0,15,0,0,0,0,0,3,0,7,7,0,0,0,0.104571,0,0,0,0,4,0,0,0,0.000083,0
org.apache.lucene.index.DefaultSkipListWriter,0,0,0.02985,0,0,0.076774,0,1.01,0,1.863106,0,0,0,0,0,4,0,0,0.820503,0,0,0,2,57,0,3,2,2,0,0,0,0,10,0,0,0.16752,0,0,4,0,11,11,0,0,1.01,0.199321,0,0,0,0,3,0,0.029554,1.02,0.010596,0
org.apache.lucene.index.DirectoryIndexReader,0,0.128443,0.037343,0,2.02,0.103048,0.19888,1.01,0.086429,4.489428,0,0,3.06,0,2,21,0,2.03,2.13965,0,0.284569,3.06,14,194,2,19,2,3,0,0,57,2.02,67,0.201581,0.291073,0.396613,2.02,3.69,16,4.31,10,7,3.03,0,2.02,0.550595,4.12,0.158443,0.845819,0.21355,61,8,0.173722,5.74,0.077495,0.202175
org.apache.lucene.index.DocConsumer,0,0,0,0,0,0.003778,0,0,0,1.166442,0,0,0,0,1,6,0,0,0.552126,0,0,0,3,7,0,5,1,3,0,0,10,0,6,0,0,0,0,0,4,0,0,0,0,0,0,0.142249,0,0,0,0,0,0,0,0,0.004345,0
org.apache.lucene.index.DocConsumerPerThread,0,0,0,0,0,0.002768,0,0,0,0.644864,0,0,0,0,1,3,0,0,0.359571,0,0,0,1,4,0,2,1,5,0,0,1,0,3,0,0,0,0,0,5,0,0,0,0,0,0,0.107477,0,0,0,0,0,0,0,0,0.004345,0
org.apache.lucene.index.DocFieldConsumer,0,0,0,0,0,0.00411,0,0,0,0.644864,0,0,0,0,3,7,0,0,0.359571,0,0,0,4,11,0,6,1,6,0,0,15,0,7,0,0,0,0,0,9,0,1,0,0,0,0,0.107477,0,0,0,0,0,0,0,0,0.004345,0
org.apache.lucene.index.DocFieldConsumerPerField,0,0,0,0,0,0.003118,0,0,0,1.166442,0,0,0,0,3,3,0,0,0.552126,0,0,0,1,4,0,2,1,10,0,0,1,0,3,0,0,0,0,0,11,0,0,0,0,0,0,0.142249,0,0,0,0,0,0,0,0,0.004345,0
org.apache.lucene.index.DocFieldConsumerPerThread,0,0,0,0,0,0.002265,0,0,0,0.644864,0,0,0,0,3,5,0,0,0.359571,0,0,0,3,6,0,4,1,10,0,0,6,0,5,0,0,0,0,0,13,0,0,0,0,0,0,0.107477,0,0,0,0,0,0,0,0,0.004345,0
org.apache.lucene.index.DocFieldConsumers,0,0,0,0,0,0.013588,0,0,0,0.644864,0,0,0,0,0,9,0,0,0.359571,0,0,0,9,75,1,8,2,2,0,0,0,0,29,0,0,0,0,0,9,0,5,0,0,0,0,0.107477,0,0,0,0,0,5,0,0,0.004345,0
org.apache.lucene.index.DocFieldConsumersPerField,0,0,0,0,0,0.003942,0,0,0,0.644864,0,0,0,0,0,3,0,0,0.359571,0,0,0,3,21,0,2,2,2,0,0,0,0,5,0,0,0,0,0,4,0,3,0,0,0,0,0.107477,0,0,0,0,0,2,0,0,0.004345,0
org.apache.lucene.index.DocFieldConsumersPerThread,0,0,0,0,0,0.005955,0,0,0,0.644864,0,0,0,0,0,5,0,0,0.359571,0,0,0,7,44,0,4,2,2,0,0,0,0,11,0,0,0,0,0,7,0,4,0,0,0,0,0.107477,0,0,0,0,0,4,0,0,0.004345,0
org.apache.lucene.index.DocFieldProcessor,0,0,0,0,0,0.00671,0,0,0,0.644864,0,0,0,0,0,6,0,0,0.359571,0,0,0,9,33,0,5,2,2,0,0,0,0,21,0,0,0,0,0,9,0,3,0,0,0,0,0.107477,0,0,0,0,0,5,0,0,0.004345,0
org.apache.lucene.index.DocFieldProcessorPerField,0,0,0,0,0,0.003775,0,0,0,0.644864,0,0,0,0,0,2,0,0,0.359571,0,0,0,5,15,0,1,1,1,0,0,0,0,4,0,0,0,0,0,5,0,6,0,0,0,0,0.107477,0,0,0,0,0,1,0,0,0.004345,0
org.apache.lucene.index.DocFieldProcessorPerThread,1,0,0,0,0,0.028052,0,0,0,1.218825,0,0,0,0,0,7,0,0,0.715751,0,0,0,13,184,0,6,2,9,0,0,0,0,35,0,0,0,0,0,19,1.01,11,0,0,0,0,0.22227,0,0,0,0.185333,0,3,0,0,0.014858,0
org.apache.lucene.index.DocHelper,1,0.033832,0,2.36,2.36,0.11417,0.025661,0,0,5.868402,0.011853,1.01,2.03,56,0,6,0.014925,0,2.299918,0,0,2.03,10,153,0,5,1,0,0,0,10,0,33,0.035397,0.020106,0.055712,3.05,2.17,10,5.17,56,0,1.02,0,3.05,0.447611,0,0.069753,0,0.083545,0,4,0.076836,5.03,0.242286,0.035932
org.apache.lucene.index.DocInverter,0,0,0,0,0,0.009143,0,0,0,0.644864,0,0,0,0,0,7,0,0,0.359571,0,0,0,13,49,1,6,2,7,0,0,0,0,29,0,0,0,0,0,17,0,2,0,0,0,0,0.107477,0,0,0,0,0,3,0,0,0.004345,0
org.apache.lucene.index.DocInverterPerField,0,0,0,0,0,0.015763,0,0,0,1.269331,0,0,0,0,0,3,0,0,0.809219,0,0,0,15,99,0,2,2,8,0,0,0,0,32,0,0,0.17703,0,0,19,1.06,6,2,0,0,0,0.263594,0,0,0,0.226957,0,1,0,1.08,0.035435,0
org.apache.lucene.index.DocInverterPerThread,0,0,0,0,0,0.005872,0,0,0,0.644864,0,0,0,0,0,5,0,0,0.359571,0,0,0,13,33,0,4,2,8,0,0,0,0,17,0,0,0,0,0,17,0,7,0,0,0,0,0.107477,0,0,0,0,0,3,0,0,0.004345,0
org.apache.lucene.index.DocumentsWriter,11,0.632429,0.327567,0,11.25,0.896621,0,4.39,0.611651,8.517445,0,6.12,9.35,0,0,72,0.246648,11.4,3.166867,0,0,9.35,38,777,0,71,1,41,0,0,1915,0,170,0.688773,0.744756,0.770939,8.31,30.17,65,11.84,59,25,0,0,9.45,0.599886,0,0.534961,0,0.683603,0,0,0.733181,19.53,0.014886,0.693899
org.apache.lucene.index.DocumentsWriterThreadState,0,0.118844,0.126854,0,2.26,0.122104,0.161399,1.01,0,2.276151,0,0,1.12,0,0,2,0,0,0.995079,0,0,1.12,4,21,0,1,1,4,0,0,0,0,4,0.126537,0.175595,0.143374,2.2,1.54,6,2.62,6,0,1.02,0,2.19,0.233069,0,0.176547,0,0.150249,0,0,0.204491,6.76,0.004374,0.126537
org.apache.lucene.index.FieldInfo,0,0,0.506998,0,3.03,0.023009,0.0271,7.26,0,3.794084,0,0,2.03,0,0,4,0,0,1.370543,0,0,2.03,0,75,0,3,1,28,0,0,0,0,4,0.152888,0.235556,0.304568,0,0,28,2.03,9,0,1.01,0,7.26,0.273739,0,0,0,0.107637,0,1,0.512103,5.58,0.014858,0.15373
org.apache.lucene.index.FieldInfos,2,0.315208,0.450792,0,3.03,0.09388,0.224744,5.15,0,6.299202,0,0,5.05,0,0,23,0,0,2.033603,0,0,5.05,6,172,0,21,1,25,0,0,184,0,56,0.382836,0.235556,0.360653,0,5.74,31,6.1,9,2,4.04,0,5.15,0.332107,0,0,0,0.345376,0,18,0.456673,8.67,0.014858,0.384575
org.apache.lucene.index.FieldNormModifier,0,0,0,0,0,0.034393,0,0,0,2.177962,0,0,0,0,0,3,0,0,1.63355,0,0,0,8,81,0,2,1,0,0,0,1,0,35,0,0,0,0,0,8,0,2,2,0,0,0,0.507152,0,0,0,0,0,2,0,0,0.273376,0
org.apache.lucene.index.FieldReaderException,0,0,0,0,0,0.022961,0,0,0,1.968676,0,0,0,0,0,4,0,0,0.624537,0,0,0,0,13,0,0,4,0,0,0,0,0,7,0,0,0,0,0,0,0,0,0,0,0,0,0.093976,0,0,0,0,0,0,0,0,0.000083,0
org.apache.lucene.index.FieldSortedTermVectorMapper,0,0,0,0,0,0.013149,0,0,0,0.539871,0,0,0,0,0,6,0,0,0.15576,0,0,0,3,28,0,4,2,0,0,0,0,0,12,0,0,0,0,0,3,0,4,4,0,0,0,0.016871,1.01,0,0.04,0,3,4,0,0,0,0
org.apache.lucene.index.FieldsReader,10,0.176596,0.055201,0,6.07,0.390928,0,2.02,0.187016,12.788785,0,4.09,7.12,0,0,19,0.106038,6.07,4.986627,0,0,9.14,15,301,0,16,1,3,0,0,36,0,59,0.314094,0.180409,0.933147,6.08,7.5,17,13.31,11,11,0,0,7.09,1.004319,0,0.659786,0,0.802302,0,0,0.696664,19.22,0.278518,0.262142
org.apache.lucene.index.FieldsWriter,1,0.019738,0.123938,0,2.04,0.062011,0,3.04,0.028201,5.214376,0,0,3.06,0,0,11,0,1.01,2.347367,0,0,3.07,10,208,0,9,1,5,0,0,0,0,50,0.18876,0.089718,0.830043,4.05,1.01,14,6.16,10,4,0,0,7.1,0.580938,0,0.157379,0,0.451681,0,0,0.264134,11.27,0.081327,0.189285
org.apache.lucene.index.FilterIndexReader,0,0,0.081606,0,0,0.039071,0.125597,1.01,0,6.707952,0,0,6.1,0,0,28,0,0,1.738393,0,0.3868,6.1,11,99,2,27,2,1,0,0,0,7.08,57,0.118935,0,0.125304,4.04,0,12,7.2,1,0,6.1,0,5.05,0.145195,17.36,0.075202,1.110363,0.136534,44,22,0.163425,7.67,0,0.120475
org.apache.lucene.index.FreqProxFieldMergeState,0,0,0,0,0,0.026323,0,0,0,1.740403,0,0,0,0,0,3,0,0,0.908307,0,0,0,11,59,0,2,1,1,0,0,0,0,8,0,0,0.16752,1.01,0,11,0,12,2,0,0,1.01,0.257041,0,0.2,0,0,0,1,0.2,1.07,0.014858,0
org.apache.lucene.index.FreqProxTermsWriter,1,0,0,0,0,0.098705,0,0,0,1.218825,0,0,0,0,0,11,0,0,0.715751,0,0.2,0,23,233,1,10,2,3,0,0,45,1.01,56,0,0,0.16752,0,0,23,1.02,3,1,0,0,0,0.22227,0,0,0,0.185333,1,2,0,1.14,0.014858,0
org.apache.lucene.index.FreqProxTermsWriterPerField,0,0.146846,0,0,1.01,0.057417,0,0,0,1.218825,0,0,1.02,0,0,11,0,0,0.715751,0,0,1.02,11,92,0,10,2,3,0,0,29,0,17,0.195348,0.2,0.16752,0,1.07,12,1.02,7,0,0,0,0,0.22227,0,0,0,0.185333,0,2,0,1.25,0.014858,0.195348
org.apache.lucene.index.FreqProxTermsWriterPerThread,0,0,0,0,0,0.003439,0,0,0,0.644864,0,0,0,0,0,5,0,0,0.359571,0,0,0,7,17,0,4,2,3,0,0,6,0,6,0,0,0,0,0,9,0,2,0,0,0,0,0.107477,0,0,0,0,0,2,0,0,0.004345,0
org.apache.lucene.index.GCJSegmentReader,0,0,0,0,0,0.001321,0,0,0,0.884702,0,0,0,0,0,2,0,0,0.226138,0,0.3868,0,5,9,15,1,4,0,0,1.01,0,8.11,4,0,0,0,0,0,5,0,0,0,0,0.035714,0,0.017694,20.58,0,1.157631,0,103,1,0,0,0,0
org.apache.lucene.index.GCJTermDocs,0,0,0,0,0,0.001321,0,0,0,0.884702,0,0,0,0,0,2,0,0,0.226138,0,0.22439,0,2,7,9,1,2,1,0,0,0,2.02,3,0,0,0,0,0,3,0,0,0,0,0,0,0.017694,0,0,0,0,10,1,0,0,0,0
org.apache.lucene.index.IndexCommit,0,0.309736,0,0,0,0.026773,0.544979,0,0,2.320395,0,0,3.05,0,0,12,0,0,1.196014,0,0,3.05,2,33,0,11,1,4,0,0,55,0,17,0.470287,0,0.393524,0,3.4,6,4.07,0,0,3.05,0,0,0.327065,0,0,0,0.565211,0,11,0,3.15,0.046474,0.470869
org.apache.lucene.index.IndexCommitPoint,0,0.034813,0.042133,0,0,0.018157,0.044018,1.01,0,1.372433,0,0,1.01,0,0,3,0,0,0.421901,0,0,1.01,0,5,0,3,0,2,0,0,3,0,3,0.043066,0,0.036106,0,1.02,2,1.01,0,0,1.01,0,1.01,0.054577,0,0,0,0.042913,0,3,0.042133,1.01,0,0.044071
org.apache.lucene.index.IndexDeletionPolicy,0,0,0.074581,0,0,0.024085,0,2.02,0,0.894354,0,0,0,0,0,2,0,0,0.267257,0,0,0,0,4,0,2,0,6,0,0,1,0,2,0,0,0,0,0,6,0,0,0,0,0,2.02,0.032846,0,0,0,0,0,2,0.074315,0,0,0
org.apache.lucene.index.IndexFileDeleter,4,0.124858,0.069742,1.01,3.05,0.239625,0.139382,3.04,0.05137,9.372595,0.037037,4.12,5.16,1,0,18,0.091811,2.04,3.266121,0,0,5.16,8,298,0,17,1,2,0,0,40,0,65,0.137338,0.079658,0.329745,1.01,8.25,10,8.24,10,9,5.15,0,3.03,0.573632,0,0.02912,0,0.25902,0,4,0.074933,12.85,0.050292,0.140107
org.apache.lucene.index.IndexFileNameFilter,0,0.034842,0.07426,0,2.03,0.026125,0.01552,3.03,0.039937,2.464858,0,0,1.02,0,0,4,0,2.02,1.403291,0,0,1.02,1,51,0,3,1,2,0,0,3,0,12,0.015939,0.04018,0.035735,1.01,2.03,3,1.07,3,2,1.02,0,4.04,0.365388,0,0.013632,0,0.015907,0,3,0.083599,2.39,0.242286,0.016099
org.apache.lucene.index.IndexFileNames,0,0.014172,0.319814,0,4.21,0.047065,0.035909,6.12,0,4.273609,0,0,2.02,0,0,3,0,0,1.910398,0,0,2.02,1,98,0,2,1,18,0,0,1,0,5,0.051463,0.083935,0.102342,1.01,1.01,18,2.04,26,0,2.02,0,6.12,0.41704,0,0.022967,0,0.051782,0,0,0.45069,5.85,0.242286,0.051623
org.apache.lucene.index.IndexModifier,0,0,0.087529,0,0,0.402961,0.027475,4.08,0,8.52805,0,0,2.04,0,0,26,0,0,3.083175,0,0,2.04,12,215,0,23,1,0,0,0,0,0,53,0.026318,0,0.116952,3.06,0,12,4.07,10,0,2.04,0,7.14,0.543531,0,0.067265,0,0.10462,0,19,0.152765,5.15,0.242289,0.027275
org.apache.lucene.index.IndexReader,1,0.784022,1.463998,2.02,8.16,0.630811,1.197272,37.71,0.136967,18.294235,0,1.01,17.39,0,5,74,0.027481,5.16,6.612563,2.02,0,17.39,23,308,0,72,1,110,0.066667,0,2502,0,117,1.048109,0.394028,1.047811,12.19,40.08,131,20.94,5,3,16.31,0,34.77,1.25346,0,0.264151,0,1.06163,0,62,1.409879,25.3,0.334553,1.055904
org.apache.lucene.index.IndexWriter,51,1.959595,0.737273,9.15,17.42,2.36219,0.524709,18.33,0.596093,27.439629,0.206382,22.67,27.34,12,0,164,1.602667,14.41,37.586919,4.04,0,28.54,30,2182,0,146,1,33,0.061022,0,7063,0,379,2.071323,0.488814,2.461014,13.24,128.4,55,40.33,59,45,16.56,0,25.46,1.933741,0,0.443393,0,2.797938,0,70,0.961981,62.11,0.613708,1.932155
org.apache.lucene.index.IntBlockPool,0,0,0,0,0,0.005452,0,0,0,0.644864,0,0,0,4,0,3,0,0,0.359571,0,0,0,1,34,0,2,1,2,0,0,0,0,6,0,0,0,0,0,3,0,7,1,0,0,0,0.107477,0,0,0,0,0,2,0,0,0.004345,0
org.apache.lucene.index.InvertedDocConsumer,0,0,0,0,0,0.003858,0,0,0,0.644864,0,0,0,0,1,7,0,0,0.359571,0,0,0,4,11,0,6,1,4,0,0,15,0,7,0,0,0,0,0,6,0,1,0,0,0,0,0.107477,0,0,0,0,0,0,0,0,0.004345,0
org.apache.lucene.index.InvertedDocConsumerPerField,0,0,0,0,0,0.003439,0,0,0,0.644864,0,0,0,0,1,5,0,0,0.359571,0,0,0,2,6,0,4,1,5,0,0,6,0,5,0,0,0,0,0,7,0,0,0,0,0,0,0.107477,0,0,0,0,0,0,0,0,0.004345,0
org.apache.lucene.index.InvertedDocConsumerPerThread,0,0,0,0,0,0.002265,0,0,0,0.644864,0,0,0,0,1,5,0,0,0.359571,0,0,0,4,6,0,4,1,6,0,0,6,0,5,0,0,0,0,0,9,0,0,0,0,0,0,0.107477,0,0,0,0,0,0,0,0,0.004345,0
org.apache.lucene.index.InvertedDocEndConsumer,0,0,0,0,0,0.002432,0,0,0,0.644864,0,0,0,0,1,6,0,0,0.359571,0,0,0,4,7,0,5,1,3,0,0,10,0,6,0,0,0,0,0,6,0,0,0,0,0,0,0.107477,0,0,0,0,0,0,0,0,0.004345,0
org.apache.lucene.index.InvertedDocEndConsumerPerField,0,0,0,0,0,0.001929,0,0,0,0.644864,0,0,0,0,1,3,0,0,0.359571,0,0,0,0,4,0,2,1,5,0,0,1,0,3,0,0,0,0,0,5,0,0,0,0,0,0,0.107477,0,0,0,0,0,0,0,0,0.004345,0
org.apache.lucene.index.InvertedDocEndConsumerPerThread,0,0,0,0,0,0.002097,0,0,0,0.644864,0,0,0,0,1,5,0,0,0.359571,0,0,0,3,6,0,4,1,6,0,0,6,0,5,0,0,0,0,0,8,0,0,0,0,0,0,0.107477,0,0,0,0,0,0,0,0,0.004345,0
org.apache.lucene.index.KeepOnlyLastCommitDeletionPolicy,0,0,0,0,0,0.00891,0,0,0,0.894354,0,0,0,0,0,3,0,0,0.267257,0,0,0,2,11,0,2,1,2,0,0,1,0,6,0,0,0,0,0,4,0,0,0,0,0,0,0.032846,0,0,0,0,0,2,0,0,0,0
org.apache.lucene.index.LogByteSizeMergePolicy,0,0,0.036735,0,0,0.030373,0,1.01,0,1.305317,0,0,0,2,0,6,0,0,0.395637,0,0.037037,0,2,24,6,5,3,1,0,1.01,10,1.02,8,0,0,0,0,0,3,0,2,0,0,0.041667,1.01,0.048204,2.03,0,0.095861,0,14,4,0.036735,0,0,0
org.apache.lucene.index.LogDocMergePolicy,0,0.014172,0.075576,1.01,1.01,0.014144,0.037037,2.02,0,1.003959,0.037037,0,1.02,1,0,4,0,0,0.303153,0,0.037037,1.02,2,17,6,3,3,1,0,1.01,3,1.02,5,0.035524,0.034629,0.025002,0,1.07,3,1.02,1,0,1.02,0.041667,2.02,0.036613,2.03,0,0.095861,0.035875,14,2,0.075644,1.07,0,0.035524
org.apache.lucene.index.LogMergePolicy,3,0.06205,0,1.01,2.03,0.08203,0.087465,0,0.04,4.10063,0.037037,1.01,3.04,3,2,19,0.04,1.01,1.325416,0,0,3.04,6,212,0,18,2,3,0,1.01,81,0,34,0.118038,0.072485,0.193731,1.01,3.38,8,4.06,10,4,2.03,0.041667,1.01,0.187707,0,0.056527,0,0.148555,0,14,0.058039,5.72,0.000001,0.116241
org.apache.lucene.index.MergeDocIDRemapper,0,0,0.063809,0,0,0.014655,0,1.01,0,0.2895,0,0,0,0,0,2,0,0,0.104391,0,0,0,3,68,0,1,1,2,0,0,0,0,4,0,0,0,0,0,5,0,6,0,0,0,1.01,0.018094,0,0,0,0,0,1,0.063414,0,0,0
org.apache.lucene.index.MergePolicy,0,0.015315,0.24805,0,0,0.042641,0.038596,5.06,0,3.20937,0,0,1.01,0,1,7,0,0,1.043507,1.01,0,2.02,4,19,0,6,1,8,0.038262,1.01,15,0,8,0.079947,0,0.040771,0,1.05,11,2.03,0,0,1.05,0.041667,5.06,0.148848,0,0,0,0.079464,0,0,0.23884,1.06,0,0.042278
org.apache.lucene.index.MergeScheduler,0,0,0,0,0,0.006792,0.038596,0,0,1.942653,0,0,0,0,2,3,0,0,0.61364,1.02,0,1.01,2,6,0,2,1,5,0.038262,1.01,1,0,3,0.035872,0,0,0,0,6,1.01,0,0,1.02,0.041667,0,0.082522,0,0,0,0.033765,0,0,0,0,0,0
org.apache.lucene.index.MockIndexInput,0,0,0,0,0,0.001321,0,0,0,0.884702,0,0,0,0,0,5,0,0,0.226138,0,0,0,1,31,2,4,3,0,0,0,4,1.01,6,0,0,0,0,0,1,0,3,3,0,0,0,0.017694,5.06,0,0.373202,0,17,2,0,0,0,0
org.apache.lucene.index.MultiLevelSkipListReader,2,0,0,0,0,0.159496,0,0,0,1.573407,0,0,0,0,1,10,0,0,0.545614,0,0,0,2,125,0,9,1,2,0,0,0,0,21,0,0,0.023025,0,0,4,1.01,14,14,0,0,0,0.093143,0,0,0,0.024755,0,0,0,1.01,0.000083,0
org.apache.lucene.index.MultiLevelSkipListWriter,0,0,0.02985,0,0,0.088522,0,1.01,0,1.289145,0,0,0,0,1,6,0,0,0.464323,0,0,0,2,56,0,5,1,3,0,0,0,0,14,0,0,0,0,0,5,0,3,3,0,0,1.01,0.084529,0,0,0,0,0,0,0.029554,0,0.000083,0
org.apache.lucene.index.MultiReader,3,0.040681,0,0,4.16,0.238055,0.11959,0,0.087355,9.218431,0,3.07,8.62,0,0,33,0.06582,4.15,3.24868,0,0.3868,8.64,12,239,2,31,2,0,0,2.02,0,8.08,68,0.168941,0.086268,0.553759,8.25,2.02,12,10.32,8,7,5.38,0.035714,8.25,0.555229,16.76,0.160246,1.081487,0.298287,44,22,0.168432,14.6,0.243054,0.171084
org.apache.lucene.index.MultiSegmentReader,3,0,0.285719,0,0,0.22904,0.038596,2.02,0,2.796707,0,0,2.06,0,1,37,0,0,1.848872,2.02,0.319805,2.07,16,316,5,35,3,3,0.25,1.01,0,3.05,95,0.064609,0,0.626614,2.03,0,17,4.34,7,6,1.02,0.035714,2.03,0.540296,6.18,0.279019,0.933358,0.745514,51,21,0.278833,5.2,0.273376,0.064293
org.apache.lucene.index.MultipleTermPositions,0,0.041469,0,0,0,0.09471,0.048594,0,0,2.812643,0,0,2.03,0,0,13,0,0,1.503966,0,0,2.03,6,75,0,12,1,0,0,0,54,0,35,0.047138,0,0.053448,0,2.3,6,2.03,4,4,2.03,0,0,0.375898,0,0,0,0.047452,0,12,0,3.3,0.242286,0.048036
org.apache.lucene.index.NormsWriter,0,0,0,0,0,0.014679,0,0,0,0.644864,0,0,0,0,0,7,0,0,0.359571,0,0,0,13,91,0,6,2,2,0,0,13,0,32,0,0,0,0,0,13,0,2,2,0,0,0,0.107477,0,0,0,0,0,3,0,0,0.004345,0
org.apache.lucene.index.NormsWriterPerField,0,0,0,0,0,0.006459,0,0,0,0.644864,0,0,0,0,0,5,0,0,0.359571,0,0,0,8,40,0,4,2,2,0,0,0,0,12,0,0,0,0,0,9,0,7,0,0,0,0,0.107477,0,0,0,0,0,2,0,0,0.004345,0
org.apache.lucene.index.NormsWriterPerThread,0,0,0,0,0,0.003439,0,0,0,0.644864,0,0,0,0,0,6,0,0,0.359571,0,0,0,8,17,0,5,2,2,0,0,10,0,7,0,0,0,0,0,8,0,2,0,0,0,0,0.107477,0,0,0,0,0,0,0,0,0.004345,0
org.apache.lucene.index.ParallelArrayTermVectorMapper,0,0,0,0,1.01,0.149037,0,0,0.04368,8.546505,0,0,0,0,0,4,0,1.01,2.889462,0,0,0,5,46,0,3,2,1,0,0,0,0,6,0,0.043018,0.036106,0,0,6,0,8,8,0,0,0,0.480748,1.01,0,0.04,0,3,3,0,1.02,0.031119,0
org.apache.lucene.index.ParallelReader,0,0.086865,0,0,2.03,0.446354,0.120912,0,0.0499,10.767317,0,0,5.11,0,0,34,0,2.02,3.12641,0,0.375689,5.12,12,289,2,32,2,0,0,0,282,6.07,96,0.111835,0.050496,0.155156,3.04,6.35,12,9.32,9,8,5.1,0,3.04,0.394825,15.33,0.060491,1.085059,0.171192,42,26,0.067306,10.78,0.03109,0.113058
org.apache.lucene.index.Payload,0,0,0.471056,0,0,0.069298,0.255095,6.09,0,3.495335,0,0,2.07,0,0,14,0,0,1.386432,0,0,2.07,1,85,0,11,1,8,0,0,0,0,21,0.247963,0,0.211364,1.01,0,9,2.1,3,0,2.07,0,6.1,0.297063,0,0.247572,0,0.263372,0,11,0.466808,2.47,0.031174,0.249593
org.apache.lucene.index.PositionBasedTermVectorMapper,0,0,0,0,0,0.070221,0,0,0,0.691728,0,0,0,0,0,6,0,0,0.205981,0,0,0,2,44,0,4,2,0,0,0,2,0,15,0,0,0,0,0,2,0,4,4,0,0,0,0.024084,1.01,0,0.04,0,2,4,0,0,0,0
org.apache.lucene.index.RawPostingList,0,0,0,0,0,0.00302,0,0,0,0.644864,0,0,0,0,0,1,0,0,0.359571,0,0,0,1,6,0,0,1,10,0,0,0,0,1,0,0,0,0,0,11,0,4,0,0,0,0,0.107477,0,0,0,0,0,0,0,0,0.004345,0
org.apache.lucene.index.ReadOnlyMultiSegmentReader,0,0,0,0,0,0.001792,0,0,0,0.624467,0,0,0,0,0,3,0,0,0.449648,0,0,0,5,11,6,1,4,2,0,0,0,0,6,0,0,0,0,0,5,0,0,0,0,0,0,0.156117,1.01,0,0.440864,0,82,0,0,0,0.03109,0
org.apache.lucene.index.ReadOnlySegmentReader,0,0,0,0,0,0.001647,0,0,0,0.624467,0,0,0,0,0,4,0,0,0.449648,0,0,0,2,11,15,3,4,2,0,0,3,0,6,0,0,0,0,0,3,0,0,0,0,0,0,0.156117,1.01,0,0.440864,0,102,1,0,0,0.03109,0
org.apache.lucene.index.ReusableStringReader,0,0,0,0,0,0.004004,0,0,0,0.521578,0,0,0,0,0,5,0,0,0.192555,0,0,0,0,30,0,4,2,2,0,0,4,0,7,0,0,0,0,0,2,0,3,0,0,0,0,0.034772,0,0,0,0,0,3,0,0,0,0
org.apache.lucene.index.SegmentInfo,2,0.146846,0.272921,0,7.16,0.194509,0.07271,9.14,0.313454,5.87757,0,4.04,9.32,3,0,34,0.049703,6.11,29.902927,0,0,9.35,6,461,0,30,1,15,0,0,27,0,63,0.428633,0.396655,0.418873,4.07,1.27,19,11.68,19,11,3.05,0,11.19,0.546261,0,0.061695,0,0.460712,0,5,0.362821,15.81,0.290405,0.430868
org.apache.lucene.index.SegmentInfos,2,0.293167,2.040516,6.06,9.14,0.273895,0.177515,11.14,0.138859,10.500447,0.107492,2.02,7.27,8,0,33,0.058868,4.08,4.210918,0,0,7.27,8,299,0,32,4,14,0,0,398,0,85,0.443862,0.512769,0.747152,3.04,12.02,21,9.61,17,7,5.23,0,12.15,0.869668,0,0.090207,0,0.475056,0,28,2.073037,15.19,0.297928,0.444572
org.apache.lucene.index.SegmentMergeInfo,0,0,0.030279,0,0,0.024686,0,1.01,0.01248,1.686142,0,0,1.02,0,0,5,0,1.02,0.410634,0,0,1.02,5,52,0,4,1,2,0,0,0,0,13,0.012462,0,0.011745,0,0,7,1.02,6,2,0,0,1.01,0.028102,0,0,0,0.01234,0,0,0.02859,1.12,0,0.012462
org.apache.lucene.index.SegmentMergeQueue,0,0,0.030279,0,0,0.001321,0,1.01,0,0.884702,0,0,0,0,0,3,0,0,0.226138,0,0.047619,0,3,18,1,2,2,1,0,0,1,1.01,8,0,0,0,0,0,4,0,0,0,0,0,1.01,0.017694,1.01,0,0.047619,0,9,0,0.02859,0,0,0
org.apache.lucene.index.SegmentMerger,10,0.290013,0.099208,0,10.16,0.322654,0,3.03,0.289713,14.68611,0,4.06,6.1,0,0,21,0.282199,9.15,5.183347,0,0,7.11,30,505,0,19,1,4,0,0,17,0,115,0.362822,0.298966,0.749867,9.1,7.52,31,16.42,24,23,0,0,9.1,0.91119,0,0.239383,0,1.103432,0,0,0.268075,22.16,0.25291,0.355584
org.apache.lucene.index.SegmentReader,7,0.380267,0.533855,0,8.13,0.469441,0.485898,11.12,0.43417,13.789534,0,2.03,9.32,0,2,62,0.051249,7.11,5.193541,1.01,0.3868,9.32,35,720,5,61,3,13,0.25,1.01,1338,7.09,162,0.390109,0.457489,1.074514,14.16,21.85,42,14.67,28,18,7.13,0.035714,16.2,1.024631,15.29,1.009056,1.064067,0.999438,50,28,1.086713,23.03,0.289008,0.393079
org.apache.lucene.index.SegmentTermDocs,1,0.167021,0.038841,0,3.06,0.098698,0,1.01,0.049168,2.678089,0,1.01,1.01,0,2,13,0.2,2.04,0.91667,0,0,1.01,13,150,0,12,1,4,0,0,16,0,33,0.195348,0.248915,0.210676,2.03,2.05,16,3.11,16,7,0,0,3.04,0.16431,0,0.050157,0,0.233142,0,8,0.088203,3.78,0.010512,0.195348
org.apache.lucene.index.SegmentTermEnum,0,0,0,0,1.01,0.013725,0,0,0,3.759538,0,0,0,0,0,13,0,0,1.221472,0,0,0,8,132,0,12,2,3,0,0,0,0,34,0,0.026346,0.239723,1.01,0,11,1.01,15,8,0,0,1.01,0.184619,0,0.022186,0,0.067366,1,4,0.022652,5.16,0.000084,0
org.apache.lucene.index.SegmentTermPositionVector,0,0,0,0,0,0.001815,0,0,0,1.586171,0,0,0,1,0,3,0,0,0.423422,0,0,0,3,30,0,2,2,1,0,0,1,0,4,0,0,0,0,0,4,0,3,0,0,0,0,0.037736,0,0,0,0,7,2,0,0,0,0
org.apache.lucene.index.SegmentTermPositions,4,0.041469,0,0,2.04,0.059453,0.048594,0,0.023169,4.753267,0,2.04,3.07,0,0,15,0.035302,2.04,1.536396,0,0.22439,3.07,6,117,9,14,2,1,0,0,11,2.02,27,0.066746,0.040575,0.257467,1.01,2.11,6,3.1,7,7,2.03,0,1.01,0.238801,0,0.022967,0,0.063258,5,7,0.023249,5.78,0.010512,0.067643
org.apache.lucene.index.SegmentTermVector,0,0,0.030279,0,0,0.002104,0,1.01,0,1.543304,0,0,0,0,1,8,0,0,1.169512,0,0,0,1,48,0,7,1,3,0,0,5,0,14,0,0,0,0,0,4,0,3,3,0,0,1.01,0.346995,0,0,0,0,0,7,0.02859,0,0.242286,0
org.apache.lucene.index.SerialMergeScheduler,0,0,0.036735,0,0,0.004376,0,1.01,0,1.546537,0,0,0,0,0,3,0,0,0.473857,0,0,0,4,12,0,2,2,1,0,1.01,1,0,5,0,0,0,0,0,5,0,0,0,0,0.041667,0,0.059221,0,0,0,0,0,2,0,0,0,0
org.apache.lucene.index.SnapshotDeletionPolicy,1,0,0,0,0,0.050443,0,0,0,2.020164,0,0,0,0,0,6,0,0,0.935962,0,0,0,3,36,0,5,1,0,0,0,2,0,15,0,0,0,1.01,0,3,1.01,3,3,0,0,1.01,0.230594,0,0.037315,0,0.031899,0,4,0.052673,0,0.045179,0
org.apache.lucene.index.SortedTermVectorMapper,0,0,0,0,0,0.024232,0,0,0,0.539871,0,0,0,1,0,5,0,0,0.15576,0,0,0,3,64,0,3,2,0,0,0,0,0,19,0,0,0,0,0,3,0,5,4,0,0,0,0.016871,1.01,0,0.04,0,3,3,0,0,0,0
org.apache.lucene.index.StaleReaderException,0,0,0.032448,0,0,0.010501,0,1.01,0,0.428222,0,0,0,0,0,1,0,0,0.113845,0,0,0,0,5,0,0,4,3,0,0,0,0,2,0,0,0,0,0,3,0,0,0,0,0,1.01,0.009959,0,0,0,0,0,0,0.032182,0,0,0
org.apache.lucene.index.StoredFieldsWriter,1,0,0,0,0,0.015937,0,0,0,0.644864,0,0,0,0,0,11,0,0,0.359571,0,0,0,12,104,1,10,2,3,0,0,13,0,30,0,0,0,0,0,13,0,6,0,0,0,0,0.107477,0,0,0,0,1,4,0,0,0.004345,0
org.apache.lucene.index.StoredFieldsWriterPerField,0,0,0,0,0,0.005536,0,0,0,0.644864,0,0,0,0,0,3,0,0,0.359571,0,0,0,9,34,0,2,2,1,0,0,1,0,10,0,0,0,0,0,9,0,3,0,0,0,0,0.107477,0,0,0,0,0,1,0,0,0.004345,0
org.apache.lucene.index.StoredFieldsWriterPerThread,0,0,0,0,0,0.00562,0,0,0,0.644864,0,0,0,0,0,5,0,0,0.359571,0,0,0,11,33,0,4,2,2,0,0,0,0,9,0,0,0,0,0,11,0,4,0,0,0,0,0.107477,0,0,0,0,0,4,0,0,0.004345,0
org.apache.lucene.index.Term,1,0,1.304692,0,0,0.00691,0.011628,32.7,0,2.959633,0,0,1.01,0,0,13,0,0,1.051776,0,0,2.02,0,53,0,10,1,91,0,0,0,0,18,0.224564,0,0.206475,0,0,91,2.02,2,0,1.01,0,32.7,0.205006,0,0,0,0.238007,0,8,1.297264,3.11,0.03109,0.011452
org.apache.lucene.index.TermBuffer,1,0,0,0,1.01,0.030104,0,0,0.068511,1.40126,0,1.01,0,0,0,10,0.071429,1.01,0.421821,0,0,0,4,96,0,9,1,1,0,0,0,0,29,0,0.067258,0.061449,1.01,0,5,1.06,6,6,0,0,1.01,0.054591,0,0.071429,0,0.067366,0,6,0.069377,1.16,0.000001,0
org.apache.lucene.index.TermDocs,0,0,0.766217,0,0,0.001321,0,18.22,0,0.884702,0,0,0,0,0,8,0,0,0.226138,0,0,0,2,10,0,8,0,27,0,0,28,0,8,0,0,0,0,0,29,0,0,0,0,0,18.22,0.017694,0,0,0,0,0,8,0.761658,0,0,0
org.apache.lucene.index.TermEnum,0,0,0.808437,0,0,0.001321,0,17.24,0,0.884702,0,0,0,0,3,6,0,0,0.226138,2.02,0,0,1,13,0,5,1,39,0.097917,0,10,0,7,0,0,0,0,0,40,0,0,0,0,0,17.24,0.017694,0,0,0,0,0,5,0.803271,0,0,0
org.apache.lucene.index.TermFreqVector,0,0,0.186853,0,0,0.003298,0,6.08,0,1.586171,0,0,0,0,0,6,0,0,0.423422,0,0,0,0,8,0,6,0,19,0,0,15,0,6,0,0,0,0,0,19,0,0,0,0,0,6.08,0.037736,0,0,0,0,0,6,0.18458,0,0,0
org.apache.lucene.index.TermInfo,0,0,0.060129,0,0,0.001321,0,2.02,0,0.884702,0,0,0,0,0,5,0,0,0.226138,0,0,0,0,31,0,2,1,8,0,0,0,0,5,0,0,0,0,0,8,0,4,0,0,0,2.02,0.017694,0,0,0,0,0,0,0.058144,0,0,0
org.apache.lucene.index.TermInfosReader,6,0.070364,0,0,3.04,0.06618,0.065577,0,0.149496,5.4907,0,0,3.04,0,0,19,0,3.07,2.405305,0,0,3.05,12,199,0,17,1,2,0,0,72,0,40,0.080688,0.150865,0.184926,5.06,4.31,14,5.12,13,13,2.03,0,5.06,0.52319,0,0.713373,0,0.623868,0,6,0.713437,6.66,0.242371,0.081205
org.apache.lucene.index.TermInfosWriter,4,0,0.060129,1.02,3.08,0.078733,0,2.02,0.046419,4.036531,0,2.02,2.03,3,0,9,0.121429,1.03,1.14661,0,0,2.03,6,130,0,7,1,3,0,0,0,0,30,0.117477,0.141491,0.190581,3.04,0,9,3.07,19,11,0,0,5.06,0.129387,0,0.139529,0,0.159059,0,0,0.198529,6.56,0.000001,0.117477
org.apache.lucene.index.TermPositionVector,0,0,0.063809,0,0,0.001321,0,1.02,0,0.884702,0,0,0,0,0,2,0,0,0.226138,0,0,0,2,4,0,2,0,5,0,0,1,0,2,0,0,0,0,0,7,0,0,0,0,0,1.02,0.017694,0,0,0,0,0,2,0.063414,0,0,0
org.apache.lucene.index.TermPositions,0,0.041469,0.534439,0,0,0.03529,0.048594,7.1,0,4.092027,0,0,2.03,0,0,4,0,0,1.146185,0,0,2.03,1,8,0,4,0,21,0,0,6,0,4,0.047138,0,0.042184,0,2.06,22,2.03,0,0,2.03,0,7.1,0.117162,0,0,0,0.047452,0,4,0.531608,2.03,0,0.048036
org.apache.lucene.index.TermVectorAccessor,1,0,0,0,0,0.037799,0,0,0,0.333215,0,0,0,0,0,3,0,0,0.30239,0,0,0,7,58,0,2,1,0,0,0,1,0,30,0,0,0,0,0,7,0,4,4,0,0,0,0.111072,0,0,0,0,0,1,0,0,0.045096,0
org.apache.lucene.index.TermVectorEntry,0,0,0,0,0,0.018409,0,0,0,0.539871,0,0,0,0,0,13,0,0,0.15576,0,0,0,1,57,0,11,1,3,0,0,31,0,16,0,0,0,0,0,4,0,5,4,0,0,0,0.016871,0,0,0,0,0,8,0,0,0,0
org.apache.lucene.index.TermVectorEntryFreqSortedComparator,0,0,0,0,0,0.00789,0,0,0,0.539871,0,0,0,0,0,2,0,0,0.15576,0,0,0,1,17,0,1,1,0,0,0,0,0,6,0,0,0,0,0,1,0,0,0,0,0,0,0.016871,0,0,0,0,0,1,0,0,0,0
org.apache.lucene.index.TermVectorMapper,0,0.032563,0.462923,0,0,0.023728,0.04,4.04,0,0.989963,0,0,1.01,0,4,7,0,0,0.295571,1.01,0,1.01,1,22,0,5,1,13,0,0,10,0,7,0.038439,0,0.032176,0,1.04,14,1.01,2,2,1.01,0,4.04,0.034875,0,0,0,0.030566,0,5,0.462262,1.02,0,0.038439
org.apache.lucene.index.TermVectorOffsetInfo,0,0,0.460754,0,0,0.008241,0,4.1,0,1.586171,0,0,0,1,0,8,0,0,0.423422,0,0,0,0,37,0,6,1,17,0,0,0,0,8,0,0,0,0,0,17,0,3,2,0,0,4.1,0.037736,0,0,0,0,0,6,0.458671,0,0,0
org.apache.lucene.index.TermVectorsReader,7,0.132233,0.148888,0,4.08,0.149037,0.025661,3.04,0.028201,8.546505,0,2.04,2.1,0,0,21,0.072029,1.01,2.889462,0,0,4.12,11,345,0,18,1,5,0,0,31,0,52,0.119472,0.164383,0.523567,3.03,4.47,16,7.22,15,8,1.02,0,6.07,0.480748,0,0.071665,0,0.219781,0,2,0.225514,12.54,0.031119,0.068666
org.apache.lucene.index.TermVectorsTermsWriter,0,0,0,0,0,0.025089,0,0,0,1.218825,0,0,0,0,0,13,0,0,0.715751,0,0.2,0,16,164,1,12,2,3,0,0,34,1.01,45,0,0,0.16752,0,0,16,0,9,0,0,0,0,0.22227,0,0,0,0,1,3,0,1.01,0.014858,0
org.apache.lucene.index.TermVectorsTermsWriterPerField,0,0.146846,0,0,0,0.022432,0,0,0,1.218825,0,0,1.01,0,0,9,0,0,0.715751,0,0,1.01,17,149,0,8,2,2,0,0,8,0,32,0.195348,0,0.16752,0,1.07,17,1.01,10,0,0,0,0,0.22227,0,0,0,0.185333,0,1,0,1.03,0.014858,0.195348
org.apache.lucene.index.TermVectorsTermsWriterPerThread,0,0,0,0,0,0.007297,0,0,0,0.644864,0,0,0,0,0,7,0,0,0.359571,0,0,0,10,52,0,6,2,2,0,0,7,0,13,0,0,0,0,0,10,0,7,0,0,0,0,0.107477,0,0,0,0,0,4,0,0,0.004345,0
org.apache.lucene.index.TermVectorsWriter,0,0.017679,0.18958,0,2.12,0.051751,0.028484,3.03,0.034233,3.992499,0,1.04,2.13,0,0,4,0.027481,1.04,1.183103,0,0,2.13,11,140,0,3,1,2,0,0,0,0,30,0.073779,0.099898,0.188462,3.03,1.51,13,3.28,5,4,1.08,0,4.04,0.143789,0,0.155507,0,0.137027,0,1,0.285713,6.12,0.000001,0.075414
org.apache.lucene.index.TermsHash,0,0,0,0,1.01,0.041548,0,0,0.16645,1.218825,0,0,0,0,0,11,0,1.04,0.715751,0,0,0,13,140,1,10,2,3,0,0,0,0,38,0,0.2,0.16752,0,0,13,0,10,4,0,0,0,0.22227,0,0,0,0,0,4,0,1.02,0.014858,0
org.apache.lucene.index.TermsHashConsumer,0,0,0,0,1.01,0.004548,0,0,0,1.218825,0,0,0,0,2,8,0,0,0.715751,0,0,0,5,12,0,7,1,5,0,0,21,0,8,0,0.2,0.16752,0,0,8,0,1,0,0,0,0,0.22227,0,0,0,0,0,0,0,1.01,0.014858,0
org.apache.lucene.index.TermsHashConsumerPerField,0,0.146846,0,0,0,0.003616,0,0,0,1.218825,0,0,1.01,0,2,7,0,0,0.715751,0,0,1.01,3,8,0,6,1,7,0,0,15,0,7,0.195348,0,0.16752,0,1.05,10,1.01,0,0,0,0,0,0.22227,0,0,0,0.185333,0,0,0,1.01,0.014858,0.195348
org.apache.lucene.index.TermsHashConsumerPerThread,0,0,0,0,0,0.002265,0,0,0,0.644864,0,0,0,0,2,5,0,0,0.359571,0,0,0,4,6,0,4,1,8,0,0,6,0,5,0,0,0,0,0,11,0,0,0,0,0,0,0.107477,0,0,0,0,0,2,0,0,0.004345,0
org.apache.lucene.index.TermsHashPerField,2,0.146846,0,0,0,0.049114,0,0,0,1.218825,0,0,0,0,0,18,0,0,0.715751,0,0,0,17,378,0,17,2,10,0,0,44,0,39,0,0,0.16752,0,1.06,24,1.01,22,7,0,0,0,0.22227,0,0,0,0.185333,0,6,0,1.01,0.014858,0
org.apache.lucene.index.TermsHashPerThread,1,0,0,0,0,0.01585,0,0,0,1.218825,0,1.01,1.01,0,0,8,0.2,0,0.715751,0,0,1.01,14,79,0,7,2,9,0,0,1,0,23,0.195348,0,0.16752,0,0,20,1.01,10,0,0,0,0,0.22227,0,0,0,0.185333,0,3,0,1.04,0.014858,0.195348
org.apache.lucene.index.memory.AnalyzerUtil,2,0.012825,0,0,0,0.223759,0.0188,0,0,4.391323,0,0,1.01,0,0,11,0,0,2.153566,0,0,1.01,4,131,0,10,1,0,0,0,45,0,41,0.018453,0,0.01525,0,1.09,4,2.02,2,2,1.01,0,0,0.538003,0,0,0,0.242912,0,8,0,1.06,0.273376,0.018738
org.apache.lucene.index.memory.MemoryIndex,3,0.01783,0.081606,0,3.03,0.702014,0.019678,1.01,0.011628,8.008491,0,2.02,3.05,0,0,13,0.023872,3.03,3.190871,0,0,3.05,9,187,0,11,1,1,0,0,39,0,59,0.021635,0.010678,0.03644,2.02,3.42,10,5.11,8,8,3.03,0,3.03,0.665103,0,0.024961,0,0.266457,0,8,0.105586,4.44,0.273831,0.021434
org.apache.lucene.index.memory.PatternAnalyzer,4,0.010857,0,1.01,1.02,0.247947,0,0,0.011628,5.660912,0,1.01,1.01,4,0,9,0.011628,1.01,2.465077,0,0,1.01,4,148,0,8,2,1,0,0,20,0,31,0.01149,0.010678,0.009092,0,1.07,5,1.05,8,4,0,0,0,0.560621,3.05,0,0.058468,0.01105,4,4,0,1.56,0.273376,0.011452
org.apache.lucene.index.memory.SynonymMap,5,0,0,0,0,0.084844,0,0,0,3.550634,0,0,0,0,0,9,0,0,1.656557,0,0,0,0,217,0,8,1,2,0,0,26,0,58,0,0,0,1.01,0,2,0,3,3,0,0,1.01,0.379852,0,0.014711,0,0,0,2,0.014466,0,0.242286,0
org.apache.lucene.index.memory.SynonymTokenFilter,1,0,0,0,0,0.028339,0,0,0,3.274608,0,0,0,1,0,4,0,0,1.884353,0,0,0,4,58,1,3,3,0,0,0,3,0,14,0,0,0.17703,0,0,4,1.01,7,6,0,0,0,0.520194,2.02,0,0.057725,0.226957,3,1,0,1.01,0.273376,0
org.apache.lucene.misc.ChainedFilter,5,0.086326,0,0,0,0.016933,0,0,0,1.577972,0,1.02,1.03,5,0,11,0.1,0,1.317912,0,0,1.03,7,145,0,8,2,0,0,0,12,0,33,0.098548,0,0.114702,1.05,1.12,7,2.11,8,3,0,0,1.05,0.408998,1.01,0.092569,0.053739,0.134457,1,2,0.095364,2.37,0.242369,0.098548
org.apache.lucene.misc.HighFreqTerms,1,0,0,0,0,0.111147,0,0,0,0.130681,0,0,0,1,0,3,0,0,0.030758,0,0,0,6,40,0,2,1,0,0,0,1,0,18,0,0,0.012513,0,0,6,1.02,1,0,0,0,0,0.001867,0,0,0,0.01352,0,1,0,1.13,0,0
org.apache.lucene.misc.IndexMergeTool,0,0,0,0,0,0.134511,0,0,0,2.061744,0,0,0,0,0,2,0,0,1.307991,0,0,0,4,20,0,1,1,0,0,0,0,0,11,0,0,0,1.01,0,4,0,0,0,0,0,1.01,0.362225,0,0.013632,0,0,0,1,0.01037,0,0.242286,0
org.apache.lucene.misc.LengthNormModifier,0,0,0,0,0,0.121981,0,0,0,2.148653,0,0,0,0,0,3,0,0,0.846526,0,0,0,7,74,0,2,1,0,0,0,1,0,35,0,0,0.009631,0,0,7,0,2,2,0,0,0,0.18913,0,0,0,0,0,2,0,1.02,0.03109,0
org.apache.lucene.misc.SweetSpotSimilarity,0,0,0,0,0,0.158316,0,0,0,1.774526,0,0,0,0,0,9,0,0,0.459158,0,0,0,1,93,0,8,3,0,0,0,20,0,22,0,0,0,0,0,1,0,12,12,0,0,0,0.037491,1.01,0,0.025,0,13,8,0,0,0,0
org.apache.lucene.misc.TermInfo,0,0,0,0,0,0.111147,0,0,0,0.130681,0,0,0,0,0,1,0,0,0.030758,0,0,0,1,8,0,0,1,2,0,0,0,0,1,0,0,0,0,0,3,0,2,0,0,0,0,0.001867,0,0,0,0,0,0,0,0,0,0
org.apache.lucene.misc.TermInfoQueue,0,0,0,0,0,0.111147,0,0,0,0.130681,0,0,0,0,0,2,0,0,0.030758,0,0.047619,0,2,10,1,1,2,1,0,0,0,1.01,3,0,0,0,0,0,3,0,0,0,0,0,0,0.001867,1.01,0,0.047619,0,9,0,0,0,0,0
org.apache.lucene.queryParser.CharStream,0,0.025729,0.014395,0,0,0.012811,0.033462,1.01,0,2.48357,0,0,2.04,0,0,12,0,0,1.686718,0,0,2.04,0,14,0,12,0,3,0,0,66,0,12,0.033344,0,0.027665,0,2.42,3,2.04,0,0,2.04,0,1.01,0.50566,0,0,0,0.029482,0,12,0.014466,2.04,0.273376,0.033551
org.apache.lucene.queryParser.FastCharStream,1,0,0,0,0,0.001321,0,0,0,0.884702,0,0,0,0,0,14,0,0,0.226138,0,0,0,1,80,0,13,1,1,0,0,10,0,20,0,0,0,0,0,2,0,6,0,0,0,0,0.017694,0,0,0,0,0,12,0,0,0,0
org.apache.lucene.queryParser.MultiFieldQueryParser,1,0.0576,0.020369,1.03,2.04,0.475385,0.014199,2.03,0.037657,7.067766,0.011853,1.01,5.12,0,0,12,0.066667,2.03,2.58019,0,0.125408,6.16,8,142,18,10,2,3,0,0,25,5.07,33,0.116343,0.027878,0.143587,2.04,7.28,11,7.28,2,0,2.05,0,4.07,0.467651,11.35,0.014711,0.840718,0.142195,57,3,0.046166,9.8,0.242287,0.098083
org.apache.lucene.queryParser.ParseException,0,0,0.089191,0,0,0.004292,0,5.06,0,2.17304,0,0,0,3,0,5,0,0,1.67682,0,0,0,1,112,0,2,3,6,0,0,1,0,17,0,0,0.393206,0,0,7,0,5,0,0,0,5.06,0.524112,0,0,0,0,0,1,0.089257,1.03,0.273376,0
org.apache.lucene.queryParser.QueryParser,14,0.534292,0.128992,2.03,7.09,0.472713,0.618382,8.14,0.518291,12.165047,0.011853,1.04,10.39,5,2,80,0.014733,2.02,4.491155,3.03,0,10.39,26,1120,0,77,1,10,0.061022,0,2602,0,166,0.855334,0.633113,1.029712,3.03,32.36,36,14.54,42,24,7.17,0,11.17,0.86353,0,0.05733,0,1.151187,0,41,0.188345,18.86,0.318555,0.860025
org.apache.lucene.queryParser.QueryParserConstants,0,0,0,2.02,2.02,0.021186,0,0,0,1.702377,0,0,0,38,0,0,0,0,1.331071,0,0,0,0,75,0,0,0,2,0,0,0,0,0,0,0.118062,0.088383,0,0,2,0,38,0,0,0,0,0.404293,0,0,0,0,0,0,0,2.04,0.242369,0
org.apache.lucene.queryParser.QueryParserTokenManager,26,0.280486,0.014395,0,0,0.432344,0,1.01,0,5.379135,0,1.01,1.01,4,0,34,0.5,0,2.574641,0,0,1.01,4,1120,0,32,1,1,0,0,198,0,45,0.459071,0,0.555394,0,1.28,5,1.01,19,2,0,0,1.01,0.627959,0,0,0,0.459605,0,5,0.014466,8.61,0.27346,0.463464
org.apache.lucene.queryParser.Token,0,0.280486,0,0,0,0.017504,0.481481,0,0,0.658602,0,0,1.02,8,0,7,0,0,0.943374,0,0,1.04,0,38,0,4,1,3,0,0,6,0,7,0.459071,0,0.393206,0,1.05,3,1.04,8,0,1.02,0,0,0.329301,0,0,0,0.459605,0,4,0,1.2,0.242286,0.463464
org.apache.lucene.queryParser.TokenMgrError,0,0,0,0,0,0.007727,0,0,0,2.17304,0,0,0,0,0,6,0,0,1.67682,0,0,0,0,71,0,3,3,2,0,0,3,0,17,0,0,0,0,0,2,0,5,0,0,0,0,0.524112,0,0,0,0,0,1,0,0,0.273376,0
org.apache.lucene.queryParser.analyzing.AnalyzingQueryParser,0,0,0,0,0,0.156976,0,0,0,3.20696,0,0,0,0,0,5,0,0,1.906604,0,0.125408,0,6,176,18,4,2,0,0,0,6,5.07,35,0,0,0.218599,0,0,6,1.01,0,0,0,0,0,0.532549,8.34,0,0.819554,0.226957,59,0,0,2.07,0.273376,0
org.apache.lucene.queryParser.precedence.CharStream,0,0.218224,0,0,0,0.016872,0.232106,0,0,1.878523,0,0,2.04,0,0,12,0,0,0.738142,0,0,2.04,0,14,0,12,0,3,0,0,66,0,12,0.226811,0,0.189205,0,2.42,3,2.04,0,0,2.04,0,0,0.172476,0,0,0,0.240633,0,12,0,2.04,0.03109,0.227195
org.apache.lucene.queryParser.precedence.FastCharStream,1,0,0,0,0,0.015289,0,0,0,1.434709,0,0,0,0,0,14,0,0,0.347194,0,0,0,1,80,0,13,1,1,0,0,10,0,20,0,0,0,0,0,2,0,6,0,0,0,0,0.023545,0,0,0,0,0,12,0,0,0,0
org.apache.lucene.queryParser.precedence.ParseException,0,0,0,0,0,0.021805,0,0,0,0.550007,0,0,0,3,0,5,0,0,0.121056,0,0,0,1,109,0,2,3,1,0,0,1,0,17,0,0,0,0,0,2,0,5,0,0,0,0,0.005851,0,0,0,0,0,1,0,0,0,0
org.apache.lucene.queryParser.precedence.PrecedenceQueryParser,10,0.280486,0,0,0,0.196794,0,0,0,3.037591,0,0,1.03,6,0,55,0,0,1.816344,0,0,1.03,23,948,0,52,1,0,0,0,1010,0,133,0.459071,0,0.570236,0,2.5,23,2.06,37,24,0,0,0,0.514823,0,0,0,0.686563,0,30,0,2.12,0.273376,0.463464
org.apache.lucene.queryParser.precedence.PrecedenceQueryParserConstants,0,0,0,0,0,0.008858,0,0,0,0.550007,0,0,0,36,0,0,0,0,0.121056,0,0,0,0,71,0,0,0,2,0,0,0,0,0,0,0,0,0,0,2,0,36,0,0,0,0,0.005851,0,0,0,0,0,0,0,0,0,0
org.apache.lucene.queryParser.precedence.PrecedenceQueryParserTokenManager,27,0,0,0,0,0.121073,0,0,0,1.174474,0,0,0,4,0,35,0,0,0.570704,0,0,0,4,1037,0,33,1,1,0,0,226,0,46,0,0,0,0,0,5,0,19,2,0,0,0,0.161968,0,0,0,0,0,5,0,0,0.03109,0
org.apache.lucene.queryParser.precedence.Token,0,0,0,0,0,0.009199,0,0,0,0.550007,0,0,0,8,0,3,0,0,0.121056,0,0,0,0,18,0,2,1,3,0,0,1,0,3,0,0,0,0,0,3,0,8,0,0,0,0,0.005851,0,0,0,0,0,2,0,0,0,0
org.apache.lucene.queryParser.precedence.TokenMgrError,0,0,0,0,0,0.015104,0,0,0,0.550007,0,0,0,0,0,6,0,0,0.121056,0,0,0,0,71,0,3,3,2,0,0,3,0,17,0,0,0,0,0,2,0,5,0,0,0,0,0.005851,0,0,0,0,0,1,0,0,0,0
org.apache.lucene.queryParser.surround.parser.CharStream,0,0.01083,0,0,0,0.021748,0.014199,0,0,1.287272,0,0,1.02,0,0,10,0,0,0.298712,0,0,1.02,0,12,0,10,0,3,0,0,45,0,10,0.013736,0,0.012175,0,1.21,3,1.02,0,0,1.02,0,0,0.01737,0,0,0,0.013676,0,10,0,1.02,0,0.013943
org.apache.lucene.queryParser.surround.parser.FastCharStream,1,0,0,0,0,0.021007,0,0,0,1.467925,0,0,0,0,0,14,0,0,0.357413,0,0,0,1,80,0,13,1,1,0,0,10,0,20,0,0,0,0,0,2,0,6,0,0,0,0,0.024555,0,0,0,0,0,12,0,0,0,0
org.apache.lucene.queryParser.surround.parser.ParseException,0,0,0.012356,0,0,0.031663,0,1.01,0,0.583223,0,0,0,3,0,5,0,0,0.131275,0,0,0,1,109,0,2,3,2,0,0,1,0,17,0,0,0,0,0,3,0,5,0,0,0,1.01,0.006861,0,0,0,0,0,1,0.012368,0,0,0
org.apache.lucene.queryParser.surround.parser.QueryParser,9,0,0.012356,0,0,0.119269,0,1.02,0,0.583223,0,0,0,4,0,46,0,0,0.131275,0,0,0,16,624,0,43,1,2,0,0,533,0,86,0,0,0,0,0,18,0,31,17,0,0,1.02,0.006861,0,0,0,0,0,22,0.012368,0,0,0
org.apache.lucene.queryParser.surround.parser.QueryParserConstants,0,0,0,0,0,0.009843,0,0,0,0.583223,0,0,0,26,0,0,0,0,0.131275,0,0,0,0,53,0,0,0,2,0,0,0,0,0,0,0,0,0,0,2,0,26,0,0,0,0,0.006861,0,0,0,0,0,0,0,0,0,0
org.apache.lucene.queryParser.surround.parser.QueryParserTokenManager,15,0,0,0,0,0.11484,0,0,0,0.583223,0,0,0,4,0,23,0,0,0.131275,0,0,0,4,678,0,21,1,1,0,0,130,0,34,0,0,0,0,0,5,0,19,2,0,0,0,0.006861,0,0,0,0,0,5,0,0,0,0
org.apache.lucene.queryParser.surround.parser.Token,0,0,0,0,0,0.013289,0,0,0,0.583223,0,0,0,8,0,3,0,0,0.131275,0,0,0,0,18,0,2,1,3,0,0,1,0,3,0,0,0,0,0,3,0,8,0,0,0,0,0.006861,0,0,0,0,0,2,0,0,0,0
org.apache.lucene.queryParser.surround.parser.TokenMgrError,0,0,0,0,0,0.02182,0,0,0,0.583223,0,0,0,0,0,6,0,0,0.131275,0,0,0,0,71,0,3,3,2,0,0,3,0,17,0,0,0,0,0,2,0,5,0,0,0,0,0.006861,0,0,0,0,0,1,0,0,0,0
org.apache.lucene.queryParser.surround.query.AndQuery,0,0,0,0,0,0.00657,0,0,0,1.467925,0,0,0,0,0,2,0,0,0.357413,0,0,0,5,9,1,1,3,1,0,0,0,0,5,0,0,0,0,0,6,0,0,0,0,0,0,0.024555,0,0,0,0,22,1,0,0,0,0
org.apache.lucene.queryParser.surround.query.BasicQueryFactory,1,0,0.012356,0,0,0.01182,0,1.01,0,1.467925,0,0,0,0,0,7,0,0,0.357413,0,0,0,4,26,0,5,1,10,0,0,6,0,10,0,0,0,0,0,14,0,2,2,0,0,1.01,0.024555,0,0,0,0,0,4,0.012368,0,0,0
org.apache.lucene.queryParser.surround.query.BooleanQueryTst,0,0,0,0,0,0.005369,0,0,0,1.245922,0,0,0,0,0,3,0,0,0.322998,0,0,0,9,40,0,2,1,0,0,0,0,0,12,0,0,0,1.01,0,9,0,7,0,0,0,1.01,0.027206,0,0.013333,0,0,0,2,0.012304,0,0,0
org.apache.lucene.queryParser.surround.query.ComposedQuery,0,0,0,0,0,0.020874,0,0,0,2.126527,0,0,0,0,4,15,0,0,1.300786,0,0,0,3,76,1,14,2,5,0,0,79,0,30,0,0,0,0,0,8,0,3,3,0,0,0,0.353856,0,0,0,0,9,8,0,0,0.242286,0
org.apache.lucene.queryParser.surround.query.DistanceQuery,0,0,0,0,0,0.020515,0,0,0,1.467925,0,0,0,0,0,7,0,0,0.357413,0,0,0,9,68,1,6,3,1,0,0,15,0,28,0,0,0,0,0,10,0,2,2,0,0,0,0.024555,0,0,0,0,22,6,0,0,0,0
org.apache.lucene.queryParser.surround.query.DistanceSubQuery,0,0,0,0,0,0.006242,0,0,0,1.467925,0,0,0,0,0,2,0,0,0.357413,0,0,0,1,4,0,2,0,3,0,0,1,0,2,0,0,0,0,0,4,0,0,0,0,0,0,0.024555,0,0,0,0,0,2,0,0,0,0
org.apache.lucene.queryParser.surround.query.ExceptionQueryTst,0,0,0,0,0,0.005829,0,0,0,1.245922,0,0,0,0,0,3,0,0,0.322998,0,0,0,3,38,0,2,1,0,0,0,1,0,10,0,0,0,0,0,3,0,2,2,0,0,0,0.027206,0,0,0,0,0,2,0,0,0,0
org.apache.lucene.queryParser.surround.query.FieldsQuery,0,0,0,0,0,0.018145,0,0,0,2.126527,0,0,0,0,0,9,0,0,1.300786,0,0,0,5,59,1,7,2,1,0,0,15,0,29,0,0,0,0,0,6,0,4,4,0,0,0,0.353856,0,0,0,0,8,6,0,0,0.242286,0
org.apache.lucene.queryParser.surround.query.NotQuery,0,0,0,0,0,0.007391,0,0,0,1.467925,0,0,0,0,0,2,0,0,0.357413,0,0,0,6,12,1,1,3,1,0,0,0,0,10,0,0,0,0,0,7,0,0,0,0,0,0,0.024555,0,0,0,0,22,1,0,0,0,0
org.apache.lucene.queryParser.surround.query.OrQuery,0,0,0,0,0,0.011,0,0,0,1.467925,0,0,0,0,0,4,0,0,0.357413,0,0,0,8,30,1,3,3,2,0,0,3,0,13,0,0,0,0,0,10,0,0,0,0,0,0,0.024555,0,0,0,0,22,3,0,0,0,0
org.apache.lucene.queryParser.surround.query.SimpleTerm,0,0,0,0,0,0.021815,0,0,0,2.126527,0,0,0,0,3,12,0,0,1.300786,0,0,0,6,45,1,11,2,3,0,0,55,0,21,0,0,0,0,0,9,0,1,1,0,0,0,0.353856,0,0,0,0,9,9,0,0,0.242286,0
org.apache.lucene.queryParser.surround.query.SingleFieldTestDb,0,0,0.012356,0,1.01,0.012017,0,1.01,0.013158,2.837391,0,0,0,0,0,4,0,1.01,1.516373,0,0,0,8,26,0,3,1,1,0,0,3,0,13,0,0.013158,0.051749,1.01,0,9,0,3,3,0,0,2.02,0.381771,0,0.016015,0,0,0,0,0.028432,2.02,0.242286,0
org.apache.lucene.queryParser.surround.query.SpanNearClauseFactory,0,0,0,0,0,0.037675,0,0,0,2.024558,0,0,0,0,0,11,0,0,0.490267,0,0,0,10,53,0,10,1,4,0,0,31,0,30,0,0,0.012563,0,0,14,1.02,4,4,0,0,0,0.032989,0,0,0,0.013863,0,9,0,1.03,0,0
org.apache.lucene.queryParser.surround.query.SrndBooleanQuery,0,0,0,0,0,0.008539,0,0,0,1.467925,0,0,0,0,0,3,0,0,0.357413,0,0,0,3,20,0,2,1,3,0,0,1,0,9,0,0,0,0,0,6,0,0,0,0,0,0,0.024555,0,0,0,0,0,2,0,0,0,0
org.apache.lucene.queryParser.surround.query.SrndPrefixQuery,0,0,0,0,0,0.014085,0,0,0,2.012379,0,0,0,0,0,7,0,0,0.483127,0,0,0,4,42,1,6,3,1,0,0,15,0,21,0,0,0,0,0,5,0,2,2,0,0,0,0.031719,0,0,0,0,17,5,0,0,0,0
org.apache.lucene.queryParser.surround.query.SrndQuery,0,0,0.012356,0,0,0.01773,0,1.02,0,2.012379,0,0,0,1,3,12,0,0,0.483127,0,0,0,3,38,0,11,1,9,0,0,51,0,19,0,0,0,0,0,12,0,3,2,0,0,1.02,0.031719,0,0,0,0,0,10,0.012368,0,0,0
org.apache.lucene.queryParser.surround.query.SrndTermQuery,0,0,0,0,0,0.014153,0,0,0,2.012379,0,0,0,0,0,5,0,0,0.483127,0,0,0,4,31,1,4,3,1,0,0,6,0,16,0,0,0,0,0,5,0,1,1,0,0,0,0.031719,0,0,0,0,18,4,0,0,0,0
org.apache.lucene.queryParser.surround.query.SrndTruncQuery,0,0,0,0,0,0.019531,0,0,0,1.467925,0,0,0,0,0,7,0,0,0.357413,0,0,0,4,73,1,6,3,1,0,0,9,0,33,0,0,0,0,0,5,0,5,5,0,0,0,0.024555,0,0,0,0,18,3,0,0,0,0
org.apache.lucene.queryParser.surround.query.TooManyBasicQueries,0,0,0,0,0,0.005586,0,0,0,1.467925,0,0,0,0,0,1,0,0,0.357413,0,0,0,0,5,0,0,4,1,0,0,0,0,2,0,0,0,0,0,1,0,0,0,0,0,0,0.024555,0,0,0,0,0,0,0,0,0,0
org.apache.lucene.search.BaseTestRangeFilter,1,0,0,0,1.01,0.021108,0,0,0,2.194306,0,0,0,2,0,5,0,0,1.380722,0,0,0,7,73,0,3,3,0,0,1.01,3,0,27,0,0.5,0.393206,2.02,0,7,1.01,8,0,0,0.038462,2.02,0.376988,1.02,0.054477,0,0.459605,2,2,0.054525,1.02,0.242286,0
org.apache.lucene.search.BooleanClause,0,0.018113,0.483414,1.03,1.02,0.032544,0.009794,12.19,0.009289,5.533203,0.011853,1.01,2.02,0,0,10,0.014925,1.01,1.328519,0,0,2.03,1,39,0,9,1,29,0,0,0,0,14,0.023419,0.010252,0.02906,0,2.06,29,2.06,2,2,1.01,0,12.19,0.088197,0,0,0,0.023482,0,9,0.480898,3.53,0,0.023743
org.apache.lucene.search.BooleanFilter,3,0.086326,0,0,1.01,0.192525,0.038596,0,0.1,3.87596,0,2.03,3.07,0,0,10,0.138262,1.01,1.934772,0,0,3.07,8,134,0,9,2,1,0,0,16,0,39,0.134419,0.1,0.143544,1.05,1.16,9,4.22,4,1,2.03,0,1.05,0.465272,1.01,0.092569,0.053739,0.140402,1,5,0.095364,4.72,0.242369,0.134103
org.apache.lucene.search.BooleanQuery,0,0.199959,0.530581,1.01,2.02,0.187534,0.176486,15.23,0.018143,12.120432,0.011853,0,9.15,0,0,23,0,2.02,4.108022,0,0,9.16,8,145,0,21,2,28,0,0,122,0,58,0.171541,0.023381,0.141956,2.03,13.37,35,10.29,5,4,9.15,0,16.26,0.686424,3.03,0.022665,0.032545,0.177002,6,20,0.538133,9.66,0.252799,0.174604
org.apache.lucene.search.BooleanScorer,1,0,0.073711,0,1.01,0.02213,0,3.03,0.023875,1.885444,0,0,0,0,0,12,0,1.01,0.498388,0,0,1.01,5,138,0,10,3,1,0,1.01,17,0,29,0.022689,0.022152,0.02296,1.01,0,6,1.01,10,10,0,0.055556,4.04,0.043049,0,0.054568,0,0.021771,1,7,0.130232,1.08,0,0
org.apache.lucene.search.BooleanScorer2,8,0.052466,0.049542,0,2.02,0.110233,0,2.02,0.039156,6.246704,0,1.02,1.02,0,0,19,0,2.02,1.653229,0,0,2.04,12,173,0,16,3,0,0,1.01,50,0,54,0.038861,0.039504,0.111878,2.02,3.33,12,4.13,8,8,0,0.055556,4.04,0.14858,0,0.076747,0,0.095066,1,7,0.130232,5.34,0,0.012537
org.apache.lucene.search.BoostingQuery,0,0,0,0,0,0.021034,0,0,0,2.415372,0,0,0,0,0,3,0,0,0.638529,0,0,0,4,21,0,2,2,1,0,0,0,0,8,0,0,0,0,0,5,0,3,3,0,0,0,0.055835,0,0,0,0,10,2,0,0,0,0
org.apache.lucene.search.CachingSpanFilter,1,0.046002,0,0,0,0.017174,0.053368,0,0,0.997372,0,0,1.01,0,0,8,0,0,0.314014,0,0,1.01,4,42,0,7,3,0,0,0,9,0,16,0.053425,0,0.048031,1.01,1.06,4,1.02,2,0,1.01,0,1.01,0.042288,0,0.054568,0,0.052979,0,6,0.054469,1.04,0,0.053244
org.apache.lucene.search.CachingWrapperFilter,0,0,0.045909,0,0,0.02629,0.066019,2.03,0.023875,3.30744,0,0,2.03,0,2,6,0,1.02,0.854814,1.02,0,2.03,3,49,0,5,2,3,0.025013,0,0,0,13,0.065886,0,0.059776,1.01,0,6,2.06,2,0,2.03,0,3.04,0.074229,0,0.054568,0,0.065319,0,5,0.100466,2.23,0,0.065705
org.apache.lucene.search.CachingWrapperFilterHelper,0,0,0,0,0,0.049155,0,0,0,0.981756,0,0,0,0,0,5,0,0,0.301344,0,0,0,4,37,2,4,3,1,0,0,4,0,13,0,0,0,1.01,0,5,0,1,1,0,0,1.01,0.038859,1.01,0.054568,0.053739,0,2,4,0.054469,0,0,0
org.apache.lucene.search.CheckHits,0,0.0475,0.024454,1.01,1.01,0.223334,0.056366,1.01,0,6.320168,0,0,3.09,1,0,12,0,0,1.759582,0,0,3.09,9,215,0,11,1,1,0,0,55,0,54,0.057576,0.022563,0.059256,3.06,3.54,9,6.46,1,0,3.09,0,3.06,0.194026,0,0.045141,0,0.192244,0,11,0.047223,5.86,0.000083,0.057782
org.apache.lucene.search.ComplexExplanation,0,0,0,0,0,0.031764,0,0,0,2.360496,0,0,0,0,0,6,0,0,0.669631,0,0,0,1,23,0,4,2,1,0,0,4,0,14,0,0,0,0,0,2,0,1,1,0,0,0,0.076308,0,0,0,0,9,3,0,0,0.000072,0
org.apache.lucene.search.ConjunctionScorer,2,0,0,0,2.05,0.029511,0,0,0.059103,2.455947,0,2.03,2.04,0,0,9,0.036185,2.05,0.713475,0,0,2.03,4,70,0,7,3,1,0,1.01,0,0,21,0.053354,0.059757,0.051485,1.01,0,5,1.12,5,5,0,0.055556,1.01,0.082016,0,0.054568,0,0.014315,3,5,0.054469,2.29,0,0.055572
org.apache.lucene.search.ConstantScoreQuery,0,0.015731,0.012372,0,0,0.200214,0.029633,1.01,0,5.294657,0,0,2.02,0,0,8,0,0,2.153072,0,0,2.02,5,31,0,7,2,2,0,0,9,0,14,0.028514,0,0.022818,0,1.05,7,2.02,1,0,2.02,0,1.01,0.434817,1.01,0,0.015873,0.024738,8,6,0.012372,2.05,0.242286,0.027577
org.apache.lucene.search.ConstantScoreRangeQuery,0,0,0.101198,0,1.01,0.165175,0,2.02,0.5,3.928167,0,0,0,0,0,11,0,1.01,1.760198,0,0,1.01,4,89,0,9,2,2,0,0,0,0,26,0.459071,0.5,0.393206,0,0,6,1.03,6,6,0,0,2.02,0.390522,0,0,0,0.459605,10,9,0.100148,1.11,0.242286,0
org.apache.lucene.search.DefaultSimilarity,0,0,0.115394,0,0,0.001321,0,5.05,0,0.884702,0,0,0,0,1,7,0,0,0.226138,1.01,0,0,1,20,0,6,2,7,0,0,15,0,9,0,0,0,0,0,7,0,0,0,0,0,5.05,0.017694,1.01,0,0.025,0,9,6,0.114224,0,0,0
org.apache.lucene.search.DisjunctionMaxQuery,0,0,0.329981,0,0,0.120796,0.014797,2.02,0,4.262359,0,0,1.01,0,0,12,0,0,2.187276,0,0,1.01,5,91,0,10,2,2,0,0,0,0,34,0.014234,0,0.012563,0,0,7,1.02,2,2,1.01,0,2.02,0.558591,1.01,0,0.014887,0.013863,7,9,0.328305,1.05,0.252882,0.014234
org.apache.lucene.search.DisjunctionMaxScorer,4,0,0,0,1.01,0.261501,0,0,0.013514,3.922671,0,1.02,1.02,0,0,11,0,1.01,1.885903,0,0,1.02,4,119,0,10,3,0,0,1.01,0,0,25,0.012581,0.013514,0.04519,1.01,0,4,1.01,4,4,0,0.055556,1.01,0.446094,0,0.054568,0,0.012779,3,6,0.054469,3.47,0.242369,0.013333
org.apache.lucene.search.DisjunctionSumScorer,1,0,0,0,1.01,0.051573,0,0,0.017235,2.23467,0,0,1.02,0,0,12,0,1.01,0.555058,0,0,1.02,5,133,0,10,3,1,0,1.01,0,0,33,0.018466,0.017625,0.017151,2.02,0,6,1.03,8,6,1.01,0.055556,2.02,0.040036,1.02,0.054568,0,0.014315,1,7,0.073229,1.18,0,0.019231
org.apache.lucene.search.DocIdSet,0,0,0.095331,0,0,0.003765,0,1.04,0,0.4575,0,0,0,0,3,2,0,0,0.158254,0,0,0,1,3,0,1,1,21,0,0,0,0,2,0,0,0,0,0,22,0,0,0,0,0,1.04,0.025417,0,0,0,0,0,1,0.095364,0,0,0
org.apache.lucene.search.DocIdSetIterator,0,0,0.156377,0,0,0.006833,0,2.04,0,0.4575,0,0,0,0,2,4,0,0,0.158254,0,0,0,0,5,0,3,1,20,0,0,3,0,4,0,0,0,0,0,20,0,0,0,0,0,2.04,0.025417,0,0,0,0,0,3,0.148037,0,0,0
org.apache.lucene.search.DuplicateFilter,2,0.036874,0,0,0,0.095899,0,0,0,2.173169,0,0,0,4,0,14,0,0,1.008735,0,0,0,7,158,0,12,2,1,0,0,0,0,36,0,0,0.015215,1.02,1.08,8,1.01,7,0,0,0,1.02,0.256379,1.01,0.092569,0.053739,0.088462,1,10,0.095364,1.02,0.031174,0
org.apache.lucene.search.ExactPhraseScorer,0,0,0,0,0,0.008426,0,0,0,1.419247,0,0,0,0,0,2,0,0,0.373078,0,0,0,7,26,5,1,4,0,0,1.01,0,0,9,0,0,0.014833,0,0,7,1.01,0,0,0,0.055556,0,0.031761,0,0,0,0.020649,11,0,0,1.01,0,0
org.apache.lucene.search.Explanation,0,0.009386,0.06331,0,0,0.004855,0.015564,4.06,0,2.913208,0,1.01,1.02,0,1,13,0,0,0.787311,1.01,0,1.02,0,66,0,11,1,24,0,0,49,0,19,0.016326,0,0.022638,0,1.19,24,1.01,3,3,1.01,0,4.06,0.075173,0,0,0,0.013995,0,9,0.063123,2.03,0,0.016326
org.apache.lucene.search.ExtendedFieldCache,0,0,0,0,0,0.053194,0,0,0,0.729977,0,0,0,1,0,4,0,0,28.268098,0,0,0,3,11,0,4,0,2,0,0,6,0,5,0,0,0,0,0,4,0,1,0,0,0,0,0.297889,0,0,0,0,0,4,0,0,0.279886,0
org.apache.lucene.search.ExtendedFieldCacheImpl,0,0.035573,0,0,1.01,0.099733,0.045655,0,0.045914,1.846461,0,0,1.01,0,0,6,0,1.02,28.879327,0,0.047619,1.01,4,30,8,5,2,1,0,0,10,2.02,11,0.042421,0.04483,0.041216,1.01,1.04,4,1.01,5,2,1.01,0,1.01,0.477436,1.01,0.092569,0.047619,0.04307,11,5,0.095364,1.01,0.310976,0.045912
org.apache.lucene.search.FieldCache,0,0.037065,0.063439,0,0,0.073592,0.037684,2.08,0,3.41886,0,0,2.06,2,0,12,0,0,1.656571,0,0,2.06,3,28,0,12,0,11,0,0,66,0,13,0.038525,0,0.03024,0,2.51,12,2.06,2,0,2.06,0,2.08,0.388371,0,0,0,0.034033,0,12,0.063432,2.12,0.242286,0.038525
org.apache.lucene.search.FieldCacheImpl,0,0.107321,0.038985,0,5.15,0.20235,0.120526,1.01,0.087781,8.80262,0,0,5.14,0,1,13,0,4.06,3.339086,1.01,0,5.14,4,71,0,12,1,3,0,0,66,0,20,0.134287,0.127586,0.140864,2.05,6.35,6,6.5,12,4,4.1,0,3.06,0.65265,0,0.110426,0,0.141508,0,12,0.153424,9.72,0.273376,0.139515
org.apache.lucene.search.FieldDoc,0,0,0,0,0,0.001861,0,0,0,2.223676,0,0,0,1,0,2,0,0,1.320708,0,0,0,1,11,2,0,2,3,0,0,0,0,3,0,0,0,0,0,4,0,1,0,0,0,0,0.354555,0,0,0,0,0,0,0,0,0.242286,0
org.apache.lucene.search.FieldDocSortedHitQueue,1,0,0,0,0,0.092392,0,0,0,4.014755,0,0,0,0,0,5,0,0,1.836855,0,0.047619,0,4,118,1,4,2,3,0,0,0,1.01,20,0,0,0.098328,1.01,0,7,2.04,2,0,0,0,1.01,0.413162,1.01,0,0.047619,0.083546,9,0,0.012368,4.76,0.242286,0
org.apache.lucene.search.FieldSortedHitQueue,1,0.144119,0,0,0,0.102014,0.057768,0,0,8.1382,0,1.01,5.11,0,0,19,0.047619,0,2.93129,0,0.047619,5.11,11,149,1,18,2,1,0,0,147,1.01,50,0.165178,0,0.203136,2.02,7.44,12,6.24,4,0,2.04,0,2.02,0.515958,1.01,0.092569,0,0.168468,7,4,0.134422,8.93,0.242286,0.168869
org.apache.lucene.search.Filter,0,0.046002,0.364912,0,0,0.005643,0.053368,14.31,0,1.342203,0,0,1.01,0,12,3,0,0,0.384392,10.1,0,1.01,3,8,0,2,1,38,0.179855,0,1,0,4,0.053425,0,0.048031,1.02,1.01,41,1.02,0,0,1.01,0,15.33,0.043111,0,0.054568,0,0.052979,0,2,0.417494,1.05,0,0.053244
org.apache.lucene.search.FilterClause,0,0,0,0,0,0.047747,0,0,0,1.916703,0,0,0,0,0,3,0,0,1.273511,0,0,0,1,18,0,2,1,2,0,0,1,0,3,0,0,0,0,0,3,0,2,0,0,0,0,0.357777,0,0,0,0,0,2,0,0,0.242286,0
org.apache.lucene.search.FilterManager,0,0,0,0,0,0.124077,0,0,0,1.182858,0,0,0,0,0,5,0,0,1.086464,0,0,0,1,42,0,4,1,2,0,0,6,0,17,0,0,0,0,0,3,0,7,0,0,0,0,0.342743,0,0,0,0,0,4,0,0,0.242286,0
org.apache.lucene.search.FilteredQuery,0,0,0.358482,0,0,0.064301,0.022133,4.04,0,7.1478,0,0,2.02,0,0,9,0,0,2.600923,0,0,2.02,7,53,0,8,2,4,0,0,0,0,25,0.022399,0,0.030883,2.02,0,11,4.11,2,0,2.02,0,6.06,0.465419,0,0.023885,0,0.049909,8,7,0.378642,3.13,0.242286,0.022495
org.apache.lucene.search.FilteredTermEnum,0,0,0.024728,0,0,0.002236,0,2.03,0,1.500114,0,0,0,0,3,9,0,0,0.371982,1.01,0,0,2,44,0,8,2,8,0.012059,0,10,0,13,0,0,0,0,0,10,0,2,2,0,0,2.03,0.026744,0,0,0,0,1,5,0.02474,0,0,0
org.apache.lucene.search.FuzzyLikeThisQuery,1,0,0,0,0,0.083392,0,0,0,4.068626,0,0,0,0,0,7,0,0,30.160151,0,0,0,15,145,0,6,2,1,0,0,5,0,55,0,0,0.720669,0,0,16,3.05,7,0,0,0,0,0.81586,0,0,0,0.257989,10,5,0,3.07,0.553262,0
org.apache.lucene.search.FuzzyQuery,0,0.010287,0.010267,0,0,0.031618,0.010437,1.01,0,3.316861,0,0,1.02,2,0,10,0,0,0.83993,0,0,1.02,11,95,0,7,3,3,0,0,0,0,41,0.010437,0,0.062967,1.01,1.02,13,3.13,4,2,1.02,0,2.02,0.06812,1.01,0.012896,0.010279,0.065662,11,6,0.023069,3.3,0,0.010437
org.apache.lucene.search.FuzzyTermEnum,7,0,0.012372,0,0,0.001321,0,1.01,0,0.884702,0,0,0,0,0,14,0,0,0.226138,0,0,0,5,116,0,11,3,2,0,0,35,0,29,0,0,0,0,0,6,0,11,11,0,0,1.01,0.017694,0,0,0,0,5,3,0.012372,0,0,0
org.apache.lucene.search.Hit,1,0.004437,0.054838,0,1.02,0.032711,0,2.02,0.011494,3.643171,0,0,0,0,0,8,0,1.02,1.798303,0,0,0,3,45,0,7,1,1,0,0,5,0,18,0,0.011037,0.011494,1.01,1.04,4,0,4,4,0,0,3.03,0.435611,0,0.022186,0,0,0,6,0.077625,1.06,0.242369,0
org.apache.lucene.search.HitCollector,0,0,0.238151,0,0,0.001655,0,8.08,0,2.32468,0,0,0,0,2,2,0,0,0.630992,2.02,0,0,0,3,0,1,1,19,0.072712,0,0,0,2,0,0,0,0,0,19,0,0,0,0,0,8.08,0.06224,0,0,0,0,0,1,0.238339,0,0,0
org.apache.lucene.search.HitDoc,0,0,0,0,0,0.054685,0,0,0,4.719647,0,0,0,0,0,1,0,0,1.322986,0,0,0,1,11,0,0,1,1,0,0,0,0,1,0,0,0,0,0,2,0,5,0,0,0,0,0.152046,0,0,0,0,0,0,0,0,0.000083,0
org.apache.lucene.search.HitIterator,0,0,0,0,0,0.014197,0,0,0,2.89825,0,0,0,0,0,5,0,0,1.613545,0,0,0,2,23,0,4,1,1,0,0,0,0,9,0,0,0,0,0,2,0,2,2,0,0,0,0.422012,0,0,0,0,0,4,0,0,0.242369,0
org.apache.lucene.search.HitQueue,0,0,0,0,0,0.001321,0,0,0,0.884702,0,0,0,0,0,2,0,0,0.226138,0,0.047619,0,2,13,1,1,2,4,0,0,0,1.01,3,0,0,0,0,0,6,0,0,0,0,0,0,0.017694,1.01,0,0.047619,0,9,0,0,0,0,0
org.apache.lucene.search.Hits,5,0.043766,0.217151,0,1.04,0.054685,0.010541,9.15,0.045914,4.719647,0,1.01,2.02,0,0,12,0.047619,1.03,1.322986,0,0,2.02,14,143,0,10,1,11,0,0,31,0,29,0.052491,0.04483,0.050802,5.06,2.17,23,4.1,14,13,1.01,0,13.2,0.152046,0,0.102866,0,0.075501,0,5,0.308638,2.41,0.000083,0.056361
org.apache.lucene.search.IdGenerator,0,0,0,0,0,0.107086,0,0,0,2.436396,0,0,0,0,0,2,0,0,0.708281,0,0,0,1,4,0,2,0,1,0,0,1,0,2,0,0,0,0,0,2,0,0,0,0,0,0,0.079877,0,0,0,0,0,2,0,0,0,0
org.apache.lucene.search.IndexSearcher,0,0.016124,0.581385,0,0,0.106957,0.050911,13.21,0,5.503322,0,0,4.1,0,0,15,0,0,29.429318,0,0,4.1,20,89,0,11,2,20,0,0,0,0,38,0.05144,0,0.107211,4.08,2.02,40,7.23,2,1,4.1,0,17.29,0.380829,3.07,0.113611,0.254083,0.12184,14,11,0.67832,7.71,0.279886,0.051297
org.apache.lucene.search.MatchAllDocsQuery,0,0.015731,0.035058,0,0,0.231167,0.015873,2.02,0,5.056812,0,0,1.01,0,0,6,0,0,2.004761,0,0,1.01,4,24,0,5,2,2,0,0,10,0,13,0.015873,0,0.02608,1.01,1.04,6,1.01,0,0,1.01,0,3.03,0.39952,1.01,0.012896,0.015873,0.015873,9,4,0.045849,2.05,0.242286,0.015873
org.apache.lucene.search.MockFilter,0,0,0,0,0,0.002018,0,0,0,1.342203,0,0,0,0,0,4,0,0,0.384392,0,0,0,4,13,0,3,2,0,0,0,0,0,6,0,0,0,1.02,0,4,1.01,1,1,0,0,1.02,0.043111,1.01,0.054568,0.053739,0.052979,1,3,0.054469,0,0,0
org.apache.lucene.search.MultiPhraseQuery,0,0.016062,0.352153,0,0,0.132022,0.028366,4.04,0,6.973834,0,0,2.04,0,0,14,0,0,2.647976,0,0,2.04,9,108,0,13,2,5,0,0,8,0,43,0.027803,0,0.03712,1.01,2.12,14,3.18,4,4,2.04,0,5.05,0.526365,2.02,0.012896,0.025166,0.212173,8,12,0.362641,3.29,0.252799,0.027803
org.apache.lucene.search.MultiSearcher,0,0.016124,0.010102,0,0,0.185344,0.06511,1.01,0,5.226046,0,2.02,5.12,0,1,16,0,0,1.276652,0,0,5.12,20,147,0,15,2,1,0,0,0,0,49,0.065176,0,0.08221,4.04,2.7,21,7.26,3,3,5.11,0,5.05,0.089667,3.06,0.081852,0.254083,0.094158,13,13,0.090255,7.74,0,0.06524
org.apache.lucene.search.MultiSearcherThread,0,0,0,0,0,0.038755,0.013276,0,0,3.275153,0,0,1.01,0,0,6,0,0,0.904469,0,0,1.01,11,84,0,4,2,1,0,0,0,0,12,0.012581,0,0.009615,0,0,12,1.02,10,10,1.01,0,0,0.105215,0,0,0,0.012779,0,4,0,1.03,0.000083,0.013333
org.apache.lucene.search.MultiTermQuery,0,0.021144,0.012356,0,0,0.014482,0.022065,1.02,0,3.005327,0,0,2.03,0,3,7,0,0,0.708458,1.01,0,2.03,8,46,0,6,2,4,0.012059,0,3,0,26,0.021927,0,0.030843,1.01,2.07,12,3.07,1,1,2.03,0,2.03,0.043894,2.02,0.012896,0.021907,0.03033,10,5,0.025104,3.16,0,0.021889
org.apache.lucene.search.NonMatchingScorer,0,0,0,0,0,0.001321,0,0,0,0.884702,0,0,0,0,0,6,0,0,0.226138,0,0,0,2,12,0,5,3,1,0,1.01,10,0,10,0,0,0,0,0,3,0,0,0,0,0.055556,0,0.017694,0,0,0,0,3,5,0,0,0,0
org.apache.lucene.search.ParallelMultiSearcher,0,0.007931,0,0,0,0.038755,0,0,0,3.275153,0,0,0,0,0,6,0,0,0.904469,0,0,0,16,100,0,5,3,0,0,0,4,0,27,0,0,0.018802,1.01,1.04,16,2.03,2,2,0,0,1.01,0.105215,6.1,0.010989,0.299675,0.022507,23,5,0.009627,2.1,0.000083,0
org.apache.lucene.search.PhrasePositions,0,0,0,0,1.01,0.0055,0,0,0,1.419247,0,0,0,0,0,5,0,0,0.373078,0,0,0,2,44,0,4,1,4,0,0,0,0,11,0,0.024166,0.014833,0,0,6,0,7,0,0,0,0,0.031761,0,0,0,0,0,0,0,1.01,0,0
org.apache.lucene.search.PhraseQuery,0,0,0.366803,0,1.01,0.085484,0.010019,5.05,0.811278,5.441664,0,0,1.01,0,0,12,0,1.01,30.565676,0,0,1.01,6,98,0,11,2,5,0,0,0,0,38,0.009958,0.918296,0.711275,1.01,0,11,3.04,5,5,1.01,0,6.06,0.884463,0,0.012896,0,1.114098,9,10,0.376751,3.25,0.57778,0.009958
org.apache.lucene.search.PhraseQueue,0,0,0,0,0,0.004246,0,0,0,1.419247,0,0,0,0,0,2,0,0,0.373078,0,0.047619,0,2,16,1,1,2,3,0,0,0,1.01,3,0,0,0.014833,0,0,5,0,0,0,0,0,0,0.031761,1.01,0,0.047619,0,9,0,0,1.03,0,0
org.apache.lucene.search.PhraseScorer,3,0,0,0,0,0.013859,0,0,0,1.419247,0,0,0,0,2,13,0,0,0.373078,0,0,0,8,105,0,12,3,2,0,1.01,0,0,29,0,0,0.014833,0,0,10,0,9,4,0,0.055556,0,0.031761,0,0,0,0,3,6,0,1.01,0,0
org.apache.lucene.search.PrefixFilter,0,0,0,0,0,0.107086,0.053368,0,0,2.436396,0,0,1.01,0,0,5,0,0,0.708281,0,0,1.01,6,26,0,4,2,0,0,0,0,0,14,0.053425,0,0.048031,1.02,0,6,1.02,1,0,1.01,0,1.02,0.079877,0,0.054568,0,0.052979,0,4,0.054469,1.06,0,0.053244
org.apache.lucene.search.PrefixGenerator,0,0,0,0,0,0.107086,0,0,0,2.436396,0,0,0,0,0,2,0,0,0.708281,0,0,0,5,31,0,1,1,1,0,0,0,0,15,0,0,0,0,0,6,0,1,0,0,0,0,0.079877,0,0,0,0,0,1,0,0,0,0
org.apache.lucene.search.PrefixQuery,0,0,0.010267,0,0,0.099197,0.011628,1.01,0,4.525074,0,0,2.03,0,0,6,0,0,1.078167,0,0,2.03,8,52,0,5,2,2,0,0,0,0,27,0.01149,0,0.050882,1.01,0,10,2.07,1,1,2.03,0,2.02,0.069631,2.02,0.012896,0.021907,0.019383,10,5,0.023069,4.17,0,0.011452
org.apache.lucene.search.Query,0,0.007931,0.777297,0,0,0.101635,0.010019,27.74,0,3.533022,0,0,1.01,0,18,13,0,0,0.828291,5.1,0,1.01,6,85,0,12,1,99,0.038742,0,64,0,35,0.009958,0,0.027934,1.01,1.11,101,3.06,1,1,1.01,0,27.74,0.050418,0,0.013333,0,0.030584,0,11,0.763559,3.33,0,0.009958
org.apache.lucene.search.QueryFilter,0,0.018362,0.131963,0,1.02,0.046866,0.037082,4.04,0.023875,2.210398,0,0,2.04,0,0,3,0,1.02,0.553724,0,0.024267,2.04,3,11,2,2,3,0,0,1.01,1,1.02,7,0.03515,0.022152,0.034705,1.03,1.01,3,2.12,0,0,2.04,0.025641,5.07,0.041545,2.03,0.022179,0.07843,0.034111,3,2,0.155202,2.31,0,0.035409
org.apache.lucene.search.QueryTermVector,1,0,0,0,0,0.002289,0,0,0,1.509169,0,0,0,0,0,10,0,0,0.675786,0,0,0,4,85,0,8,1,0,0,0,4,0,37,0,0,0.17703,0,0,4,1.01,2,2,0,0,0,0.173811,0,0,0,0.226957,0,7,0,1.01,0.03109,0
org.apache.lucene.search.QueryUtils,2,0.074745,0.019262,0,0,0.23543,0.045866,1.01,0,5.41441,0,2.02,3.05,0,0,10,0.04,0,2.277756,0,0,3.05,10,98,0,9,1,1,0,0,36,0,42,0.08556,0,0.128346,5.13,3.3,10,5.31,0,0,2.03,0,4.13,0.46752,0,0.121519,0,0.112682,0,7,0.123032,6.95,0.242286,0.08556
org.apache.lucene.search.QueryWrapperFilter,0,0,0.055556,0,0,0.044974,0.053368,1.01,0,0.981756,0,0,1.01,0,0,6,0,0,0.301344,0,0,1.01,8,29,0,5,2,2,0,0,0,0,14,0.053425,0,0.048031,1.02,0,10,1.02,1,1,1.01,0,1.03,0.038859,0,0.054568,0,0.052979,0,5,0.054469,1.06,0,0.053244
org.apache.lucene.search.RangeFilter,0,0.055607,0.024728,0,1.01,0.090746,0.066019,2.02,0.5,4.13076,0,0,2.03,0,0,9,0,1.01,2.129347,0,0,3.04,7,212,0,7,2,2,0,0,1,0,37,0.524957,0.5,0.452981,1.02,2.03,9,4.11,6,6,2.03,0,3.04,0.549445,0,0.054568,0,0.751882,0,7,0.07921,4.19,0.273376,0.065705
org.apache.lucene.search.RangeQuery,1,0,0.010267,0,1.01,0.081193,0.503128,1.01,0.5,6.140132,0,1.01,3.05,0,0,12,0.5,1.01,2.542761,0,0,3.06,8,139,0,10,2,2,0,0,0,0,38,0.480519,0.5,0.436041,1.01,0,10,3.14,4,4,3.04,0,2.02,0.558225,2.02,0.012896,0.021907,0.480383,10,9,0.023069,5.65,0.273376,0.484874
org.apache.lucene.search.RemoteCachingWrapperFilter,0,0,0,0,0,0.036965,0.053368,0,0,1.640358,0,0,1.01,0,1,3,0,0,1.244718,0,0,1.01,4,14,0,2,2,1,0,0,0,0,7,0.053425,0,0.048031,1.01,0,5,1.02,1,0,1.01,0,1.01,0.36816,0,0.054568,0,0.052979,0,2,0.054469,1.04,0.242286,0.053244
org.apache.lucene.search.RemoteCachingWrapperFilterHelper,0,0,0,0,0,0.037058,0,0,0,1.640358,0,0,0,0,0,3,0,0,1.244718,0,0,0,6,23,1,2,3,0,0,0,0,0,11,0,0,0,1.01,0,6,0,1,1,0,0,1.01,0.36816,1.01,0.054568,0.053739,0,1,2,0.054469,0,0.242286,0
org.apache.lucene.search.RemoteSearchable,0,0,0,0,0,0.033673,0.044607,0,0,4.182929,0,0,3.1,0,0,13,0,0,1.016533,0,0,3.1,14,59,0,12,4,0,0,0,0,0,31,0.04499,0,0.051259,3.03,0,14,4.21,1,1,3.1,0,3.03,0.06989,0,0.056401,0,0.054588,0,12,0.054694,4.41,0,0.044675
org.apache.lucene.search.ReqExclScorer,1,0,0,0,0,0.001321,0,0,0,0.884702,0,0,0,0,0,7,0,0,0.226138,0,0,0,3,85,0,6,3,1,0,1.01,0,0,16,0,0,0,1.01,0,4,0,3,3,0,0.055556,1.01,0.017694,0,0.054568,0,0,3,5,0.054469,0,0,0
org.apache.lucene.search.ReqOptSumScorer,0,0,0,0,0,0.001321,0,0,0,0.884702,0,0,0,0,0,6,0,0,0.226138,0,0,0,3,48,0,5,3,1,0,1.01,0,0,15,0,0,0,1.01,0,4,0,3,3,0,0.055556,1.01,0.017694,0,0.054568,0,0,3,5,0.054469,0,0,0
org.apache.lucene.search.SampleComparable,0,0,0,0,0,0.001561,0,0,0,1.405652,0,0,0,0,0,4,0,0,0.377828,0,0,0,2,24,0,3,1,0,0,0,3,0,12,0,0,0,0,0,2,0,2,0,0,0,0,0.034499,0,0,0,0,0,3,0,0,0,0
org.apache.lucene.search.ScoreDoc,0,0,0.129312,0,0,0.001321,0,4.05,0,0.884702,0,0,0,2,1,1,0,0,0.226138,0,0,0,0,8,0,0,1,16,0,0,0,0,1,0,0,0,0,0,16,0,2,0,0,0,4.05,0.017694,0,0,0,0,0,0,0.132568,0,0,0
org.apache.lucene.search.ScoreDocComparator,0,0,0,0,0,0.013033,0,0,0,2.696519,0,0,0,2,0,3,0,0,1.47908,0,0,0,1,9,0,3,0,3,0,0,3,0,4,0,0,0,0,0,4,0,2,0,0,0,0,0.374804,0,0,0,0,0,3,0,0,0.242286,0
org.apache.lucene.search.Scorer,0,0.046002,0.111312,0,0,0.045968,0.053368,4.04,0,2.325265,0,0,1.03,0,11,6,0,0,0.648253,1.01,0,1.03,4,24,0,5,2,18,0.012059,1.01,10,0,9,0.053425,0,0.048031,1.01,1.18,22,1.01,1,1,1.03,0.055556,5.05,0.068643,1.03,0.054568,0.053739,0.052979,3,4,0.155328,1.03,0,0.053244
org.apache.lucene.search.Searchable,0,0.035196,0.052879,0,0,0.058091,0.044607,5.11,0,5.865011,0,0,3.1,0,0,11,0,0,1.58868,0,0,3.1,12,15,0,11,0,5,0,0,55,0,11,0.04499,0,0.039292,3.03,4.11,17,3.1,0,0,3.1,0,6.11,0.168615,0,0.056401,0,0.042045,0,11,0.090521,3.14,0.000083,0.044675
org.apache.lucene.search.Searcher,0,0.148618,0.544442,0,0,0.037391,0.334709,16.23,0,5.32683,0,0,4.16,0,2,24,0,0,1.975677,0,0,4.16,14,65,0,23,1,35,0,0,251,0,28,0.259056,0,0.220036,4.07,6.32,46,4.16,1,1,4.15,0,20.3,0.410269,0,0.056689,0,0.282691,0,22,0.586634,4.38,0.076269,0.259854
org.apache.lucene.search.Similarity,0,0.028267,0.627555,0,0,0.129354,0.025,14.17,0,6.053807,0,1.02,2.03,0,2,16,0.012244,0,1.633083,1.01,0,2.03,4,47,0,15,1,32,0,0,101,0,24,0.035145,0,0.033798,0,2.43,34,2.03,2,2,1.01,0,14.17,0.15524,0,0,0,0.037032,0,15,0.632753,2.3,0,0.034982
org.apache.lucene.search.SimilarityDelegator,0,0,0,0,0,0.010628,0.050428,0,0,2.145465,0,0,1.01,0,0,8,0,0,0.556392,0,0,1.01,1,27,0,7,2,1,0,0,0,0,15,0.044075,0,0.040771,0,0,2,1.02,1,1,1.01,0,0,0.050229,2.02,0,0.083824,0.045698,8,7,0,1.03,0,0.042278
org.apache.lucene.search.SingleDocTestFilter,0,0,0,0,0,0.018502,0,0,0,1.957614,0,0,0,0,0,2,0,0,0.530236,0,0,0,4,11,0,1,2,0,0,0,0,0,6,0,0,0,1.02,0,4,1.01,1,1,0,0,1.02,0.052161,1.01,0.054568,0.053739,0.052979,1,1,0.054469,0,0,0
org.apache.lucene.search.SloppyPhraseScorer,3,0.16275,0,0,2.03,0.114696,0,0,0.16645,1.993209,0,2.03,2.03,0,0,5,0.224166,2.03,0.729258,0,0,2.03,8,121,5,4,4,0,0,1.01,2,0,20,0.21959,0.224166,0.182353,0,2.02,8,2.09,4,4,0,0.055556,0,0.146553,0,0,0,0.205982,11,0,0,2.82,0.010512,0.220637
org.apache.lucene.search.Sort,0,0,0.062068,0,0,0.005356,0,3.03,0,3.689284,0,0,0,2,0,13,0,0,1.764329,0,0,0,1,58,0,7,1,9,0,0,0,0,20,0,0,0,0,0,10,0,3,0,0,0,3.03,0.407875,0,0,0,0,0,7,0.065343,0,0.242286,0
org.apache.lucene.search.SortComparator,0,0,0,0,0,0.008181,0,0,0,1.055494,0,0,0,0,0,3,0,0,0.298629,0,0,0,4,11,0,2,1,3,0,0,1,0,6,0,0,0,0,0,6,0,0,0,0,0,0,0.030872,0,0,0,0,0,1,0,0,0,0
org.apache.lucene.search.SortComparatorSource,0,0,0,0,0,0.009151,0,0,0,1.815051,0,0,0,0,0,1,0,0,0.48339,0,0,0,2,5,0,1,0,4,0,0,0,0,1,0,0,0,0,0,6,0,0,0,0,0,0,0.043324,0,0,0,0,0,1,0,0,0,0
org.apache.lucene.search.SortField,0,0,0.075246,2.04,2.04,0.007786,0,3.03,0,3.340867,0.075268,0,0,13,0,14,0,0,1.751375,0,0,0,1,92,0,6,1,8,0,0,5,0,20,0,0.0744,0.114541,0,0,9,1.01,18,4,0,0,3.03,0.42911,0,0,0,0.036415,0,6,0.073975,3.05,0.242286,0
org.apache.lucene.search.SpanFilter,0,0,0,0,0,0.007417,0,0,0,0.997372,0,0,0,0,2,2,0,0,0.314014,0,0,0,3,3,0,1,2,2,0,0,0,0,2,0,0,0,0,0,5,0,0,0,0,0,0,0.042288,1.01,0,0.053739,0,2,1,0,0,0,0
org.apache.lucene.search.SpanFilterResult,0,0.046002,0,0,1.01,0.025464,0.053368,0,0.048054,0.997372,0,0,1.01,0,0,5,0,1.01,0.314014,0,0,1.02,1,22,0,3,1,3,0,0,3,0,5,0.053425,0.036544,0.048031,1.01,1.02,4,1.02,3,3,1.01,0,1.01,0.042288,0,0.054568,0,0.052979,0,3,0.054469,1.08,0,0.053244
org.apache.lucene.search.SpanQueryFilter,0,0,0,0,0,0.020384,0,0,0,1.277257,0,0,0,0,0,8,0,0,28.4423,0,0,0,7,45,0,6,3,0,0,0,0,0,24,0,0,0,1.02,0,7,0,1,0,0,0,1.02,0.322173,1.01,0.054568,0.053739,0,1,6,0.054469,0,0.279886,0
org.apache.lucene.search.TermQuery,0,0.007931,0.531426,0,0,0.035025,0.010019,15.18,0,4.629684,0,0,1.01,0,0,7,0,0,1.167703,0,0,1.01,5,33,0,6,2,23,0,0,3,0,20,0.009958,0,0.020932,1.01,1.03,28,1.02,1,1,1.01,0,16.19,0.093894,0,0.012896,0,0.009727,9,5,0.540302,2.06,0,0.009958
org.apache.lucene.search.TermScorer,0,0,0,0,0,0.00564,0,0,0,1.388924,0,0,0,0,0,9,0,0,0.351394,0,0,0,9,118,0,8,3,0,0,1.01,0,0,26,0,0,0.015715,0,0,9,1.01,11,11,0,0.055556,0,0.026698,0,0,0,0.017103,1,7,0,1.02,0,0
org.apache.lucene.search.TermsFilter,0,0,0,0,0,0.036802,0.838259,0,0,4.091966,0,0,2.03,0,0,6,0,0,30.077274,0,0,2.03,6,72,0,5,2,1,0,0,0,0,24,0.913279,0,0.770849,1.02,0,7,3.1,1,0,2.03,0,1.02,0.757823,2.02,0.092569,0.053739,1.00808,0,5,0.095364,3.5,0.522256,0.816077
org.apache.lucene.search.TimeLimitedCollector,0,0.021826,0,1.01,1.02,0.031454,0,0,0.040537,0.917694,0,0,1.02,2,0,6,0,1.01,0.332338,0,0,1.02,1,40,0,5,2,0,0,0,2,0,12,0.063093,0.063093,0.057703,0,1.01,1,1.02,8,6,1.02,0,0,0.058073,0,0,0,0.064197,0,5,0,1.11,0,0.063093
org.apache.lucene.search.TopDocCollector,0,0,0.095331,0,1.01,0.063879,0,1.01,0.045914,3.242026,0,0,0,0,1,6,0,1.01,1.840748,0,0,1.01,5,38,0,3,2,3,0,0,0,0,12,0.228882,0.04483,0.230512,0,0,8,2.02,3,1,0,0,1.01,0.494425,0,0,0,0.293566,0,3,0.095364,2.06,0.287382,0
org.apache.lucene.search.TopDocs,0,0,0.127655,0,1.01,0.016488,0.013276,4.06,0.013514,1.808341,0,0,1.02,2,1,3,0,1.01,0.484299,0,0,1.02,1,16,0,2,1,14,0,0,0,0,3,0.012581,0.013514,0.009615,0,0,15,1.02,3,1,1.02,0,4.06,0.045446,0,0,0,0.012779,0,2,0.13088,1.08,0,0.013333
org.apache.lucene.search.TopFieldDocCollector,0,0,0,0,1.01,0.043988,0,0,0.045914,2.583425,0,0,0,0,0,3,0,1.01,0.897374,0,0,0,10,27,2,2,3,1,0,0,1,0,13,0,0.04483,0.041216,0,0,11,0,1,1,0,0,0,0.165124,0,0,0,0,1,2,0,1.07,0.045096,0
org.apache.lucene.search.TopFieldDocs,0,0,0.017929,0,0,0.008302,0,2.02,0,2.669235,0,0,0,1,0,1,0,0,1.424225,0,0,0,3,8,2,0,2,9,0,0,0,0,2,0,0,0,0,0,12,0,1,0,0,0,2.02,0.360576,1.02,0,0.013514,0,2,0,0.02105,0,0.242286,0
org.apache.lucene.search.Weight,0,0,0.187138,0,0,0.002229,0,9.16,0,1.434709,0,0,0,0,0,6,0,0,0.347194,0,0,0,4,8,0,6,0,29,0,0,15,0,6,0,0,0,0,0,32,0,0,0,0,0,9.16,0.023545,0,0,0,0,0,6,0.177237,0,0,0
org.apache.lucene.search.WildcardQuery,0,0.023112,0.010267,0,1.01,0.009117,0.029237,1.01,0.018291,1.985689,0,0,2.02,0,0,4,0,1.01,0.484234,0,0,2.02,7,21,0,3,3,2,0,0,3,0,12,0.028891,0.018062,0.025257,1.02,2.03,9,2.07,1,1,2.02,0,2.03,0.033499,3.03,0.017857,0.010279,0.026207,13,2,0.029335,2.13,0,0.029175
org.apache.lucene.search.WildcardTermEnum,0,0,0,0,0,0.009499,0,0,0,1.686142,0,0,0,2,0,6,0,0,0.410634,0,0,0,4,111,0,5,3,1,0,0,6,0,20,0,0,0.011745,0,0,5,0,8,0,0,0,0,0.028102,0,0,0,0,5,4,0,1.03,0,0
org.apache.lucene.search.function.ByteFieldSource,0,0,0,0,0,0.026748,0,0,0,1.179548,0,0,0,0,0,6,0,0,0.351927,0,0,0,4,33,0,4,3,1,0,0,0,0,13,0,0,0,0,0,5,1.01,1,1,0,0,0,0.041773,0,0,0,0.042913,4,4,0,0,0,0
org.apache.lucene.search.function.CustomScoreQuery,0,0.034813,0,0,0,0.173866,0.044018,0,0,2.711607,0,0,1.02,0,0,17,0,0,1.09964,0,0,1.03,7,131,0,14,2,0,0,0,55,0,41,0.043066,0,0.036106,0,1.25,7,1.03,3,3,1.02,0,0,0.24131,0,0,0,0.042913,7,13,0,1.48,0.03109,0.044071
org.apache.lucene.search.function.DocValues,1,0,0,0,1.01,0.056459,0,0,0.04368,1.700497,0,0,0,0,0,13,0,1.01,0.503617,0,0,1.01,1,60,0,12,1,8,0,0,60,0,18,0.043066,0.043018,0,0,0,9,0,4,4,0,0,0,0.058578,0,0,0,0,0,10,0,0,0,0
org.apache.lucene.search.function.FieldCacheSource,0,0,0,0,1.01,0.029505,0,0,0.04,1.810162,0,0,0,0,4,8,0,1.01,1.280469,0,0,0,4,29,0,7,2,4,0,0,9,0,10,0,0.037856,0.032176,0,0,8,1.01,1,1,0,0,0,0.367347,0,0,0,0.030566,1,7,0,1.03,0.242286,0
org.apache.lucene.search.function.FieldScoreQuery,1,0,0,0,0,0.031487,0,0,0,1.325935,0,0,0,0,0,2,0,0,0.646931,0,0,0,6,20,1,1,3,0,0,0,0,0,8,0,0,0,0,0,6,0,0,0,0,0,0,0.176159,0,0,0,0,14,0,0,0,0.03109,0
org.apache.lucene.search.function.FloatFieldSource,0,0,0,0,0,0.02679,0,0,0,1.83815,0,0,0,0,0,6,0,0,1.295301,0,0,0,4,33,0,4,3,1,0,0,0,0,13,0,0,0,0,0,5,1.01,1,1,0,0,0,0.371074,0,0,0,0.042913,4,4,0,0,0.242286,0
org.apache.lucene.search.function.FunctionTestSetup,2,0,0,0,0,0.083246,0,0,0,2.747415,0,0,0,1,0,8,0,0,1.579743,0,0,0,9,93,0,7,3,0,0,1.01,17,0,26,0,0,0.084333,1.01,0,9,0,10,1,0,0.038462,1.01,0.408663,0,0.038462,0,0,0,0,0.038462,3.07,0.242286,0
org.apache.lucene.search.function.IntFieldSource,0,0,0,0,0,0.027482,0,0,0,1.700497,0,0,0,0,0,6,0,0,0.503617,0,0,0,4,33,0,4,3,1,0,0,0,0,13,0,0,0,0,0,5,1.01,1,1,0,0,0,0.058578,0,0,0,0.042913,4,4,0,0,0,0
org.apache.lucene.search.function.OrdFieldSource,0,0,0,0,0,0.027037,0,0,0,1.83815,0,0,0,0,0,5,0,0,1.295301,0,0,0,4,23,0,4,2,0,0,0,0,0,11,0,0,0,0,0,4,0,2,1,0,0,0,0.371074,0,0,0,0,1,4,0,0,0.242286,0
org.apache.lucene.search.function.ReverseOrdFieldSource,0,0,0,0,0,0.029262,0,0,0,1.83815,0,0,0,1,0,5,0,0,1.295301,0,0,0,4,25,0,4,2,0,0,0,0,0,11,0,0,0,0,0,4,0,2,1,0,0,0,0.371074,0,0,0,0,1,4,0,0,0.242286,0
org.apache.lucene.search.function.ShortFieldSource,0,0,0,0,0,0.027542,0,0,0,1.179548,0,0,0,0,0,6,0,0,0.351927,0,0,0,4,33,0,4,3,1,0,0,0,0,13,0,0,0,0,0,5,1.01,1,1,0,0,0,0.041773,0,0,0,0.042913,4,4,0,0,0,0
org.apache.lucene.search.function.ValueSource,0,0,0,0,0,0.018928,0,0,0,1.700497,0,0,0,0,3,6,0,0,0.503617,0,0,0,2,9,0,5,1,5,0,0,10,0,6,0,0,0,0,0,7,0,0,0,0,0,0,0.058578,0,0,0,0,0,5,0,0,0,0
org.apache.lucene.search.function.ValueSourceQuery,0,0,0,0,0,0.053197,0,0,0,1.776027,0,0,0,0,1,7,0,0,0.786743,0,0,0,6,28,0,6,2,2,0,0,9,0,16,0,0,0,0,0,8,0,1,0,0,0,0,0.194162,0,0,0,0,8,5,0,0,0.03109,0
org.apache.lucene.search.highlight.DefaultEncoder,0,0,0,0,0,0.011558,0,0,0,1.37439,0,0,0,0,0,2,0,0,1.100192,0,0,0,1,10,0,1,1,1,0,0,0,0,2,0,0,0,0,0,2,0,0,0,0,0,0,0.336757,0,0,0,0,0,1,0,0,0.242286,0
org.apache.lucene.search.highlight.Encoder,0,0,0,0,0,0.015192,0,0,0,1.784682,0,0,0,0,0,1,0,0,1.190287,0,0,0,0,4,0,1,0,3,0,0,0,0,1,0,0,0,0,0,3,0,0,0,0,0,0,0.341076,0,0,0,0,0,1,0,0,0.242286,0
org.apache.lucene.search.highlight.Formatter,0,0,0,0,0,0.005639,0,0,0,1.294995,0,0,0,0,0,1,0,0,0.316233,0,0,0,1,4,0,1,0,3,0,0,0,0,1,0,0,0,0,0,4,0,0,0,0,0,0,0.022013,0,0,0,0,0,1,0,0,0,0
org.apache.lucene.search.highlight.FragmentQueue,0,0,0,0,0,0.409456,0,0,0,6.042988,0,0,0,0,0,2,0,0,2.65174,0,0.047619,0,2,16,1,1,2,1,0,0,0,1.01,4,0,0,0,0,0,3,0,0,0,0,0,0,0.613642,1.01,0,0.047619,0,9,1,0,0,0.274145,0
org.apache.lucene.search.highlight.Fragmenter,0,0,0.093962,0,0,0.006423,0,2.02,0,1.953597,0,0,0,0,0,2,0,0,1.259607,0,0,0,1,5,0,2,0,4,0,0,1,0,2,0,0,0,0,0,5,0,0,0,0,0,2.02,0.351314,0,0,0,0,0,2,0.094022,0,0.242286,0
org.apache.lucene.search.highlight.GradientFormatter,2,0,0.00999,0,0,0.028916,0,1.01,0,2.40306,0,1.02,0,0,1,7,0,0,1.357024,1.01,0,0,2,147,0,6,1,1,0,0,15,0,20,0,0,0,0,0,3,0,16,2,0,0,1.01,0.355768,0,0,0,0,0,2,0.009566,0,0.242286,0
org.apache.lucene.search.highlight.Highlighter,1,0.068754,0,1.01,2.02,0.409456,0.087986,0,0,6.042988,0.038536,0,4.07,2,0,21,0,1.01,2.65174,0,0,4.08,14,308,0,18,1,0,0,0,115,0,66,0.086785,0.036544,0.102009,2.03,4.78,14,7.18,7,5,4.07,0,2.03,0.613642,0,0.010002,0,0.336969,0,17,0.020627,6.52,0.274145,0.087451
org.apache.lucene.search.highlight.NullFragmenter,0,0,0,0,0,0.008451,0,0,0,1.429156,0,0,0,0,0,3,0,0,0.351853,0,0,0,2,7,0,2,1,0,0,0,1,0,3,0,0,0,0,0,2,0,0,0,0,0,0,0.024858,0,0,0,0,0,2,0,0,0,0
org.apache.lucene.search.highlight.PositionSpan,0,0,0,0,0,0.038064,0,0,0,0.387226,0,0,0,0,0,1,0,0,0.155779,0,0,0,0,8,0,0,1,3,0,0,0,0,1,0,0,0,0,0,3,0,2,0,0,0,0,0.032269,0,0,0,0,0,0,0,0,0.000006,0
org.apache.lucene.search.highlight.QueryScorer,0,0.008512,0,0,1.01,0.127064,0.010204,0,0,3.606569,0,0,1.01,0,0,9,0,0,1.939843,0,0,2.02,7,65,0,5,1,0,0,0,4,0,21,0.02035,0.007367,0.030666,0,1.04,7,2.04,5,1,1.01,0,0,0.519376,0,0,0,0.019329,0,5,0,3.14,0.273376,0.010204
org.apache.lucene.search.highlight.QueryTermExtractor,3,0.044352,0,0,0,0.125303,0.00805,0,0,3.614653,0,3.07,4.08,0,0,8,0.023593,0,1.172628,0,0,4.08,7,82,0,7,1,1,0,0,21,0,28,0.051998,0,0.221783,3.09,4.52,8,5.25,0,0,1.01,0,3.09,0.204283,0,0.02261,0,0.066296,0,4,0.04134,5.87,0.03109,0.051797
org.apache.lucene.search.highlight.Scorer,0,0,0.081606,0,0,0.001582,0,1.01,0,1.543304,0,0,0,0,0,3,0,0,1.169512,0,0,0,2,6,0,3,0,3,0,0,3,0,3,0,0,0,0,0,5,0,0,0,0,0,1.01,0.346995,0,0,0,0,0,3,0.081654,0,0.242286,0
org.apache.lucene.search.highlight.SimpleFragmenter,0,0,0,0,0,0.002419,0,0,0,2.000805,0,0,0,0,0,6,0,0,1.327766,0,0,0,2,35,0,4,1,1,0,0,0,0,7,0,0,0,0,0,3,0,3,3,0,0,0,0.372412,0,0,0,0,0,4,0,0,0.242286,0
org.apache.lucene.search.highlight.SimpleHTMLEncoder,0,0,0,0,0,0.130228,0,0,0,1.606153,0,0,0,0,0,3,0,0,1.15293,0,0,0,1,47,0,2,1,0,0,0,1,0,10,0,0,0.011675,0,0,1,1.01,0,0,0,0,0,0.339618,0,0,0,0,0,2,0,1.07,0.242286,0
org.apache.lucene.search.highlight.SimpleHTMLFormatter,0,0,0,0,0,0.001582,0,0,0,1.543304,0,0,0,0,0,3,0,0,1.169512,0,0,0,2,28,0,1,1,1,0,0,0,0,7,0,0,0,0,0,3,0,2,0,0,0,0,0.346995,0,0,0,0,0,1,0,0,0.242286,0
org.apache.lucene.search.highlight.SimpleSpanFragmenter,0,0,0,0,0,0.034867,0,0,0,1.011693,0,0,0,0,0,4,0,0,0.605427,0,0,0,5,42,0,2,1,0,0,0,0,0,11,0,0,0,0,0,5,1.02,6,6,0,0,0,0.188386,0,0,0,0.226957,0,2,0,0,0.031097,0
org.apache.lucene.search.highlight.SpanGradientFormatter,0,0,0,0,0,0.149619,0,0,0,2.6757,0,0,0,0,0,2,0,0,0.655435,0,0,0,2,42,14,1,2,0,0,0,0,0,10,0,0,0,0,0,2,0,2,2,0,0,0,0.047591,0,0,0,0,3,1,0,0,0,0
org.apache.lucene.search.highlight.SpanScorer,1,0,0,0,0,0.082497,0,0,0,1.670295,0,0,0,0,0,14,0,0,1.548801,0,0,0,10,95,0,9,1,1,0,0,16,0,31,0,0,0,0,0,11,1.02,7,7,0,0,0,0.517687,0,0,0,0.226957,0,8,0,0,0.273383,0
org.apache.lucene.search.highlight.TextFragment,0,0,0.081606,0,0,0.001582,0,1.01,0,1.543304,0,0,0,0,0,7,0,0,1.169512,0,0,0,0,38,0,6,1,5,0,0,3,0,9,0,0,0,0,0,5,0,5,0,0,0,1.01,0.346995,0,0,0,0,0,5,0.081654,0,0.242286,0
org.apache.lucene.search.highlight.TokenGroup,0,0.010257,0.00999,0,1.03,0.125508,0,1.01,0,3.689936,0,0,0,0,0,10,0,0,1.963825,0,0,0,1,74,0,9,1,5,0,0,14,0,15,0,0.01375,0.023205,0,1.04,6,1.01,9,1,0,0,1.01,0.521637,0,0,0,0.226957,0,6,0.009566,2.12,0.273376,0
org.apache.lucene.search.highlight.TokenSources,0,0.041537,0,0,0,0.021344,0.049615,0,0,2.744474,0,0,1.03,0,0,9,0,0,1.799126,0,0,1.03,8,125,0,8,1,0,0,0,28,0,31,0.045041,0,0.218829,0,1.18,8,2.05,0,0,1.03,0,0,0.528181,0,0,0,0.271433,0,8,0,2.23,0.273376,0.046677
org.apache.lucene.search.highlight.WeightedSpanTerm,0,0,0,0,0,0.038064,0,0,0,0.387226,0,0,0,0,0,7,0,0,0.155779,0,0,0,2,34,2,5,2,3,0,0,2,0,13,0,0,0,0,0,5,0,2,1,0,0,0,0.032269,0,0,0,0,4,5,0,0,0.000006,0
org.apache.lucene.search.highlight.WeightedSpanTermExtractor,6,0.280486,0,0,0,0.244106,0,0,0,2.34487,0,0,0,0,0,13,0,0,1.841637,0,0,0,25,256,0,11,1,1,0,0,9,0,81,0,0,0.250163,0,1.04,26,0,5,5,0,0,0,0.585144,0,0,0,0,0,5,0,2.04,0.273466,0
org.apache.lucene.search.highlight.WeightedTerm,0,0,0.081606,0,0,0.002104,0,1.03,0,1.543304,0,0,0,0,1,5,0,0,1.169512,1.01,0,0,0,26,0,4,1,5,0,0,2,0,5,0,0,0,0,0,5,0,2,0,0,0,1.03,0.346995,0,0,0,0,0,4,0.081654,0,0.242286,0
org.apache.lucene.search.payloads.BoostingTermQuery,0,0,0,0,0,0.261493,0,0,0,4.019514,0,0,0,0,0,3,0,0,1.262193,0,0,0,5,15,1,2,4,0,0,0,1,0,7,0,0,0,0,0,5,0,0,0,0,0,0,0.172044,1.01,0,0.245121,0,17,1,0,0,0.000072,0
org.apache.lucene.search.payloads.PayloadHelper,0,0,0,0,0,0.006604,0,0,0,1.283069,0,0,0,3,0,2,0,0,1.393021,0,0,0,9,26,0,1,1,0,0,0,0,0,14,0,0,0,0,0,9,0,6,3,0,0,0,0.485418,0,0,0,0,0,1,0,0,0.273376,0
org.apache.lucene.search.payloads.PayloadSpanUtil,2,0,0,0,0,0.009724,0,0,0,1.283069,0,0,0,0,0,4,0,0,1.393021,0,0,0,16,107,0,3,1,0,0,0,3,0,34,0,0,0,0,0,16,0,1,1,0,0,0,0.485418,0,0,0,0,0,1,0,0,0.273376,0
org.apache.lucene.search.regex.JakartaRegexpCapabilities,0,0,0,0,0,0.051511,0,0,0,2.081682,0,0,0,0,0,6,0,0,0.507527,0,0,0,2,23,0,5,1,0,0,0,0,0,13,0,0,0,0,0,2,0,1,1,0,0,0,0.034711,0,0,0,0,0,5,0,0,0,0
org.apache.lucene.search.regex.JavaUtilRegexCapabilities,0,0,0,0,0,0.050173,0,0,0,2.081682,0,0,0,0,0,6,0,0,0.507527,0,0,0,1,22,0,5,1,2,0,0,0,0,12,0,0,0,0,0,3,0,1,1,0,0,0,0.034711,0,0,0,0,0,5,0,0,0,0
org.apache.lucene.search.regex.RegexCapabilities,0,0,0,0,0,0.029611,0,0,0,3.087542,0,0,0,0,0,3,0,0,0.812483,0,0,0,0,5,0,3,0,6,0,0,3,0,3,0,0,0,0,0,6,0,0,0,0,0,0,0.073184,0,0,0,0,0,3,0,0,0,0
org.apache.lucene.search.regex.RegexQuery,0,0.005669,0,0,1.01,0.068488,0.013569,0,0.013699,2.081682,0,0,1.03,0,0,6,0,1.01,0.507527,0,0,1.03,8,28,0,5,3,1,0,0,0,0,18,0.013569,0.013699,0.012812,1.03,1.01,9,1.08,1,1,1.03,0,1.03,0.034711,1.01,0.012522,0,0.012976,13,4,0.012751,1.14,0,0.013569
org.apache.lucene.search.regex.RegexQueryCapable,0,0,0,0,0,0.019047,0,0,0,2.630042,0,0,0,0,0,2,0,0,0.654229,0,0,0,1,4,0,2,0,2,0,0,1,0,2,0,0,0,0,0,3,0,0,0,0,0,0,0.047767,0,0,0,0,0,2,0,0,0,0
org.apache.lucene.search.regex.RegexTermEnum,0,0,0,0,0,0.057353,0,0,0.013699,2.973415,0,0,0,0,0,5,0,1.01,0.713675,0,0,0,5,36,0,4,3,1,0,0,2,0,16,0,0,0.012812,1.01,0,6,2.05,4,4,0,0,1.01,0.046505,0,0.012522,0,0.025519,5,3,0.012751,1.04,0,0
org.apache.lucene.search.regex.SpanRegexQuery,0,0,0,0,1.01,0.075815,0.231475,0,0.013699,3.250602,0,0,2.03,0,0,12,0,1.01,1.082889,0,0,2.03,17,66,0,11,3,0,0,0,0,0,37,0.226643,0.013699,0.189842,2.04,0,17,2.07,2,2,2.03,0,2.04,0.197991,0,0.260094,0,0.239934,10,11,0.259403,2.16,0.03109,0.22682
org.apache.lucene.search.similar.MoreLikeThis,5,0,0.012372,1.01,1.02,0.340453,0.01091,1.01,0,2.958107,0,1.01,2.06,10,0,40,0,1.01,1.876701,0,0,2.07,18,364,0,38,1,1,0,0,541,0,104,0.01091,0,0.012843,3.03,3.77,19,5.15,22,12,2.07,0,4.04,0.544079,0,0.039579,0,0.34295,0,33,0.048443,3.49,0.273448,0.01091
org.apache.lucene.search.similar.MoreLikeThisQuery,0,0.037541,0,0,2.02,0.047578,0.026603,0,0,2.43738,0,0,2.04,0,0,19,0,0,1.40523,0,0,2.04,6,100,0,18,2,1,0,0,99,0,31,0.027513,0.036313,0.033133,1.01,2.5,7,2.06,8,3,2.04,0,1.01,0.367997,0,0.014711,0,0.036595,10,18,0.014466,2.23,0.242286,0.027513
org.apache.lucene.search.similar.SimilarityQueries,0,0,0,0,0,0.028317,0,0,0,2.339004,0,0,0,0,0,2,0,0,0.863399,0,0,0,8,33,0,1,1,0,0,0,0,0,14,0,0,0.17703,1.01,0,8,1.01,0,0,0,0,1.01,0.183454,0,0.014711,0,0.226957,0,1,0.014466,1.01,0.03109,0
org.apache.lucene.search.spans.NearSpansOrdered,5,0.207394,0,0,1.01,0.124641,0.217907,0,0.243494,2.005621,0,0,1.02,0,0,15,0,1.01,0.802045,0,0,1.02,6,182,0,14,1,1,0,0,27,0,36,0.213074,0.244556,0.17703,1.01,1.11,6,1.09,12,12,1.02,0,1.01,0.183545,0,0.247572,0,0.226957,0,8,0.246652,1.16,0.03109,0.213252
org.apache.lucene.search.spans.NearSpansUnordered,7,0.207394,0,0,0,0.083431,0.217907,0,0,2.285507,0,0,1.02,0,0,16,0,0,28.930331,0,0,1.02,6,150,0,15,1,1,0,0,39,0,42,0.213074,0,0.17703,0,1.15,6,1.06,10,10,1.02,0,0,0.463431,0,0,0,0.226957,0,8,0,1.19,0.310976,0.213252
org.apache.lucene.search.spans.PayloadSpans,0,0,0,0,0,0.003341,0,0,0,0.624467,0,0,0,0,0,2,0,0,0.449648,0,0,0,1,4,0,2,0,11,0,0,1,0,2,0,0,0,0,0,12,0,0,0,0,0,0,0.156117,0,0,0,0,0,2,0,0,0.03109,0
org.apache.lucene.search.spans.SpanFirstQuery,0,0.0125,0.012372,0,0,0.105921,0.258773,1.01,0,3.837902,0,0,4.05,0,0,12,0,0,1.217471,0,0,4.05,6,59,0,11,3,1,0,0,0,0,28,0.253377,0,0.225583,2.02,1.01,7,5.13,2,2,4.05,0,3.03,0.205483,3.03,0.260468,0.037666,0.278414,9,11,0.27176,5.34,0.03109,0.253554
org.apache.lucene.search.spans.SpanNearQuery,0,0.009782,0.398335,0,0,0.167263,0.256285,7.08,0,4.973897,0,0,4.05,0,0,13,0,0,1.486566,0,0,4.05,9,108,0,12,3,7,0,0,0,0,47,0.25082,0,0.238418,3.03,1.05,14,7.17,4,4,4.05,0,8.1,0.222485,3.03,0.274778,0.037666,0.304363,9,12,0.406653,6.48,0.03109,0.250997
org.apache.lucene.search.spans.SpanNotQuery,0,0.0125,0.012372,0,0,0.150316,0.258773,1.01,0,4.239463,0,0,4.05,0,0,12,0,0,1.314389,0,0,4.05,6,66,0,11,3,1,0,0,0,0,29,0.253377,0,0.225583,2.02,1.01,7,5.13,2,2,4.05,0,3.03,0.211857,3.03,0.260468,0.037666,0.278414,9,11,0.27176,5.39,0.03109,0.253554
org.apache.lucene.search.spans.SpanOrQuery,0,0,0.365152,0,0,0.139228,0.245204,5.06,0,5.050166,0,0,4.05,0,0,11,0,0,1.522713,0,0,4.05,6,91,0,10,3,7,0,0,0,0,41,0.239809,0,0.212771,2.02,0,13,5.15,2,2,4.05,0,6.08,0.228503,3.03,0.260468,0.037666,0.265438,9,10,0.376225,5.42,0.03109,0.239986
org.apache.lucene.search.spans.SpanQuery,0,0.207394,0.414692,0,0,0.009335,0.217907,7.16,0,2.655747,0,0,1.01,0,6,6,0,0,0.93942,1.01,0,1.01,7,11,0,5,2,23,0.012059,0,10,0,7,0.213074,0,0.17703,1.01,1.04,29,1.01,0,0,1.01,0,7.17,0.188728,1.01,0.247572,0.010279,0.226957,11,4,0.409137,1.03,0.03109,0.213252
org.apache.lucene.search.spans.SpanScorer,0,0,0,0,0,0.068623,0,0,0.020422,3.110968,0,2.02,1.01,0,0,7,0.036131,1.08,1.578465,0,0,1.01,5,65,0,6,3,1,0,1.01,0,0,21,0.014234,0,0.012563,0,0,6,1.01,8,0,0,0.055556,0,0.381408,0,0,0,0.013863,3,5,0,1.08,0.242286,0.014234
org.apache.lucene.search.spans.SpanTermQuery,0,0,0.389502,0,0,0.093124,0.243614,6.08,0.020422,4.753323,0,0,3.04,0,1,10,0,1.01,1.442667,1.01,0,3.04,9,39,0,9,3,8,0,0,0,0,27,0.238218,0,0.231108,4.05,0,17,5.14,1,0,3.04,0,8.13,0.221917,2.02,0.271704,0.025166,0.286673,10,9,0.411256,5.2,0.03109,0.238395
org.apache.lucene.search.spans.SpanWeight,0,0,0,0,0,0.051167,0,0,0.020422,3.291022,0,0,0,0,0,7,0,1.07,0.810226,0,0,0,12,87,0,6,1,1,0,0,0,0,38,0,0,0.033257,2.02,0,12,2.06,7,0,0,0,2.02,0.057577,0,0.027108,0,0.027858,0,6,0.025327,3.04,0,0
org.apache.lucene.search.spans.Spans,0,0,0.167851,0,0,0.001321,0,5.05,0,0.884702,0,0,0,0,0,5,0,0,0.226138,0,0,0,0,7,0,5,0,14,0,0,10,0,5,0,0,0,0,0,14,0,0,0,0,0,5.05,0.017694,0,0,0,0,0,5,0.163465,0,0,0
org.apache.lucene.search.spans.TermSpans,0,0,0,0,0,0.088116,0.217907,0,0,1.100953,0,0,1.02,0,0,10,0,0,0.578807,0,0,1.02,4,66,0,9,1,1,0,0,0,0,20,0.213074,0,0.17703,0,0,5,1.06,6,0,1.02,0,0,0.168029,0,0,0,0.226957,0,9,0,1.08,0.03109,0.213252
org.apache.lucene.search.spell.Dictionary,0,0,0,0,0,0.0037,0,0,0,2.803478,0,0,0,0,0,1,0,0,0.740608,0,0,0,0,3,0,1,0,3,0,0,0,0,1,0,0,0,0,0,3,0,0,0,0,0,0,0.064625,0,0,0,0,0,1,0,0,0,0
org.apache.lucene.search.spell.JaroWinklerDistance,1,0,0,0,0,0.05918,0,0,0,0.498804,0,0,0,0,0,5,0,0,0.23973,0,0,0,1,76,0,4,1,0,0,0,4,0,11,0,0,0,0,0,1,0,1,1,0,0,0,0.062351,0,0,0,0,0,3,0,0,0.000455,0
org.apache.lucene.search.spell.LevensteinDistance,0,0,0,0,0,0.039951,0,0,0,2.697623,0,0,0,0,0,2,0,0,0.901541,0,0,0,1,40,0,1,1,1,0,0,0,0,6,0,0,0,0,0,2,0,0,0,0,0,0,0.15477,0,0,0,0,0,1,0,0,0.000538,0
org.apache.lucene.search.spell.LuceneDictionary,0,0,0,0,0,0.116767,0,0,0,5.337803,0,0,0,0,0,2,0,1.02,1.615068,0,0,0,2,11,0,1,1,0,0,0,0,0,4,0,0,0.009187,0,0,2,1.01,2,2,0,0,0,0.242051,0,0,0,0.013995,0,1,0,1.01,0.03109,0
org.apache.lucene.search.spell.PlainTextDictionary,0,0,0,0,0,0.081711,0,0,0,4.707539,0,0,0,0,0,4,0,0,1.307061,0,0,1.01,1,17,0,1,1,0,0,0,0,0,8,0.026419,0,0.022802,2.02,0,1,1.01,3,3,0,0,2.02,0.145832,0,0.028343,0,0.024845,0,1,0.024835,1.03,0.000083,0
org.apache.lucene.search.spell.SpellChecker,7,0.170519,0,0,3.03,0.253812,0.2111,0,0.238176,9.997376,0,0,1.02,1,0,19,0,3.04,3.590406,0,0,1.03,21,190,0,17,1,0,0,0,104,0,60,0.118191,0.234372,0.316129,2.02,4.37,21,8.13,7,5,2.03,0,2.02,0.643862,0,0.137143,0,0.297001,0,10,0.137113,10.51,0.242896,0.119102
org.apache.lucene.search.spell.StringDistance,0,0,0,0,0,0.018494,0,0,0,0.498804,0,0,0,0,0,1,0,0,0.23973,0,0,0,0,3,0,1,0,3,0,0,0,0,1,0,0,0,0,0,3,0,0,0,0,0,0,0.062351,0,0,0,0,0,1,0,0,0.000455,0
org.apache.lucene.search.spell.SuggestWord,0,0,0,0,0,0.010566,0,0,0,3.458556,0,0,0,3,0,2,0,0,0.867133,0,0,0,0,20,0,1,1,2,0,0,0,0,2,0,0,0,0,0,2,0,3,0,0,0,0,0.065685,0,0,0,0,0,1,0,0,0,0
org.apache.lucene.search.spell.SuggestWordQueue,0,0,0,0,0,0.003193,0,0,0,2.188908,0,0,0,0,0,2,0,0,0.569122,0,0.047619,0,2,11,1,1,2,1,0,0,0,1.01,4,0,0,0.011507,0,0,3,0,0,0,0,0,0,0.047553,1.01,0,0.047619,0,9,0,0,1.01,0,0
org.apache.lucene.store.AlreadyClosedException,0,0,0.047619,0,0,0.00484,0,1.01,0,0.604854,0,0,0,0,0,1,0,0,0.162866,0,0,0,0,5,0,0,5,5,0,0,0,0,2,0,0,0,0,0,5,0,0,0,0,0,1.01,0.014753,0,0,0,0,0,0,0.047109,0,0,0
org.apache.lucene.store.BufferedIndexInput,2,0.168357,0.17575,1.01,1.01,0.088712,0.054082,7.13,0.296425,3.362693,0,1.01,3.05,1,1,15,0.022536,2.02,1.152822,3.03,0,3.06,1,124,0,13,2,8,0.066254,0,20,0,20,0.281652,0.026346,0.317598,1.01,3.2,9,3.07,6,4,2.03,0,7.12,0.201786,2.02,0.02719,0.082333,0.300096,10,8,0.177793,5.62,0.045098,0.283044
org.apache.lucene.store.BufferedIndexOutput,1,0.022868,0.110147,0,0,0.014025,0,6.08,0,3.360826,0,1.01,1.01,0,0,10,0.017296,0,0.857786,3.03,0,1.01,1,61,0,9,2,1,0.066254,0,18,0,11,0.022138,0,0.041712,0,3.16,2,2.02,4,3,0,0,6.08,0.067862,4.04,0,0.142463,0.036272,10,7,0.113213,3.29,0,0.023036
org.apache.lucene.store.ChecksumIndexInput,0,0,0,0,0,0.010565,0,0,0,0.396116,0,0,0,0,0,8,0,0,0.139783,0,0,0,1,33,0,7,2,1,0,0,0,0,18,0,0,0,0,0,2,0,2,0,0,0,0,0.023301,1.01,0,0.071429,0,10,7,0,0,0,0
org.apache.lucene.store.ChecksumIndexOutput,0,0,0,0,0,0.014725,0.089286,0,0,0.989268,0,0,1.02,0,0,11,0,0,0.387053,0,0,1.02,1,44,0,10,2,1,0,0,0,0,24,0.085694,0,0.077021,0,0,2,1.04,2,0,1.02,0,0,0.077224,0,0,0,0.078609,10,10,0,1.1,0.000027,0.085694
org.apache.lucene.store.Directory,0,0.179966,2.714366,0,2.02,0.078275,0.128753,26.4,0,6.034386,0,0,6.1,0,5,20,0,0,30.509755,1.01,0,6.1,6,81,0,19,1,51,0.013889,0,159,0,31,0.265165,0.018182,0.258393,4.05,7.27,57,7.21,2,0,5.09,0,30.45,0.770627,0,0.196998,0,0.275347,0,18,2.881207,7.69,0.52294,0.263543
org.apache.lucene.store.FSDirectory,2,0.189988,0.539423,0,3.05,0.58786,0.212687,12.13,0.084322,15.011678,0,1.01,8.15,1,3,27,0.022222,3.05,5.155466,1.01,0.161039,8.15,10,317,2,26,2,14,0,0,77,2.02,88,0.203448,0.101842,0.387474,9.12,10.15,23,15.34,9,8,8.14,0,18.24,0.862734,4.08,0.182028,0.196365,0.472508,6,24,0.677549,16.56,0.288151,0.202468
org.apache.lucene.store.GCJDirectory,0,0,0,0,0,0.001582,0,0,0,1.543304,0,0,0,0,0,2,0,0,1.169512,0,0.161039,0,3,9,3,1,3,0,0,0,0,2.02,8,0,0,0,1.01,0,3,0,0,0,0,0,1.01,0.346995,10.2,0.013632,0.393965,0,29,1,0.01037,0,0.242286,0
org.apache.lucene.store.GCJIndexInput,2,0,0,0,0,0.001582,0,0,0,1.543304,0,0,0,2,0,11,0,0,1.169512,0,0,0,1,30,0,10,2,2,0,0,43,0,12,0,0,0,0,0,3,0,6,4,0,0,0,0.346995,3.03,0,0.111645,0,8,8,0,0,0.242286,0
org.apache.lucene.store.IndexInput,1,0.082131,0.712939,0,1.02,0.01388,0.106332,13.2,0.068511,2.445078,0,1.01,3.04,0,7,18,0.071429,1.02,0.687873,5.05,0,3.04,0,99,0,17,1,43,0.175069,0,130,0,21,0.10601,0.067258,0.096219,0,3.54,43,3.05,3,3,3.03,0,13.2,0.075657,0,0,0,0.104059,0,16,0.719176,3.33,0.000001,0.106852
org.apache.lucene.store.IndexOutput,0,0.10471,0.372948,0,2.03,0.019553,0.138904,9.16,0.109152,3.182598,0,0,4.04,0,5,18,0,2.03,0.955408,4.04,0,4.04,2,94,0,17,1,30,0.108403,0,136,0,23,0.129402,0.1079,0.178897,2.02,4.58,32,5.07,3,3,4.04,0,11.18,0.118967,0,0.112244,0,0.193325,0,17,0.491292,5.39,0.000001,0.13246
org.apache.lucene.store.Lock,0,0,0.198417,1.01,2.02,0.026838,0,10.23,0,4.111816,0,0,0,2,6,5,0,0,1.071798,3.05,0,0,1,36,0,4,1,19,0.03312,0,6,0,12,0,0.058267,0.049423,1.01,0,20,3.03,3,0,0,0,11.24,0.092375,0,0.022186,0,0.056945,0,4,0.239156,2.13,0,0
org.apache.lucene.store.LockFactory,0,0,0.098436,0,0,0.045245,0,4.04,0,2.612681,0,0,0,0,5,5,0,0,0.694249,2.02,0,0,1,11,0,4,1,8,0.056268,0,4,0,5,0,0,0,0,0,9,0,1,0,0,0,4.04,0.061757,0,0,0,0,0,4,0.098547,0,0,0
org.apache.lucene.store.LockObtainFailedException,0,0,0.032448,0,0,0.009626,0,1.01,0,0.428222,0,0,0,0,0,1,0,0,0.113845,0,0,0,0,5,0,0,4,5,0,0,0,0,2,0,0,0,0,0,5,0,0,0,0,0,1.01,0.009959,0,0,0,0,0,0,0.032182,0,0,0
org.apache.lucene.store.LockReleaseFailedException,0,0,0,0,0,0.010915,0,0,0,0.542577,0,0,0,0,0,1,0,0,0.170704,0,0,0,0,5,0,0,4,2,0,0,0,0,2,0,0,0,0,0,2,0,0,0,0,0,0,0.022607,0,0,0,0,0,0,0,0,0,0
org.apache.lucene.store.LockVerifyServer,1,0,0,0,0,0.036837,0,0,0,1.462741,0,0,0,0,0,3,0,0,0.457564,0,0,0,0,47,0,2,1,0,0,0,1,0,19,0,0,0.034334,0,0,0,0,0,0,0,0,0,0.059908,0,0,0,0,0,1,0,1.01,0,0
org.apache.lucene.store.MMapDirectory,0,0.020168,0,0,0,0.011934,0.029805,0,0,2.511261,0,0,1.01,0,0,3,0,0,0.642184,0,0.161039,1.01,2,17,3,2,3,0,0,0,1,2.02,10,0.028105,0,0.024076,1.01,1.01,2,1.01,1,1,1.01,0,1.01,0.051381,11.21,0.013632,0.425374,0.029757,28,2,0.01037,1.03,0,0.029109
org.apache.lucene.store.MockRAMDirectory,2,0.051488,0.021389,0,3.07,0.098693,0.147532,1.01,0.045787,5.69672,0,1.02,3.13,0,0,27,0.047034,1.02,1.792794,0,0.142857,3.13,7,212,4,23,3,2,0,0,179,2.02,71,0.091722,0.088488,0.242337,1.02,4.44,7,5.41,11,2,4.11,0,1.02,0.247299,4.07,0.023226,0.094876,0.150182,15,19,0.022415,8.45,0.000027,0.090245
org.apache.lucene.store.MockRAMInputStream,0,0,0,0,0,0.042533,0,0,0,1.484347,0,0,0,0,0,3,0,0,0.442245,0,0,0,4,31,1,2,3,1,0,1.01,0,0,11,0,0,0.040771,0,0,4,0,3,3,0,0.025641,0,0.053228,3.04,0,0.125432,0,14,2,0,1.02,0,0
org.apache.lucene.store.MockRAMOutputStream,0,0.0599,0,0,1.01,0.027277,0.074046,0,0,2.666409,0,0,2.02,0,0,5,0,0,0.78744,0,0,2.02,4,51,1,4,3,1,0,1.01,0,0,14,0.06773,0.022152,0.10553,0,2.02,4,2.04,3,2,2.02,0.025641,0,0.092965,5.06,0,0.114523,0.066246,16,4,0,3.12,0,0.069625
org.apache.lucene.store.NIOFSDirectory,0,0,0,0,0,0.026999,0,0,0,0.333215,0,0,0,0,0,2,0,0,0.30239,0,0,0,3,6,3,1,3,0,0,0,0,0,6,0,0,0,0,0,3,0,0,0,0,0,0,0.111072,0,0,0,0,29,1,0,0,0.045096,0
org.apache.lucene.store.NativeFSLock,0,0,0,0,0,0.218747,0,0,0,3.703892,0,0,0,0,0,6,0,0,1.015393,0,0.041262,0,2,117,3,5,2,1,0,0,0,1.01,26,0,0,0.046891,1.01,0,3,1.01,6,6,0,0,1.01,0.098541,0,0.040815,0,0.01719,1,5,0.039278,2.07,0,0
org.apache.lucene.store.NativeFSLockFactory,1,0,0.021389,1.01,1.01,0.218747,0,1.01,0,3.703892,0.021739,0,1.01,0,0,7,0,0,1.015393,0,0,2.03,3,54,1,4,2,1,0,0,0,0,22,0.041751,0.021295,0.036511,0,0,4,2.08,1,1,0,0,1.01,0.098541,0,0,0,0.037734,2,2,0.022415,2.23,0,0.020774
org.apache.lucene.store.NoLock,0,0,0,0,0,0.036598,0,0,0,1.648137,0,0,0,0,0,5,0,0,0.421335,0,0.060493,0,1,13,3,4,2,1,0,0,6,2.02,5,0,0,0,0,0,2,0,0,0,0,0,0,0.03301,0,0,0,0,1,4,0,0,0,0
org.apache.lucene.store.NoLockFactory,0,0,0,0,0,0.036598,0,0,0,1.648137,0,0,0,0,0,4,0,0,0.421335,0,0,0,3,11,1,3,2,1,0,0,3,0,5,0,0,0,0,0,4,0,2,2,0,0,0,0.03301,0,0,0,0,2,3,0,0,0,0
org.apache.lucene.store.RAMDirectory,0,0,0.43616,0,3.06,0.08656,0.056171,10.13,0.047605,7.580727,0,0,5.06,0,1,16,0,4.07,2.057728,1.01,0.161039,5.06,9,130,2,11,2,10,0.020136,0,0,2.02,40,0.218584,0.048323,0.267079,6.06,0,18,6.24,3,1,3.04,0,15.18,0.204499,6.11,0.232219,0.282482,0.2287,9,11,0.614759,11.13,0.000768,0.220632
org.apache.lucene.store.RAMFile,0,0.057685,0.042219,0,2.03,0.012107,0,2.03,0.069416,3.443302,0,0,3.09,0,0,11,0,3.03,0.945317,0,0,3.1,1,50,0,9,1,6,0,0,24,0,16,0.075002,0.027916,0.081614,1.01,3.24,6,3.13,6,3,0,0,2.03,0.093246,0,0.017857,0,0.071119,0,0,0.043246,4.45,0,0.077068
org.apache.lucene.store.RAMInputStream,1,0.018362,0.021389,0,1.05,0.068479,0.024431,1.01,0.023875,4.46735,0,1.01,1.03,0,1,8,0.023546,1.04,1.265604,1.01,0.024267,1.03,3,71,0,7,2,2,0,1.01,0,1.01,12,0.022689,0.022152,0.063379,1.01,1.04,5,1.05,8,7,1.02,0.025641,2.02,0.135132,4.07,0.022179,0.136336,0.021771,10,6,0.046673,2.38,0,0.022948
org.apache.lucene.store.RAMOutputStream,2,0.018362,0.139062,0,1.05,0.08509,0.18583,4.07,0.023875,6.76242,0,1.02,2.06,0,1,14,0.023546,1.04,2.23108,1.01,0.024267,2.06,2,102,0,12,2,9,0.020136,1.01,0,1.01,25,0.149226,0.022152,0.309432,1.01,1.01,11,3.05,7,6,2.04,0.025641,3.06,0.367301,5.08,0.02719,0.167155,0.120608,10,10,0.113799,4.4,0.049441,0.149485
org.apache.lucene.store.SimpleFSLock,0,0,0,0,0,0.129115,0,0,0,4.053263,0,0,0,0,0,5,0,0,1.130381,0,0.060493,0,2,29,3,4,2,1,0,0,0,2.02,14,0,0,0.032272,1.01,0,3,1.01,2,0,0,0,1.01,0.115823,0,0.040815,0,0.033765,1,4,0.039278,1.01,0,0
org.apache.lucene.store.SimpleFSLockFactory,0,0,0,1.01,1.01,0.129115,0,0,0,4.053263,0.021739,0,0,0,0,6,0,0,1.130381,0,0,2.02,3,33,1,3,2,1,0,0,0,0,12,0.041751,0.021295,0.053663,0,0,4,3.08,1,1,0,0,0,0.115823,0,0,0,0.052049,2,2,0,3.14,0,0
org.apache.lucene.store.SingleInstanceLock,0,0,0,0,0,0.050599,0,0,0,2.126216,0,0,0,0,0,5,0,0,0.575978,0,0.060493,0,1,26,3,4,2,1,0,0,0,2.02,8,0,0,0,0,0,2,0,2,1,0,0,0,0.05474,0,0,0,0,1,4,0,0,0,0
org.apache.lucene.store.SingleInstanceLockFactory,0,0,0,0,0,0.050599,0,0,0,2.126216,0,0,0,0,0,3,0,0,0.575978,0,0,0,3,13,1,2,2,1,0,0,0,0,7,0,0,0.01858,0,0,4,1.02,1,1,0,0,0,0.05474,0,0,0,0.019093,2,2,0,1.04,0,0
org.apache.lucene.store.VerifyingLockFactory,0,0,0,0,0,0.04537,0,0,0,1.115347,0,0,0,0,0,3,0,0,0.34447,0,0,0,2,19,1,2,2,0,0,0,0,0,6,0,0,0,0,0,2,0,4,0,0,0,0,0.043821,0,0,0,0,2,2,0,0,0,0
org.apache.lucene.store._TestHelper,0,0,0,0,0,0.005317,0,0,0,1.916385,0,0,0,0,0,4,0,0,0.49542,0,0,0,1,22,0,3,1,0,0,0,3,0,5,0,0,0,1.01,0,1,0,0,0,0,0,1.01,0.041669,0,0.025451,0,0,0,3,0.02546,0,0,0
org.apache.lucene.store.db.Block,0,0,0,0,0,0.00319,0,0,0,2.015234,0,0,0,0,0,6,0,0,1.279858,0,0,0,3,55,0,5,1,2,0,0,0,0,16,0,0,0.007193,1.01,0,4,1.01,2,0,0,0,1.01,0.35355,0,0.010181,0,0.008917,0,0,0.010681,1.01,0.242286,0
org.apache.lucene.store.db.DbDirectory,0,0.008193,0.010699,0,1.01,0.004553,0.010541,1.04,0,2.579889,0,0,1.03,0,0,17,0,0,1.428844,0,0.161039,2.05,9,139,2,14,2,4,0,0,89,2.02,53,0.010071,0.011111,0.016779,1.01,1.89,10,2.12,5,0,1.03,0,2.02,0.366367,6.1,0,0.282482,0.018842,8,14,0.020781,2.29,0.242286,0.010449
org.apache.lucene.store.db.DbIndexInput,0,0,0,0,0,0.00319,0,0,0,2.015234,0,0,0,0,0,8,0,0,1.279858,0,0,0,5,95,0,7,2,1,0,0,0,0,21,0,0,0,0,0,5,0,5,0,0,0,0,0.35355,3.03,0,0.111645,0,9,7,0,0,0.242286,0
org.apache.lucene.store.db.DbIndexOutput,0,0,0,0,0,0.003709,0,0,0,2.620088,0,0,0,3,0,8,0,0,1.442724,0,0,0,4,95,0,7,2,3,0,0,0,0,22,0,0,0.020353,0,0,5,0,8,0,0,0,0,0.368302,4.04,0,0.142463,0,10,7,0,1.01,0.242286,0
org.apache.lucene.store.db.DbLock,0,0,0,0,0,0.002406,0,0,0,2.015234,0,0,0,0,0,4,0,0,1.279858,0,0.060493,0,1,18,3,3,2,1,0,0,0,2.02,4,0,0,0,0,0,2,0,1,0,0,0,0,0.35355,0,0,0,0,1,3,0,0,0.242286,0
org.apache.lucene.store.db.File,1,0,0.063121,0,0,0.068556,0,6.44,0,2.697783,0,0,0,0,0,11,0,0,1.449781,0,0,0,1,184,0,9,1,4,0,0,4,0,39,0,0,0.030058,1.01,0,4,1.01,7,0,0,0,6.44,0.365905,0,0.010181,0,0.008917,0,0,0.065212,3.19,0.242286,0
org.apache.lucene.store.db.SanityLoadLibrary,0,0,0,0,0,0.014498,0,0,0,0.61457,0,0,0,0,0,2,0,0,0.171486,0,0,0,0,7,0,1,1,0,0,0,0,0,4,0,0,0,0,0,0,0,0,0,0,0,0,0.017071,0,0,0,0,0,1,0,0,0,0
org.apache.lucene.store.instantiated.FieldSetting,0,0,0,0,0,0.032232,0,0,0,0.498804,0,0,0,0,0,4,0,0,0.23973,0,0,0,0,27,0,2,1,4,0,0,0,0,7,0,0,0,0,0,4,0,9,0,0,0,0,0.062351,0,0,0,0,0,2,0,0,0.000455,0
org.apache.lucene.store.instantiated.FieldSettings,0,0,0,0,0,0.050197,0,0,0,0.498804,0,0,0,0,0,5,0,0,0.23973,0,0,0,1,54,0,4,1,3,0,0,0,0,12,0,0,0,0,0,4,0,1,1,0,0,0,0.062351,0,0,0,0,0,0,0,0,0.000455,0
org.apache.lucene.store.instantiated.InstantiatedDocument,0,0,0,0,0,0.005751,0,0,0,0.521578,0,0,0,0,0,8,0,0,0.192555,0,0,0,2,31,0,6,1,8,0,0,9,0,10,0,0,0,0,0,9,0,4,4,0,0,0,0.034772,0,0,0,0,0,5,0,0,0,0
org.apache.lucene.store.instantiated.InstantiatedIndex,0,0.070206,0,0,1.01,0.069069,0,0,0.125,1.678984,0,0,1.01,0,0,20,0,1.01,1.375659,0,0,1.01,20,216,0,17,1,4,0,0,106,0,83,0.118191,0.125,0.106122,1.02,1.14,22,1.03,8,8,0,0,1.02,0.426423,0,0.121128,0,0.102188,0,9,0.121049,1.53,0.242741,0.119102
org.apache.lucene.store.instantiated.InstantiatedIndexReader,0,0.070206,0,0,0,0.118308,0,0,0,1.678984,0,0,0,0,0,29,0,0,1.375659,0,0.243307,0,22,204,2,28,2,5,0,0,326,1.01,76,0,0,0.106122,1.02,1.02,23,1.01,4,4,0,0,1.02,0.426423,3.07,0.121128,0.80969,0.102188,44,23,0.121049,1.15,0.242741,0
org.apache.lucene.store.instantiated.InstantiatedIndexWriter,0,0,0,0,0,0.135457,0,0,0,2.303451,0,0,0,0,0,24,0,0,1.825307,0,0,0,20,364,0,21,1,1,0,0,186,0,135,0,0,0.283152,1.02,0,20,2.07,10,10,0,0,1.02,0.58254,0,0.121128,0,0.329145,0,20,0.121049,2.1,0.273832,0
org.apache.lucene.store.instantiated.InstantiatedTerm,0,0,0,0,0,0.018199,0,0,0,0.521578,0,0,0,2,0,16,0,0,0.192555,0,0,0,3,98,0,15,1,7,0,0,85,0,24,0,0,0,0,0,9,0,6,4,0,0,0,0.034772,0,0,0,0,0,14,0,0,0,0
org.apache.lucene.store.instantiated.InstantiatedTermDocs,0,0,0,0,0,0.012542,0,0,0,1.020382,0,0,0,0,1,9,0,0,0.432285,0,0,0,8,70,0,8,1,2,0,0,12,0,19,0,0,0,0,0,9,0,4,2,0,0,0,0.097122,0,0,0,0,0,8,0,0,0.000455,0
org.apache.lucene.store.instantiated.InstantiatedTermDocumentInformation,0,0,0,0,0,0.010119,0,0,0,0.521578,0,0,0,3,0,10,0,0,0.192555,0,0,0,3,48,0,9,1,10,0,0,28,0,12,0,0,0,0,0,11,0,9,6,0,0,0,0.034772,0,0,0,0,0,5,0,0,0,0
org.apache.lucene.store.instantiated.InstantiatedTermEnum,0,0,0,0,0,0.008991,0,0,0,1.020382,0,0,0,0,0,7,0,0,0.432285,0,0,0,6,51,0,5,2,1,0,0,0,0,14,0,0,0,0,0,6,0,3,3,0,0,0,0.097122,0,0,0,0,0,5,0,0,0.000455,0
org.apache.lucene.store.instantiated.InstantiatedTermFreqVector,0,0,0,0,0,0.008153,0,0,0,0.521578,0,0,0,0,1,9,0,0,0.192555,0,0,0,4,60,0,8,1,1,0,0,12,0,22,0,0,0,0,0,5,0,5,5,0,0,0,0.034772,0,0,0,0,0,8,0,0,0,0
org.apache.lucene.store.instantiated.InstantiatedTermPositionVector,0,0,0,0,0,0.003421,0,0,0,0.521578,0,0,0,0,0,3,0,0,0.192555,0,0,0,5,14,0,2,2,1,0,0,1,0,8,0,0,0,0,0,6,0,1,1,0,0,0,0.034772,0,0,0,0,8,2,0,0,0,0
org.apache.lucene.store.instantiated.InstantiatedTermPositions,0,0,0,0,0,0.00728,0,0,0,0.521578,0,0,0,0,0,7,0,0,0.192555,0,0,0,4,37,2,6,2,1,0,0,0,0,13,0,0,0,0,0,4,0,1,1,0,0,0,0.034772,0,0,0,0,6,6,0,0,0,0
org.apache.lucene.store.je.Block,0,0,0,0,0,0.036314,0,0,0,2.015234,0,0,0,0,0,6,0,0,1.279858,0,0,0,3,43,0,5,1,2,0,0,0,0,14,0,0,0,0,0,4,0,2,0,0,0,0,0.35355,0,0,0,0,0,0,0,0,0.242286,0
org.apache.lucene.store.je.File,1,0,0,0,0,0.18458,0,0,0,2.328583,0,0,0,0,0,11,0,0,1.35492,0,0,0,1,152,0,9,1,4,0,0,4,0,38,0,0,0.013279,0,0,4,0,7,0,0,0,0,0.35837,0,0,0,0,0,0,0,1.05,0.242286,0
org.apache.lucene.store.je.JEDirectory,0,0,0,0,0,0.093836,0,0,0,2.210689,0,0,0,0,0,15,0,0,1.333983,0,0.161039,0,8,100,2,13,2,4,0,0,76,2.02,50,0,0,0,0,0,9,0,5,0,0,0,0,0.358832,6.1,0,0.282482,0,8,13,0,0,0.242286,0
org.apache.lucene.store.je.JEIndexInput,0,0,0,0,0,0.057335,0,0,0,2.015234,0,0,0,0,0,8,0,0,1.279858,0,0,0,5,79,0,7,2,1,0,0,0,0,22,0,0,0,0,0,5,0,5,0,0,0,0,0.35355,3.03,0,0.111645,0,9,7,0,0,0.242286,0
org.apache.lucene.store.je.JEIndexOutput,0,0,0,0,0,0.060738,0,0,0,2.620088,0,0,0,3,0,8,0,0,1.442724,0,0,0,4,78,0,7,2,3,0,0,0,0,22,0,0,0.020353,0,0,5,0,8,0,0,0,0,0.368302,4.04,0,0.142463,0,10,7,0,1.01,0.242286,0
org.apache.lucene.store.je.JELock,0,0,0,0,0,0.022713,0,0,0,2.015234,0,0,0,0,0,4,0,0,1.279858,0,0.060493,0,1,18,3,3,2,1,0,0,0,2.02,4,0,0,0,0,0,2,0,1,0,0,0,0,0.35355,0,0,0,0,1,3,0,0,0.242286,0
org.apache.lucene.swing.models.BaseListModel,0,0,0,0,0,0.008859,0,0,0,1.208609,0,0,0,0,0,5,0,0,1.06443,0,0,0,0,22,0,4,2,1,0,0,0,0,13,0,0,0,0,0,1,0,1,1,0,0,0,0.335152,0,0,0,0,0,4,0,0,0.242286,0
org.apache.lucene.swing.models.BaseTableModel,0,0,0,0,0,0.014492,0,0,0,1.208609,0,0,0,0,0,10,0,0,1.06443,0,0,0,1,62,0,9,2,1,0,0,22,0,26,0,0,0,0,0,2,0,2,2,0,0,0,0.335152,0,0,0,0,0,9,0,0,0.242286,0
org.apache.lucene.swing.models.DataStore,1,0,0,0,0,0.026616,0,0,0,1.82402,0,0,0,0,0,3,0,0,1.210274,0,0,0,1,156,0,2,1,2,0,0,1,0,15,0,0,0,0,0,3,0,19,4,0,0,0,0.344202,0,0,0,0,0,1,0,0,0.242286,0
org.apache.lucene.swing.models.ListSearcher,6,0,0,0,0,0.035321,0,0,0,3.021859,0,0,0,0,0,12,0,0,1.535354,0,0,0,13,104,0,11,2,1,0,0,1,0,47,0,0,0.012175,2.02,0,14,1.01,8,8,0,0,2.02,0.376514,0,0.030726,0,0.013676,0,5,0.03053,1.01,0.242286,0
org.apache.lucene.swing.models.ListSearcherSimulator,0,0,0,0,0,0.017222,0,0,0,1.82402,0,0,0,0,0,2,0,0,1.210274,0,0,0,4,34,0,1,1,0,0,0,0,0,25,0,0,0,2.02,0,4,0,0,0,0,0,2.02,0.344202,0,0.059597,0,0,0,1,0.054609,0,0.242286,0
org.apache.lucene.swing.models.RestaurantInfo,0,0,0,0,0,0.012629,0,0,0,1.208609,0,0,0,0,0,18,0,0,1.06443,0,0,0,0,61,0,17,1,2,0,0,120,0,18,0,0,0,0,0,2,0,8,8,0,0,0,0.335152,0,0,0,0,0,17,0,0,0.242286,0
org.apache.lucene.swing.models.TableSearcher,5,0,0,0,0,0.052438,0,0,0,3.311757,0,0,0,0,0,18,0,0,1.559464,0,0,0,13,128,0,17,2,1,0,0,0,0,59,0,0,0.012175,2.02,0,14,1.01,7,6,0,0,2.02,0.36538,0,0.030726,0,0.013676,0,12,0.03053,1.01,0.242286,0
org.apache.lucene.swing.models.TableSearcherSimulator,0,0,0,0,0,0.010471,0,0,0,1.208609,0,0,0,0,0,2,0,0,1.06443,0,0,0,3,36,0,1,1,0,0,0,0,0,25,0,0,0,2.02,0,3,0,0,0,0,0,2.02,0.335152,0,0.059597,0,0,0,1,0.054609,0,0.242286,0
org.apache.lucene.util.ArrayUtil,0,0.207394,0.248375,0,0,0.010257,0.217907,1.02,0,1.269331,0,0,1.02,0,0,14,0,0,0.809219,0,0,1.02,0,84,0,13,1,7,0,0,78,0,15,0.213074,0,0.17703,0,1.23,7,1.02,0,0,1.02,0,1.02,0.263594,0,0,0,0.226957,0,13,0.246652,1.12,0.035435,0.213252
org.apache.lucene.util.BitUtil,0,0,0,0,0,0.111412,0,0,0,0.4575,0,0,0,1,0,14,0,0,0.158254,0,0,0,0,543,0,13,1,1,0,0,76,0,14,0,0,0,0,0,1,0,1,0,0,0,0,0.025417,0,0,0,0,0,13,0,0,0,0
org.apache.lucene.util.BitVector,5,0,0.362429,0,0,0.020088,0.076525,3.03,0,2.830599,0,1.05,2.06,0,0,14,0,0,0.802812,0,0,2.06,3,147,0,12,1,5,0,0,0,0,27,0.079929,0,0.101938,0,0,8,3.11,4,4,1.01,0,3.03,0.088752,0,0,0,0.110937,0,7,0.360487,3.75,0.000006,0.079929
org.apache.lucene.util.CloseableThreadLocal,0,0,0,0,0,0.027953,0,0,0,0.658602,0,0,0,0,0,5,0,0,0.943374,0,0,0,0,38,0,4,1,3,0,0,0,0,19,0,0,0,0,0,3,0,2,2,0,0,0,0.329301,0,0,0,0,0,3,0,0,0.242286,0
org.apache.lucene.util.Constants,0,0,0.070872,0,0,0.005072,0,2.02,0,1.722351,0,0,0,8,0,1,0,0,0.448741,0,0,0,0,11,0,0,1,1,0,0,0,0,3,0,0,0,0,0,1,0,8,0,0,0,2.02,0.038139,0,0,0,0,0,0,0.070087,0,0,0
org.apache.lucene.util.DocIdBitSet,0,0,0,0,0,0.010737,0,0,0,0.4575,0,0,0,0,0,3,0,0,0.158254,0,0,0,2,12,0,2,2,3,0,0,0,0,4,0,0,0,0,0,5,0,1,1,0,0,0,0.025417,0,0,0,0,0,2,0,0,0,0
org.apache.lucene.util.English,0,0,0.248375,0,0,0.001321,0,1.01,0,0.884702,0,0,0,0,0,4,0,0,0.226138,0,0,0,0,79,0,3,1,1,0,0,3,0,9,0,0,0,0,0,1,0,0,0,0,0,1.01,0.017694,0,0,0,0,0,3,0.246652,0,0,0
org.apache.lucene.util.LuceneTestCase,0,0,0,0,0,0.067669,0,0,0,1.175553,0,0,0,0,2,4,0,0,0.38691,0,0,0,1,17,0,2,2,2,0,0,1,0,10,0,0,0.040771,0,0,3,1.01,0,0,0,0,0,0.056622,0,0,0,0.045698,0,0,0,1.01,0,0
org.apache.lucene.util.OpenBitSet,0,0,0.095331,0,0,0.110109,0,1.05,0,1.449317,0,0,0,0,1,55,0,0,1.404017,1.01,0,0,4,381,0,52,2,11,0,0,0,0,68,0,0,0,0,0,14,0,2,0,0,0,1.05,0.465789,0,0,0,0,0,51,0.095364,0,0.287382,0
org.apache.lucene.util.OpenBitSetDISI,0,0,0,0,0,0.009267,0,0,0,0.674574,0,0,0,0,0,6,0,0,0.292837,0,0,0,2,40,2,4,3,2,0,0,6,0,16,0,0,0,0,0,4,0,0,0,0,0,0,0.067457,0,0,0,0,52,4,0,0,0.000083,0
org.apache.lucene.util.OpenBitSetIterator,1,0,0,0,0,0.024123,0,0,0,0.4575,0,0,0,0,0,6,0,0,0.158254,0,0,0,2,77,0,4,2,1,0,0,0,0,8,0,0,0,0,0,2,0,8,7,0,0,0,0.025417,0,0,0,0,0,3,0,0,0,0
org.apache.lucene.util.Parameter,1,0,0,0,0,0.018596,0,0,0,1.294995,0,0,0,0,0,5,0,0,0.316233,0,0,0,0,26,0,3,1,0,0,0,1,0,12,0,0,0,0,0,0,0,2,1,0,0,0,0.022013,0,0,0,0,0,1,0,0,0,0
org.apache.lucene.util.PriorityQueue,2,0,0.078626,0,0,0.023339,0.045655,5.05,0.045914,1.376719,0,0,1.01,0,8,13,0,1.01,0.38772,0,0,1.01,0,92,0,12,1,25,0,0,0,0,13,0.042421,0,0.041216,0,0,25,1.01,3,2,1.01,0,5.05,0.041123,0,0,0,0.04307,0,8,0.080192,1.04,0,0.045912
org.apache.lucene.util.ScorerDocQueue,4,0,0,0,0,0.058745,0,0,0,1.276477,0,0,0,0,0,16,0,0,0.325285,0,0,0,2,115,0,15,1,1,0,0,0,0,23,0,0,0,1.01,0,3,0,4,4,0,0,1.01,0.025228,0,0.054568,0,0,0,11,0.054469,0,0,0
org.apache.lucene.util.SmallFloat,0,0,0.011341,0,0,0.052117,0,1.01,0,2.224909,0,0,0,0,0,7,0,0,1.442358,0,0,0,0,56,0,6,1,1,0,0,15,0,9,0,0,0,0,0,1,0,0,0,0,0,1.01,0.408553,0,0,0,0,0,6,0.012304,0,0.242369,0
org.apache.lucene.util.SortedVIntList,2,0,0.095331,0,0,0.030398,0,1.02,0,0.4575,0,0,0,0,0,10,0,0,0.158254,0,0,0,3,66,0,5,2,2,0,0,2,0,19,0,0,0,0,0,5,0,7,6,0,0,1.02,0.025417,0,0,0,0,0,3,0.095364,0,0,0
org.apache.lucene.util.StringHelper,0,0.050014,0.048775,0,0,0.006582,0.071429,1.01,0,1.40126,0,0,1.01,0,0,3,0,0,0.421821,0,0,1.01,0,22,0,2,1,1,0,0,1,0,5,0.069266,0,0.061449,0,1.01,1,1.01,0,0,1.01,0,1.01,0.054591,0,0,0,0.067366,0,2,0.048357,1.07,0.000001,0.069266
org.apache.lucene.util.ToStringUtils,0,0,0.051205,0,0,0.031022,0,3.04,0,2.38761,0,0,0,0,0,2,0,0,0.607918,0,0,0,0,7,0,1,1,18,0,0,0,0,3,0,0,0,0,0,18,0,0,0,0,0,3.04,0.048144,0,0,0,0,0,1,0.051208,0,0,0
org.apache.lucene.util.UnicodeUtil,0,0,0.126854,0,0,0.138347,0,1.01,0,0.516557,0,0,0,5,0,5,0,0,0.195683,0,0,0,0,187,0,4,1,8,0,0,6,0,7,0,0,0,0,0,8,0,9,4,0,0,1.01,0.036897,0,0,0,0,0,4,0.135115,0,0.000001,0
org.apache.lucene.util._TestUtil,0,0.052657,0,0,0,0.023128,0.07369,0,0,3.500448,0,0,2.03,0,0,6,0,0,29.893587,0,0,2.03,5,35,0,5,1,0,0,0,10,0,21,0.076255,0,1.148074,4.07,2.09,5,4.13,0,0,2.03,0,4.07,0.728793,0,1.568762,0,1.05473,0,5,1.584854,4.19,0.522199,0.076255
org.apache.lucene.util.cache.Cache,0,0,0,0,0,0.009634,0,0,0,0.674574,0,0,0,0,1,7,0,0,0.292837,0,0,0,0,12,0,6,1,5,0,0,15,0,8,0,0,0,0,0,5,0,0,0,0,0,0,0.067457,0,0,0,0,0,5,0,0,0.000083,0
org.apache.lucene.util.cache.SimpleLRUCache,0,0,0,0,0,0.004496,0,0,0,0.674574,0,0,0,0,0,1,0,0,0.292837,0,0,0,1,11,1,0,3,1,0,0,0,0,4,0,0,0,0,0,2,0,2,2,0,0,0,0.067457,0,0,0,0,7,0,0,0,0.000083,0
org.apache.lucene.util.cache.SimpleMapCache,0,0,0,0,0,0.009175,0,0,0,0.674574,0,0,0,0,1,8,0,0,0.292837,0,0,0,1,26,0,6,2,1,0,0,3,0,14,0,0,0,0,0,2,0,1,0,0,0,0,0.067457,0,0,0,0,1,5,0,0,0.000083,0
org.apache.lucene.wikipedia.analysis.WikipediaTokenizer,4,0.041537,0,3.24,3.27,0.121516,0,0,0.047902,2.065549,0.115459,1.04,1.04,34,0,10,0.046677,1.03,0.959999,0,0,1.05,4,172,1,8,3,1,0,0,8,0,42,0.045041,0.155493,0.333843,0,1.04,4,1.25,38,4,0,0,0,0.24211,0,0,0,0.044475,2,3,0,5.31,0.031093,0.046677
org.apache.lucene.wikipedia.analysis.WikipediaTokenizerImpl,11,0.041537,0,0,1.01,0.340709,0.049615,0,0.047902,1.441082,0,0,1.02,30,0,27,0,1.01,0.510351,0,0,1.02,2,687,0,25,1,1,0,0,196,0,37,0.045041,0.042025,0.108783,0,1.27,2,1.03,64,34,1.01,0,0,0.085993,0,0,0,0.044475,0,12,0,2.39,0.000002,0.046677
org.apache.lucene.wordnet.SynExpand,0,0,0,0,0,0.233884,0,0,0,2.866062,0,0,0,0,0,3,0,0,0.98564,0,0,0,15,63,0,2,1,0,0,0,1,0,31,0,0,0.17703,0,0,15,1.01,0,0,0,0,0,0.192491,0,0,0,0.226957,0,2,0,1.01,0.03109,0
org.apache.lucene.wordnet.SynLookup,0,0.008512,0,0,0,0.243626,0.010204,0,0,2.185691,0,0,1.01,0,0,3,0,0,0.834444,0,0,1.01,14,70,0,2,1,0,0,0,1,0,29,0.010204,0,0.184055,1.06,1.01,14,2.16,0,0,1.01,0,1.06,0.184932,0,0,0,0.233743,0,2,0.009566,2.45,0.03109,0.010204
org.apache.lucene.wordnet.Syns2Index,4,0.008512,0.00999,1.02,1.04,0.22591,0,1.02,0,3.865253,0,0,0,2,0,6,0,1.02,1.743936,0,0,0,6,164,0,5,1,2,0,0,4,0,48,0,0.007367,0.400231,2.02,1.06,8,2.07,5,3,0,0,3.04,0.393128,0,0.029647,0,0.466391,0,1,0.036,2.12,0.242286,0
org.apache.lucene.xmlparser.CoreParser,1,0,0,1.01,1.01,0.042761,0,0,0,4.74873,0.021739,0,0,1,1,8,0,0,1.988126,0,0,1.02,26,98,0,5,1,1,0,0,8,0,36,0.044075,0.021295,0.083032,4.04,0,27,3.05,5,0,0,0,4.04,0.415425,0,0.063551,0,0.078787,0,4,0.066015,4.2,0.242286,0
org.apache.lucene.xmlparser.CorePlusExtensionsParser,0,0,0,0,0,0.019239,0,0,0,2.713455,0,0,0,0,0,3,0,0,0.74145,0,0.020875,1.02,13,22,5,0,2,0,0,0,0,1.01,12,0.044075,0,0.078336,2.02,0,13,3.04,0,0,0,0,2.02,0.07439,0,0.048019,0,0.095436,4,0,0.050845,3.1,0,0
org.apache.lucene.xmlparser.DOMUtils,1,0.002693,0.111148,0,0,0.090551,0.009559,5.05,0,2.616621,0,0,1.05,0,0,18,0,0,0.697918,0,0,1.05,2,205,0,17,1,21,0,0,136,0,46,0,0,0.029701,1.01,1.7,23,2.1,0,0,1.05,0,6.06,0.068372,0,0.014706,0,0.10005,0,16,0.125212,2.55,0.000072,0
org.apache.lucene.xmlparser.FilterBuilder,0,0,0.073123,0,0,0.01185,0,3.03,0,1.846539,0,0,0,0,0,1,0,0,1.238421,0,0,0,2,3,0,1,0,9,0,0,0,0,1,0,0,0,0,0,11,0,0,0,0,0,3.03,0.350743,0,0,0,0,0,1,0.072584,0,0.242286,0
org.apache.lucene.xmlparser.FilterBuilderFactory,0,0,0.021739,0,0,0.017793,0.019483,1.01,0,2.249898,0,0,1.01,0,0,4,0,0,1.343768,0,0,1.01,3,19,0,3,1,4,0,0,0,0,10,0.020456,0,0.01858,0,0,7,1.01,1,0,1.01,0,1.01,0.359511,0,0,0,0.019093,0,3,0.021739,1.04,0.242286,0.019924
org.apache.lucene.xmlparser.ParserException,0,0,0.103631,0,0,0.018867,0,5.06,0,1.846539,0,0,0,0,0,4,0,0,1.238421,0,0,0,0,14,0,0,3,30,0,0,0,0,8,0,0,0,0,0,30,0,0,0,0,0,5.06,0.350743,0,0,0,0,0,0,0.10299,0,0.242286,0
org.apache.lucene.xmlparser.QueryBuilder,0,0,0.052191,0,0,0.011263,0,3.03,0,1.846539,0,0,0,0,0,1,0,0,1.238421,0,0,0,2,3,0,1,0,15,0,0,0,0,1,0,0,0,0,0,17,0,0,0,0,0,3.03,0.350743,0,0,0,0,0,1,0.051549,0,0.242286,0
org.apache.lucene.xmlparser.QueryBuilderFactory,0,0,0.021739,0,0,0.018311,0.019483,1.01,0,2.249898,0,0,1.01,0,0,4,0,0,1.343768,0,0,1.01,3,19,0,3,1,3,0,0,0,0,10,0.020456,0,0.01858,0,0,6,1.01,1,0,1.01,0,1.01,0.359511,0,0,0,0.019093,0,3,0.021739,1.04,0.242286,0.019924
org.apache.lucene.xmlparser.QueryTemplateManager,0,0.009509,0,0,1.02,0.117024,0.022654,0,0,1.508562,0,0,1.07,0,0,16,0,0,1.167116,0,0,1.08,2,111,0,14,1,0,0,0,73,0,43,0.020105,0.022727,0.01788,0,1.54,2,1.12,4,0,1.07,0,0,0.348342,0,0,0,0.018824,0,14,0,1.52,0.242286,0.020341
org.apache.lucene.xmlparser.builders.BooleanFilterBuilder,0,0,0,0,0,0.057987,0,0,0,2.12196,0,0,0,0,0,2,0,0,1.309673,0,0,0,8,24,0,1,1,1,0,0,0,0,13,0,0,0.014992,0,0,9,1.02,1,1,0,0,0,0.356429,0,0,0,0.015801,0,1,0,1.04,0.242286,0
org.apache.lucene.xmlparser.builders.BooleanQueryBuilder,0,0,0.014649,0,0,0.04642,0,1.01,0,4.161915,0,1.01,0,0,0,3,0.011965,0,1.798263,0,0,0,6,57,0,2,1,2,0,0,1,0,21,0,0,0.037619,0,0,8,2.04,1,1,0,0,1.01,0.387828,0,0,0,0.029797,0,1,0.01411,3.12,0.242286,0
org.apache.lucene.xmlparser.builders.BoostingQueryBuilder,0,0,0,0,0,0.037792,0,0,0,1.803348,0,0,0,0,0,2,0,0,0.440891,0,0,0,5,22,0,1,1,1,0,0,0,0,8,0,0,0.011121,0,0,6,1.01,2,1,0,0,0,0.030492,0,0,0,0.012307,0,1,0,1.16,0,0
org.apache.lucene.xmlparser.builders.CachedFilterBuilder,0,0,0,0,0,0.076627,0,0,0,2.462227,0,0,0,0,0,2,0,0,1.490352,0,0,0,10,48,0,1,1,1,0,0,0,0,12,0,0,0.040771,0,0,11,0,4,4,0,0,0,0.398935,0,0,0,0,0,1,0,1.08,0.242286,0
org.apache.lucene.xmlparser.builders.ConstantScoreQueryBuilder,0,0,0,0,0,0.021221,0,0,0,1.803348,0,0,0,0,0,2,0,0,0.440891,0,0,0,7,15,0,1,1,1,0,0,0,0,7,0,0,0.011121,0,0,8,1.01,1,1,0,0,0,0.030492,0,0,0,0.012307,0,1,0,1.04,0,0
org.apache.lucene.xmlparser.builders.DuplicateFilterBuilder,0,0,0,0,0,0.029196,0,0,0,1.231372,0,0,0,0,0,2,0,0,1.11714,0,0,0,5,35,0,1,1,1,0,0,0,0,9,0,0,0,0,0,6,0,0,0,0,0,0,0.350515,0,0,0,0,0,1,0,0,0.242286,0
org.apache.lucene.xmlparser.builders.FilteredQueryBuilder,0,0,0,0,0,0.03107,0,0,0,1.820663,0,0,0,0,0,2,0,0,1.232813,0,0,0,7,20,0,1,1,1,0,0,0,0,9,0,0,0,0,0,8,0,2,2,0,0,0,0.350499,0,0,0,0,0,1,0,0,0.242286,0
org.apache.lucene.xmlparser.builders.FuzzyLikeThisQueryBuilder,0,0,0,0,0,0.017309,0,0,0,1.187937,0,0,0,0,0,2,0,0,0.295047,0,0,0,6,30,0,1,1,1,0,0,0,0,14,0,0,0,0,0,7,0,5,1,0,0,0,0.021442,0,0,0,0,0,1,0,0,0,0
org.apache.lucene.xmlparser.builders.LikeThisQueryBuilder,0,0,0,0,0,0.071293,0,0,0,3.413042,0,0,0,0,0,2,0,0,1.944348,0,0,0,8,57,0,1,1,1,0,0,0,0,27,0,0,0.210163,1.02,0,9,3.13,5,1,0,0,1.02,0.530979,0,0,0,0.263553,0,1,0.016041,3.32,0.273376,0
org.apache.lucene.xmlparser.builders.MatchAllDocsQueryBuilder,0,0,0,0,0,0.021031,0,0,0,1.103282,0,0,0,0,0,2,0,0,0.276449,0,0,0,4,7,0,1,1,1,0,0,0,0,3,0,0,0,0,0,5,0,0,0,0,0,0,0.020582,0,0,0,0,0,1,0,0,0,0
org.apache.lucene.xmlparser.builders.RangeFilterBuilder,0,0,0,0,0,0.015397,0,0,0,1.846539,0,0,0,0,0,2,0,0,1.238421,0,0,0,5,10,0,1,1,1,0,0,0,0,6,0,0,0,0,0,6,0,0,0,0,0,0,0.350743,0,0,0,0,0,1,0,0,0.242286,0
org.apache.lucene.xmlparser.builders.SpanBuilderBase,0,0,0,0,0,0.010805,0,0,0,1.187937,0,0,0,0,6,2,0,0,0.295047,0,0,0,4,7,0,1,1,6,0,0,0,0,3,0,0,0,0,0,10,0,0,0,0,0,0,0.021442,0,0,0,0,0,1,0,0,0,0
org.apache.lucene.xmlparser.builders.SpanFirstBuilder,0,0,0,0,0,0.014155,0,0,0,1.187937,0,0,0,0,0,2,0,0,0.295047,0,0,0,7,18,0,1,2,1,0,0,0,0,9,0,0,0,0,0,8,0,1,0,0,0,0,0.021442,0,0,0,0,1,1,0,0,0,0
org.apache.lucene.xmlparser.builders.SpanNearBuilder,0,0,0,0,0,0.019986,0,0,0,1.803348,0,0,0,0,0,2,0,0,0.440891,0,0,0,6,25,0,1,2,1,0,0,0,0,14,0,0,0.011121,0,0,7,1.02,1,0,0,0,0,0.030492,0,0,0,0.012307,1,1,0,1.04,0,0
org.apache.lucene.xmlparser.builders.SpanNotBuilder,0,0,0,0,0,0.030918,0,0,0,1.803348,0,0,0,0,0,2,0,0,0.440891,0,0,0,7,21,0,1,2,1,0,0,0,0,9,0,0,0.011121,0,0,8,1.01,1,0,0,0,0,0.030492,0,0,0,0.012307,1,1,0,1.14,0,0
org.apache.lucene.xmlparser.builders.SpanOrBuilder,0,0,0,0,0,0.015929,0,0,0,1.187937,0,0,0,0,0,2,0,0,0.295047,0,0,0,7,25,0,1,2,1,0,0,0,0,14,0,0,0,0,0,8,0,1,0,0,0,0,0.021442,0,0,0,0,1,1,0,0,0,0
org.apache.lucene.xmlparser.builders.SpanOrTermsBuilder,0,0,0,0,0,0.024773,0,0,0,2.427815,0,0,0,0,0,2,0,0,0.890539,0,0,0,11,31,0,1,2,1,0,0,0,0,20,0,0,0.188151,0,0,12,1.01,1,0,0,0,0,0.186609,0,0,0,0.226957,1,1,0,2.06,0.03109,0
org.apache.lucene.xmlparser.builders.SpanQueryBuilder,0,0,0,0,0,0.014058,0,0,0,1.846539,0,0,0,0,0,1,0,0,1.238421,0,0,0,3,3,0,1,0,7,0,0,0,0,1,0,0,0,0,0,10,0,0,0,0,0,0,0.350743,0,0,0,0,0,1,0,0,0.242286,0
org.apache.lucene.xmlparser.builders.SpanQueryBuilderFactory,0,0,0,0,0,0.015792,0,0,0,1.846539,0,0,0,0,0,4,0,0,1.238421,0,0,0,4,19,0,3,1,1,0,0,1,0,10,0,0,0,0,0,5,0,1,0,0,0,0,0.350743,0,0,0,0,0,3,0,0,0.242286,0
org.apache.lucene.xmlparser.builders.SpanTermBuilder,0,0,0,0,0,0.022855,0,0,0,1.803348,0,0,0,0,0,2,0,0,0.440891,0,0,0,7,11,0,1,2,1,0,0,0,0,8,0,0,0.011121,0,0,8,1.02,0,0,0,0,0,0.030492,0,0,0,0.012307,1,1,0,1.08,0,0
org.apache.lucene.xmlparser.builders.TermQueryBuilder,0,0,0,0,0,0.026961,0,0,0,2.46195,0,0,0,0,0,2,0,0,1.384265,0,0,0,6,9,0,1,1,1,0,0,0,0,8,0,0,0.011121,0,0,7,1.02,0,0,0,0,0,0.359793,0,0,0,0.012307,0,1,0,1.08,0.242286,0
org.apache.lucene.xmlparser.builders.TermsFilterBuilder,0,0,0,0,0,0.07626,0,0,0,3.838505,0,0,0,0,0,2,0,0,2.020892,0,0,0,9,36,0,1,1,1,0,0,0,0,14,0,0,0.200714,0,0,10,3.06,1,0,0,0,0,0.529626,0,0,0,0.253127,0,1,0,3.11,0.273376,0
org.apache.lucene.xmlparser.builders.TermsQueryBuilder,0,0,0,0,0,0.013858,0,0,0,2.612975,0,0,0,0,0,2,0,0,1.727911,0,0,0,11,36,0,1,1,1,0,0,0,0,21,0,0,0.17703,0,0,12,1.01,1,0,0,0,0,0.51062,0,0,0,0.226957,0,1,0,1.02,0.273376,0
org.apache.lucene.xmlparser.builders.UserInputQueryBuilder,0,0.097889,0,0,1.02,0.027003,0,0,0.045787,2.552498,0,0,1.01,0,0,4,0,1.02,1.537315,0,0,2.02,7,39,0,2,1,1,0,0,1,0,12,0.186933,0.046518,0.171866,1.01,1.01,8,2.04,3,2,0,0,1.01,0.418307,0,0.056527,0,0.184208,0,1,0.058039,2.23,0.243054,0.142857
org.apache.regexp.RegexpTunnel,0,0,0,0,0,0.021503,0,0,0,2.081682,0,0,0,0,0,2,0,0,0.507527,0,0,0,0,6,0,1,1,1,0,0,0,0,3,0,0,0,0,0,1,0,0,0,0,0,0,0.034711,0,0,0,0,0,1,0,0,0,0
org.tartarus.snowball.Among,0,0,0,0,0,0.005321,0,0,0,1.325935,0,0,0,6,0,1,0,0,0.646931,0,0,0,1,26,0,0,1,20,0,0,0,0,4,0,0,0,0,0,20,0,6,0,0,0,0,0.176159,0,0,0,0,0,0,0,0,0.03109,0
org.tartarus.snowball.SnowballProgram,0,0,0,0,0,0.006977,0,0,0,1.325935,0,0,0,0,19,28,0,0,0.646931,0,0,0,1,321,0,27,1,21,0,0,0,0,40,0,0,0,0,0,21,0,6,0,0,0,0,0.176159,0,0,0,0,0,3,0,0,0.03109,0
org.tartarus.snowball.ext.DanishStemmer,6,0,0,0,0,0.008426,0,0,0,0.624467,0,0,0,0,0,8,0,0,0.449648,0,0,0,2,324,6,7,2,0,0,0,0,0,21,0,0,0,0,0,2,0,8,8,0,0,0,0.156117,0,0,0,0,26,1,0,0,0.03109,0
org.tartarus.snowball.ext.DutchStemmer,10,0,0,0,0,0.000291,0,0,0,0.624467,0,0,0,0,0,12,0,0,0.449648,0,0,0,2,642,6,11,2,0,0,0,21,0,23,0,0,0,0,0,2,0,12,12,0,0,0,0.156117,0,0,0,0,26,1,0,0,0.03109,0
org.tartarus.snowball.ext.EnglishStemmer,16,0,0,0,0,0.035352,0,0,0,0.624467,0,0,0,0,0,18,0,0,0.449648,0,0,0,2,1016,6,17,2,0,0,0,86,0,31,0,0,0,0,0,2,0,17,17,0,0,0,0.156117,0,0,0,0,26,1,0,0,0.03109,0
org.tartarus.snowball.ext.FinnishStemmer,12,0,0,0,0,0.001743,0,0,0,0.624467,0,0,0,0,0,14,0,0,0.449648,0,0,0,2,811,6,13,2,0,0,0,4,0,27,0,0,0,0,0,2,0,18,18,0,0,0,0.156117,0,0,0,0,26,1,0,0,0.03109,0
org.tartarus.snowball.ext.FrenchStemmer,13,0,0,0,0,0.030557,0,0,0,0.624467,0,0,0,0,0,15,0,0,0.449648,0,0,0,2,1164,6,14,2,0,0,0,35,0,27,0,0,0,0,0,2,0,14,14,0,0,0,0.156117,0,0,0,0,26,1,0,0,0.03109,0
org.tartarus.snowball.ext.German2Stemmer,7,0,0,0,0,0.010945,0,0,0,0.624467,0,0,0,0,0,9,0,0,0.449648,0,0,0,2,562,6,8,2,0,0,0,16,0,20,0,0,0,0,0,2,0,12,12,0,0,0,0.156117,0,0,0,0,26,1,0,0,0.03109,0
org.tartarus.snowball.ext.GermanStemmer,7,0,0,0,0,0.010945,0,0,0,0.624467,0,0,0,0,0,9,0,0,0.449648,0,0,0,2,533,6,8,2,0,0,0,16,0,20,0,0,0,0,0,2,0,11,11,0,0,0,0.156117,0,0,0,0,26,1,0,0,0.03109,0
org.tartarus.snowball.ext.HungarianStemmer,15,0,0,0,0,0.056079,0,0,0,0.624467,0,0,0,0,0,17,0,0,0.449648,0,0,0,2,862,6,16,2,0,0,0,114,0,25,0,0,0,0,0,2,0,14,14,0,0,0,0.156117,0,0,0,0,26,1,0,0,0.03109,0
org.tartarus.snowball.ext.ItalianStemmer,11,0,0,0,0,0.011526,0,0,0,0.624467,0,0,0,0,0,13,0,0,0.449648,0,0,0,2,949,6,12,2,0,0,0,44,0,24,0,0,0,0,0,2,0,14,14,0,0,0,0.156117,0,0,0,0,26,1,0,0,0.03109,0
org.tartarus.snowball.ext.KpStemmer,17,0,0,0,0,0.000291,0,0,0,0.624467,0,0,0,0,0,19,0,0,0.449648,0,0,0,2,1644,6,18,2,0,0,0,77,0,34,0,0,0,0,0,2,0,19,19,0,0,0,0.156117,0,0,0,0,26,1,0,0,0.03109,0
org.tartarus.snowball.ext.LovinsStemmer,33,0,0,0,0,0.13626,0,0,0,0.939106,0,0,0,0,0,35,0,0,0.519063,0,0,0,2,1567,6,34,2,0,0,0,561,0,41,0,0,0,0,0,2,0,4,4,0,0,0,0.1595,0,0,0,0,26,1,0,0,0.03109,0
org.tartarus.snowball.ext.NorwegianStemmer,5,0,0,0,0,0.007894,0,0,0,0.624467,0,0,0,0,0,7,0,0,0.449648,0,0,0,2,277,6,6,2,0,0,0,0,0,17,0,0,0,0,0,2,0,7,7,0,0,0,0.156117,0,0,0,0,26,1,0,0,0.03109,0
org.tartarus.snowball.ext.PorterStemmer,12,0,0,0,0,0.000291,0,0,0,0.624467,0,0,0,0,0,14,0,0,0.449648,0,0,0,2,700,6,13,2,0,0,0,52,0,26,0,0,0,0,0,2,0,11,11,0,0,0,0.156117,0,0,0,0,26,1,0,0,0.03109,0
org.tartarus.snowball.ext.PortugueseStemmer,11,0,0,0,0,0.027606,0,0,0,0.939106,0,0,0,0,0,13,0,0,0.519063,0,0,0,2,900,6,12,2,0,0,0,46,0,22,0,0,0,0,0,2,0,13,13,0,0,0,0.1595,0,0,0,0,26,1,0,0,0.03109,0
org.tartarus.snowball.ext.RomanianStemmer,12,0,0,0,0,0.049589,0,0,0,0.624467,0,0,0,0,0,14,0,0,0.449648,0,0,0,2,845,6,13,2,0,0,0,42,0,25,0,0,0,0,0,2,0,11,11,0,0,0,0.156117,0,0,0,0,26,1,0,0,0.03109,0
org.tartarus.snowball.ext.RussianStemmer,11,0,0,0,0,0.025666,0,0,0,0.624467,0,0,0,0,0,13,0,0,0.449648,0,0,0,2,580,6,12,2,0,0,0,56,0,20,0,0,0,0,0,2,0,11,11,0,0,0,0.156117,0,0,0,0,26,1,0,0,0.03109,0
org.tartarus.snowball.ext.SpanishStemmer,11,0,0,0,0,0.013511,0,0,0,0.624467,0,0,0,0,0,13,0,0,0.449648,0,0,0,2,943,6,12,2,0,0,0,38,0,22,0,0,0,0,0,2,0,14,14,0,0,0,0.156117,0,0,0,0,26,1,0,0,0.03109,0
org.tartarus.snowball.ext.SwedishStemmer,5,0,0,0,0,0.001647,0,0,0,0.624467,0,0,0,0,0,7,0,0,0.449648,0,0,0,2,272,6,6,2,0,0,0,0,0,15,0,0,0,0,0,2,0,7,7,0,0,0,0.156117,0,0,0,0,26,1,0,0,0.03109,0
org.tartarus.snowball.ext.TurkishStemmer,41,0,0,0,0,0.151577,0,0,0,0.624467,0,0,0,0,0,43,0,0,0.449648,0,0,0,2,2392,6,42,2,0,0,0,805,0,54,0,0,0,0,0,2,0,34,34,0,0,0,0.156117,0,0,0,0,26,1,0,0,0.03109,0
